timestamp,symbol,type,price,size,bid,ask
1766134800005670724,AAPL,QUOTE,0.0,0,271.32,0.0
1766134800005693786,AAPL,QUOTE,0.0,0,271.46,0.0
1766134800005696100,AAPL,QUOTE,0.0,0,271.46,273.14
1766134800005697253,AAPL,QUOTE,0.0,0,271.65,273.14
1766134800005736592,AAPL,QUOTE,0.0,0,271.65,273.01
1766134800005740198,AAPL,QUOTE,0.0,0,271.65,273.0
1766134800005769985,AAPL,QUOTE,0.0,0,271.65,273.0
1766134800008249170,AAPL,QUOTE,0.0,0,271.89,273.0
1766134800008882215,AAPL,QUOTE,0.0,0,271.89,272.82
1766134800037310518,AAPL,TRADE,271.53,20,0.0,0.0
1766134800038006149,AAPL,TRADE,271.75,50,0.0,0.0
1766134800038019238,AAPL,TRADE,272.0,10,0.0,0.0
1766134800038274158,AAPL,TRADE,271.76,6,0.0,0.0
1766134800038478009,AAPL,TRADE,272.0,1,0.0,0.0
1766134800038742013,AAPL,TRADE,272.0,1,0.0,0.0
1766134800039376153,AAPL,TRADE,272.0,64,0.0,0.0
1766134800039383216,AAPL,TRADE,272.0,36,0.0,0.0
1766134800041917012,AAPL,QUOTE,0.0,0,271.89,272.0
1766134800042102968,AAPL,QUOTE,0.0,0,271.89,272.0
1766134800042128428,AAPL,QUOTE,0.0,0,271.89,272.0
1766134800042618482,AAPL,QUOTE,0.0,0,271.89,272.0
1766134800042782013,AAPL,QUOTE,0.0,0,271.89,272.0
1766134800042814894,AAPL,QUOTE,0.0,0,271.92,272.0
1766134800062208334,AAPL,TRADE,272.34,1,0.0,0.0
1766134800064392724,AAPL,QUOTE,0.0,0,272.2,272.0
1766134800103678846,AAPL,TRADE,272.0,162,0.0,0.0
1766134800103680077,AAPL,QUOTE,0.0,0,272.2,272.09
1766134800104046851,AAPL,TRADE,272.25,5,0.0,0.0
1766134800104050309,AAPL,QUOTE,0.0,0,271.92,272.09
1766134800104051997,AAPL,TRADE,272.22,3,0.0,0.0
1766134800104052055,AAPL,TRADE,272.2,1,0.0,0.0
1766134800104052254,AAPL,TRADE,272.2,100,0.0,0.0
1766134800104058253,AAPL,TRADE,272.18,50,0.0,0.0
1766134800104060160,AAPL,TRADE,272.04,3,0.0,0.0
1766134800183463747,AAPL,QUOTE,0.0,0,271.66,272.09
1766134800187047355,AAPL,TRADE,272.0,36,0.0,0.0
1766134800362191293,AAPL,QUOTE,0.0,0,271.78,272.09
1766134801007082272,AAPL,QUOTE,0.0,0,271.79,272.09
1766134801072755876,AAPL,TRADE,272.0,2,0.0,0.0
1766134801221954546,AAPL,QUOTE,0.0,0,271.79,272.09
1766134801221955756,AAPL,TRADE,272.09,1,0.0,0.0
1766134801264274005,AAPL,TRADE,272.09,50,0.0,0.0
1766134801445018292,AAPL,TRADE,272.09,1,0.0,0.0
1766134806256474931,AAPL,QUOTE,0.0,0,271.39,272.09
1766134806256533182,AAPL,TRADE,272.01,10,0.0,0.0
1766134806256560074,AAPL,TRADE,272.01,90,0.0,0.0
1766134806256560197,AAPL,TRADE,272.0,10,0.0,0.0
1766134806362949232,AAPL,QUOTE,0.0,0,271.79,272.09
1766134807444181093,AAPL,QUOTE,0.0,0,271.32,272.09
1766134807444192621,AAPL,QUOTE,0.0,0,271.7,272.09
1766134808335888513,AAPL,QUOTE,0.0,0,271.71,272.09
1766134808456722389,AAPL,QUOTE,0.0,0,271.32,272.09
1766134808456733955,AAPL,QUOTE,0.0,0,271.62,272.09
1766134808590076446,AAPL,QUOTE,0.0,0,271.64,272.09
1766134808869198463,AAPL,TRADE,272.09,1,0.0,0.0
1766134811359287710,AAPL,QUOTE,0.0,0,271.65,272.09
1766134814304545197,AAPL,TRADE,271.97,8,0.0,0.0
1766134818260394521,AAPL,QUOTE,0.0,0,271.32,272.09
1766134820778113724,AAPL,QUOTE,0.0,0,271.32,272.0
1766134821147747494,AAPL,TRADE,271.99,11,0.0,0.0
1766134821624828460,AAPL,TRADE,271.9,16,0.0,0.0
1766134821647659604,AAPL,TRADE,271.97,4,0.0,0.0
1766134825205408644,AAPL,QUOTE,0.0,0,271.28,272.0
1766134825223234944,AAPL,TRADE,271.97,5,0.0,0.0
1766134831560123586,AAPL,TRADE,271.97,5,0.0,0.0
1766134831560487448,AAPL,TRADE,271.97,44,0.0,0.0
1766134831560487848,AAPL,QUOTE,0.0,0,271.2,272.0
1766134831560848776,AAPL,TRADE,271.98,1,0.0,0.0
1766134831561546678,AAPL,TRADE,271.97,13,0.0,0.0
1766134831563215721,AAPL,TRADE,272.0,130,0.0,0.0
1766134831563253021,AAPL,TRADE,271.97,9,0.0,0.0
1766134831563271273,AAPL,TRADE,271.97,19,0.0,0.0
1766134831563273653,AAPL,TRADE,271.97,9,0.0,0.0
1766134831563283264,AAPL,TRADE,271.97,22,0.0,0.0
1766134831563291264,AAPL,QUOTE,0.0,0,271.2,272.09
1766134831563291553,AAPL,TRADE,271.97,23,0.0,0.0
1766134831563295181,AAPL,TRADE,272.0,50,0.0,0.0
1766134831563295232,AAPL,TRADE,272.0,30,0.0,0.0
1766134831563296557,AAPL,TRADE,272.0,20,0.0,0.0
1766134831563314203,AAPL,QUOTE,0.0,0,271.68,272.09
1766134831563380966,AAPL,QUOTE,0.0,0,271.2,272.09
1766134831564538507,AAPL,TRADE,272.0,1,0.0,0.0
1766134831564562231,AAPL,TRADE,272.0,9,0.0,0.0
1766134831564575070,AAPL,TRADE,272.0,3,0.0,0.0
1766134831564610465,AAPL,TRADE,272.0,1,0.0,0.0
1766134831564652663,AAPL,TRADE,272.0,3,0.0,0.0
1766134831564655995,AAPL,TRADE,272.0,2,0.0,0.0
1766134831564670761,AAPL,TRADE,272.0,1,0.0,0.0
1766134831608289411,AAPL,TRADE,271.98,1,0.0,0.0
1766134831829022136,AAPL,QUOTE,0.0,0,271.24,272.09
1766134834701065212,AAPL,TRADE,272.09,15,0.0,0.0
1766134834702955879,AAPL,TRADE,272.09,5,0.0,0.0
1766134834741397560,AAPL,TRADE,272.09,15,0.0,0.0
1766134842209084892,AAPL,QUOTE,0.0,0,271.3,272.09
1766134845510847248,AAPL,QUOTE,0.0,0,271.42,272.09
1766134851378294900,AAPL,TRADE,272.09,6,0.0,0.0
1766134851378440063,AAPL,TRADE,272.09,112,0.0,0.0
1766134851378441718,AAPL,QUOTE,0.0,0,271.42,272.19
1766134851378872797,AAPL,TRADE,272.1,1,0.0,0.0
1766134851378883187,AAPL,TRADE,272.1,11,0.0,0.0
1766134851378883748,AAPL,QUOTE,0.0,0,271.42,272.25
1766134851378935339,AAPL,TRADE,272.1,2,0.0,0.0
1766134851378995978,AAPL,TRADE,272.1,1,0.0,0.0
1766134851379137900,AAPL,TRADE,272.1,2,0.0,0.0
1766134851379187972,AAPL,TRADE,272.1,1,0.0,0.0
1766134851379197348,AAPL,TRADE,272.1,13,0.0,0.0
1766134856044763733,AAPL,TRADE,272.19,2,0.0,0.0
1766134856045192616,AAPL,TRADE,272.19,3,0.0,0.0
1766134856233584515,AAPL,TRADE,272.19,65,0.0,0.0
1766134856233585715,AAPL,QUOTE,0.0,0,271.42,272.4
1766134856233638646,AAPL,QUOTE,0.0,0,272.04,272.4
1766134856233763643,AAPL,QUOTE,0.0,0,271.42,272.4
1766134856236626855,AAPL,QUOTE,0.0,0,271.42,272.45
1766134859621021747,AAPL,TRADE,272.1,1,0.0,0.0
1766134859622807400,AAPL,TRADE,272.1,1,0.0,0.0
1766134860081687744,AAPL,TRADE,272.15,10,0.0,0.0
1766134860081705985,AAPL,TRADE,272.15,2,0.0,0.0
1766134860082092306,AAPL,QUOTE,0.0,0,271.42,272.4
1766134860082939751,AAPL,TRADE,272.15,2,0.0,0.0
1766134860083284738,AAPL,TRADE,272.15,1,0.0,0.0
1766134860083315622,AAPL,TRADE,272.15,1,0.0,0.0
1766134860083637133,AAPL,QUOTE,0.0,0,271.42,272.45
1766134860083638006,AAPL,TRADE,272.15,2,0.0,0.0
1766134860083675074,AAPL,TRADE,272.15,1,0.0,0.0
1766134860083676980,AAPL,TRADE,272.15,1,0.0,0.0
1766134860092176995,AAPL,QUOTE,0.0,0,271.5,272.45
1766134862031385921,AAPL,TRADE,272.22,2,0.0,0.0
1766134862654054412,AAPL,TRADE,272.25,50,0.0,0.0
1766134862654073935,AAPL,QUOTE,0.0,0,271.93,272.45
1766134862654098469,AAPL,QUOTE,0.0,0,271.65,272.45
1766134862654114781,AAPL,QUOTE,0.0,0,271.5,272.45
1766134862654193377,AAPL,TRADE,272.24,4,0.0,0.0
1766134862654424805,AAPL,QUOTE,0.0,0,271.65,272.45
1766134862654474861,AAPL,TRADE,272.2,40,0.0,0.0
1766134862654476097,AAPL,TRADE,272.21,26,0.0,0.0
1766134862654483877,AAPL,QUOTE,0.0,0,271.65,272.45
1766134862654511042,AAPL,QUOTE,0.0,0,271.65,272.45
1766134862654514462,AAPL,QUOTE,0.0,0,271.65,272.45
1766134862655338246,AAPL,QUOTE,0.0,0,271.5,272.45
1766134873758239864,AAPL,TRADE,272.28,6,0.0,0.0
1766134873758376279,AAPL,TRADE,272.31,4,0.0,0.0
1766134873758385736,AAPL,TRADE,272.32,10,0.0,0.0
1766134873758389484,AAPL,TRADE,272.34,1,0.0,0.0
1766134873758397913,AAPL,TRADE,272.45,33,0.0,0.0
1766134873758398403,AAPL,QUOTE,0.0,0,271.5,272.45
1766134873758697931,AAPL,TRADE,272.25,55,0.0,0.0
1766134873758700875,AAPL,TRADE,272.26,40,0.0,0.0
1766134873758700980,AAPL,TRADE,272.35,2,0.0,0.0
1766134873758701088,AAPL,TRADE,272.35,15,0.0,0.0
1766134873758704787,AAPL,TRADE,272.38,1,0.0,0.0
1766134873758708928,AAPL,TRADE,272.4,8,0.0,0.0
1766134873758792933,AAPL,QUOTE,0.0,0,272.13,272.45
1766134873758825311,AAPL,QUOTE,0.0,0,271.5,272.45
1766134874991403626,AAPL,TRADE,272.44,6,0.0,0.0
1766134874991544207,AAPL,TRADE,272.44,100,0.0,0.0
1766134874991550155,AAPL,TRADE,272.45,28,0.0,0.0
1766134874991842958,AAPL,TRADE,272.39,41,0.0,0.0
1766134876184300719,AAPL,TRADE,272.44,6,0.0,0.0
1766134876184453068,AAPL,TRADE,272.44,100,0.0,0.0
1766134876184455454,AAPL,TRADE,272.45,28,0.0,0.0
1766134876184741472,AAPL,TRADE,272.4,17,0.0,0.0
1766134876184743273,AAPL,TRADE,272.43,20,0.0,0.0
1766134876184743316,AAPL,TRADE,272.45,4,0.0,0.0
1766134876330139847,AAPL,QUOTE,0.0,0,271.6,272.45
1766134877392993881,AAPL,TRADE,272.45,6,0.0,0.0
1766134877393134981,AAPL,QUOTE,0.0,0,271.6,272.5
1766134877393135783,AAPL,TRADE,272.45,149,0.0,0.0
1766134877393432779,AAPL,TRADE,272.45,20,0.0,0.0
1766134877393492026,AAPL,QUOTE,0.0,0,272.2,272.5
1766134877393618051,AAPL,QUOTE,0.0,0,271.6,272.5
1766134877638686085,AAPL,TRADE,272.25,30,0.0,0.0
1766134877638687934,AAPL,TRADE,272.24,100,0.0,0.0
1766134877638687982,AAPL,TRADE,272.24,71,0.0,0.0
1766134881402045286,AAPL,TRADE,272.36,50,0.0,0.0
1766134881402187199,AAPL,TRADE,272.34,30,0.0,0.0
1766134881402191336,AAPL,TRADE,272.38,95,0.0,0.0
1766134883044748488,AAPL,TRADE,272.45,50,0.0,0.0
1766134883044901732,AAPL,TRADE,272.44,30,0.0,0.0
1766134883044904913,AAPL,TRADE,272.45,62,0.0,0.0
1766134883044913833,AAPL,TRADE,272.47,33,0.0,0.0
1766134883050797859,AAPL,TRADE,272.5,50,0.0,0.0
1766134883050819562,AAPL,QUOTE,0.0,0,272.2,272.5
1766134883050841343,AAPL,TRADE,272.47,20,0.0,0.0
1766134883050847921,AAPL,TRADE,272.5,180,0.0,0.0
1766134883050849135,AAPL,QUOTE,0.0,0,272.2,272.62
1766134883050879425,AAPL,QUOTE,0.0,0,271.94,272.62
1766134883050916099,AAPL,QUOTE,0.0,0,271.6,272.62
1766134883051126152,AAPL,QUOTE,0.0,0,271.94,272.62
1766134883051146668,AAPL,QUOTE,0.0,0,271.94,272.62
1766134883051155901,AAPL,QUOTE,0.0,0,271.94,272.62
1766134883051213028,AAPL,QUOTE,0.0,0,271.94,272.62
1766134883051499836,AAPL,QUOTE,0.0,0,271.94,272.5
1766134883052080952,AAPL,QUOTE,0.0,0,271.6,272.5
1766134893243509898,AAPL,TRADE,272.36,6,0.0,0.0
1766134893243786797,AAPL,TRADE,272.36,4,0.0,0.0
1766134918596844549,AAPL,TRADE,272.48,2,0.0,0.0
1766134933828486527,AAPL,TRADE,272.49,1,0.0,0.0
1766134966816788447,AAPL,QUOTE,0.0,0,271.8,272.5
1766134969971402934,AAPL,TRADE,272.46,6,0.0,0.0
1766134971842673350,AAPL,QUOTE,0.0,0,271.86,272.5
1766134973350459743,AAPL,QUOTE,0.0,0,271.91,272.5
1766134976799851180,AAPL,TRADE,272.46,34,0.0,0.0
1766134976799851711,AAPL,TRADE,272.49,26,0.0,0.0
1766134976800903804,AAPL,QUOTE,0.0,0,271.91,272.5
1766134976800903974,AAPL,TRADE,272.5,6,0.0,0.0
1766134976800905575,AAPL,TRADE,272.5,94,0.0,0.0
1766134976803783275,AAPL,QUOTE,0.0,0,271.86,272.5
1766134979094683478,AAPL,TRADE,272.5,60,0.0,0.0
1766134979095063601,AAPL,TRADE,272.49,33,0.0,0.0
1766134979095066160,AAPL,QUOTE,0.0,0,271.86,272.5
1766134979095066339,AAPL,TRADE,272.5,67,0.0,0.0
1766134979099204102,AAPL,QUOTE,0.0,0,271.91,272.5
1766134979399266600,AAPL,TRADE,272.5,46,0.0,0.0
1766134979399287281,AAPL,QUOTE,0.0,0,272.29,272.5
1766134979399307311,AAPL,QUOTE,0.0,0,272.1,272.5
1766134979399335238,AAPL,QUOTE,0.0,0,271.91,272.5
1766134979399625592,AAPL,QUOTE,0.0,0,272.1,272.5
1766134979399637987,AAPL,QUOTE,0.0,0,272.1,272.5
1766134979399644007,AAPL,TRADE,272.5,100,0.0,0.0
1766134979399644630,AAPL,QUOTE,0.0,0,272.1,272.62
1766134979399654616,AAPL,QUOTE,0.0,0,272.1,272.62
1766134979399736911,AAPL,QUOTE,0.0,0,272.1,272.62
1766134979400220258,AAPL,TRADE,272.5,8,0.0,0.0
1766134979400436584,AAPL,QUOTE,0.0,0,271.91,272.62
1766134979400458395,AAPL,TRADE,272.52,6,0.0,0.0
1766134979400687562,AAPL,QUOTE,0.0,0,271.91,272.5
1766134988350312090,AAPL,QUOTE,0.0,0,271.86,272.5
1766135018988128534,AAPL,TRADE,272.49,19,0.0,0.0
1766135023350172788,AAPL,QUOTE,0.0,0,271.8,272.5
1766135028350575994,AAPL,QUOTE,0.0,0,271.86,272.5
1766135029618948967,AAPL,TRADE,272.5,10,0.0,0.0
1766135029618949786,AAPL,QUOTE,0.0,0,271.86,272.5
1766135050636948289,AAPL,TRADE,272.49,2,0.0,0.0
1766135050637483157,AAPL,TRADE,272.5,6,0.0,0.0
1766135051443642462,AAPL,TRADE,272.5,7,0.0,0.0
1766135055588869727,AAPL,QUOTE,0.0,0,271.86,272.5
1766135057549661731,AAPL,TRADE,272.5,1,0.0,0.0
1766135065511596749,AAPL,TRADE,272.5,6,0.0,0.0
1766135065511697854,AAPL,TRADE,272.5,9,0.0,0.0
1766135065511969995,AAPL,TRADE,272.5,5,0.0,0.0
1766135073307201980,AAPL,TRADE,272.43,40,0.0,0.0
1766135073307203274,AAPL,TRADE,272.41,15,0.0,0.0
1766135073307247391,AAPL,TRADE,272.44,20,0.0,0.0
1766135073307595271,AAPL,TRADE,272.44,41,0.0,0.0
1766135080602384697,AAPL,QUOTE,0.0,0,271.86,272.5
1766135080605972309,AAPL,TRADE,272.4,100,0.0,0.0
1766135089580936657,AAPL,QUOTE,0.0,0,271.92,272.5
1766135100169949764,AAPL,TRADE,272.5,169,0.0,0.0
1766135100169951177,AAPL,QUOTE,0.0,0,271.92,272.62
1766135100170679611,AAPL,QUOTE,0.0,0,271.92,272.5
1766135101394532125,AAPL,TRADE,272.46,1,0.0,0.0
1766135102172588976,AAPL,QUOTE,0.0,0,271.92,272.5
1766135102172592589,AAPL,TRADE,272.5,20,0.0,0.0
1766135108179841562,AAPL,TRADE,272.5,5,0.0,0.0
1766135108179842799,AAPL,TRADE,272.5,1,0.0,0.0
1766135108179951777,AAPL,TRADE,272.5,6,0.0,0.0
1766135108179988792,AAPL,TRADE,272.5,163,0.0,0.0
1766135108179989050,AAPL,QUOTE,0.0,0,271.92,272.62
1766135108180057430,AAPL,TRADE,272.5,17,0.0,0.0
1766135108180295092,AAPL,TRADE,272.51,100,0.0,0.0
1766135108180304249,AAPL,TRADE,272.5,30,0.0,0.0
1766135108180363316,AAPL,TRADE,272.5,33,0.0,0.0
1766135108180885663,AAPL,QUOTE,0.0,0,271.92,272.62
1766135108202760829,AAPL,QUOTE,0.0,0,271.92,272.62
1766135128969388786,AAPL,QUOTE,0.0,0,271.98,272.62
1766135140914228541,AAPL,TRADE,272.5,3,0.0,0.0
1766135147331533377,AAPL,QUOTE,0.0,0,272.0,272.62
1766135156975000340,AAPL,TRADE,272.5,22,0.0,0.0
1766135159151517032,AAPL,TRADE,272.44,9,0.0,0.0
1766135160713809683,AAPL,TRADE,272.5,1,0.0,0.0
1766135160714088550,AAPL,TRADE,272.5,19,0.0,0.0
1766135160909591642,AAPL,TRADE,272.5,22,0.0,0.0
1766135192052390958,AAPL,TRADE,272.49,1,0.0,0.0
1766135192338531188,AAPL,QUOTE,0.0,0,272.0,272.62
1766135221674333945,AAPL,TRADE,272.45,100,0.0,0.0
1766135221674338124,AAPL,QUOTE,0.0,0,272.0,272.4
1766135221674338856,AAPL,TRADE,272.45,1,0.0,0.0
1766135221674338915,AAPL,TRADE,272.45,10,0.0,0.0
1766135221674339084,AAPL,TRADE,272.44,1,0.0,0.0
1766135221674340780,AAPL,TRADE,272.44,10,0.0,0.0
1766135221674346716,AAPL,TRADE,272.43,40,0.0,0.0
1766135221674346763,AAPL,TRADE,272.41,40,0.0,0.0
1766135221674398140,AAPL,TRADE,272.4,30,0.0,0.0
1766135221674424949,AAPL,TRADE,272.4,70,0.0,0.0
1766135221674424998,AAPL,TRADE,272.4,30,0.0,0.0
1766135221674430597,AAPL,TRADE,272.4,70,0.0,0.0
1766135221674430644,AAPL,TRADE,272.4,30,0.0,0.0
1766135221674437375,AAPL,TRADE,272.4,70,0.0,0.0
1766135221674438529,AAPL,TRADE,272.4,30,0.0,0.0
1766135221674467175,AAPL,TRADE,272.4,70,0.0,0.0
1766135221674467682,AAPL,TRADE,272.4,30,0.0,0.0
1766135221674484703,AAPL,TRADE,272.4,70,0.0,0.0
1766135221674484755,AAPL,TRADE,272.4,30,0.0,0.0
1766135221674489953,AAPL,TRADE,272.4,70,0.0,0.0
1766135221674490003,AAPL,TRADE,272.4,30,0.0,0.0
1766135221674498223,AAPL,QUOTE,0.0,0,272.0,272.62
1766135221674500104,AAPL,TRADE,272.4,70,0.0,0.0
1766135221674500236,AAPL,TRADE,272.4,5,0.0,0.0
1766135221674564664,AAPL,TRADE,272.4,100,0.0,0.0
1766135221674581806,AAPL,TRADE,272.35,1,0.0,0.0
1766135221674626773,AAPL,TRADE,272.4,7,0.0,0.0
1766135221674777637,AAPL,TRADE,272.38,100,0.0,0.0
1766135221674824812,AAPL,TRADE,272.4,86,0.0,0.0
1766135221674861741,AAPL,TRADE,272.4,25,0.0,0.0
1766135221674868727,AAPL,TRADE,272.4,75,0.0,0.0
1766135221675158685,AAPL,TRADE,272.4,10,0.0,0.0
1766135225461415305,AAPL,TRADE,272.42,40,0.0,0.0
1766135225461416671,AAPL,TRADE,272.46,9,0.0,0.0
1766135225461853512,AAPL,TRADE,272.43,1,0.0,0.0
1766135277103458766,AAPL,TRADE,272.46,5,0.0,0.0
1766135279551645662,AAPL,QUOTE,0.0,0,272.0,272.5
1766135288197526439,AAPL,TRADE,272.43,22,0.0,0.0
1766135292080545078,AAPL,TRADE,272.32,7,0.0,0.0
1766135307902529688,AAPL,QUOTE,0.0,0,272.19,272.5
1766135308827280034,AAPL,TRADE,272.46,2,0.0,0.0
1766135308828172863,AAPL,TRADE,272.48,2,0.0,0.0
1766135308829166649,AAPL,TRADE,272.49,11,0.0,0.0
1766135308984954123,AAPL,TRADE,272.46,6,0.0,0.0
1766135318592512421,AAPL,TRADE,272.46,1,0.0,0.0
1766135318638394555,AAPL,TRADE,272.46,73,0.0,0.0
1766135337900831524,AAPL,QUOTE,0.0,0,272.0,272.5
1766135350008364615,AAPL,TRADE,272.41,2,0.0,0.0
1766135350200375215,AAPL,TRADE,272.4,1,0.0,0.0
1766135350903915808,AAPL,QUOTE,0.0,0,272.09,272.5
1766135350903979872,AAPL,TRADE,272.4,1,0.0,0.0
1766135367900745223,AAPL,QUOTE,0.0,0,272.0,272.5
1766135392103106221,AAPL,TRADE,272.36,18,0.0,0.0
1766135392103360789,AAPL,TRADE,272.36,17,0.0,0.0
1766135458046373031,AAPL,QUOTE,0.0,0,272.0,272.49
1766135461285326426,AAPL,TRADE,272.35,18,0.0,0.0
1766135479926356759,AAPL,TRADE,272.39,1,0.0,0.0
1766135488223836368,AAPL,QUOTE,0.0,0,272.0,272.45
1766135496671027310,AAPL,TRADE,272.37,100,0.0,0.0
1766135524746227068,AAPL,TRADE,272.24,40,0.0,0.0
1766135524746227115,AAPL,TRADE,272.24,100,0.0,0.0
1766135524746227426,AAPL,QUOTE,0.0,0,272.0,272.45
1766135524746228099,AAPL,TRADE,272.23,100,0.0,0.0
1766135524746283418,AAPL,TRADE,272.23,24,0.0,0.0
1766135524746283447,AAPL,QUOTE,0.0,0,272.0,272.45
1766135524757959342,AAPL,TRADE,272.23,1,0.0,0.0
1766135524850427995,AAPL,TRADE,272.23,35,0.0,0.0
1766135525279705213,AAPL,TRADE,272.38,60,0.0,0.0
1766135525350855478,AAPL,TRADE,272.39,60,0.0,0.0
1766135525363612067,AAPL,TRADE,272.44,60,0.0,0.0
1766135532423190068,AAPL,QUOTE,0.0,0,272.2,272.45
1766135532423246959,AAPL,QUOTE,0.0,0,272.19,272.45
1766135532423247731,AAPL,TRADE,272.36,24,0.0,0.0
1766135532638464851,AAPL,TRADE,272.36,2,0.0,0.0
1766135532764823364,AAPL,TRADE,272.36,2,0.0,0.0
1766135532817249325,AAPL,TRADE,272.36,2,0.0,0.0
1766135533721175041,AAPL,TRADE,272.36,2,0.0,0.0
1766135533721177006,AAPL,QUOTE,0.0,0,272.1,272.45
1766135574720539164,AAPL,TRADE,272.4,35,0.0,0.0
1766135604920406323,AAPL,TRADE,272.4,1,0.0,0.0
1766135620929407611,AAPL,QUOTE,0.0,0,272.2,272.45
1766135662839960771,AAPL,QUOTE,0.0,0,272.2,272.45
1766135663604119580,AAPL,QUOTE,0.0,0,272.2,272.45
1766135663607372341,AAPL,QUOTE,0.0,0,272.2,272.44
1766135663607862951,AAPL,TRADE,272.36,8,0.0,0.0
1766135663607863760,AAPL,QUOTE,0.0,0,272.0,272.44
1766135663607864454,AAPL,TRADE,272.36,67,0.0,0.0
1766135663607953094,AAPL,QUOTE,0.0,0,272.0,272.44
1766135663607957742,AAPL,QUOTE,0.0,0,272.0,272.42
1766135663607990921,AAPL,QUOTE,0.0,0,272.0,272.44
1766135663612950061,AAPL,QUOTE,0.0,0,272.2,272.44
1766135663613139729,AAPL,QUOTE,0.0,0,272.2,272.45
1766135663919683880,AAPL,QUOTE,0.0,0,272.2,272.43
1766135665256232651,AAPL,QUOTE,0.0,0,272.2,272.45
1766135677752967643,AAPL,QUOTE,0.0,0,272.2,272.42
1766135679121495827,AAPL,QUOTE,0.0,0,272.2,272.45
1766135684389024226,AAPL,TRADE,272.28,1,0.0,0.0
1766135686814942981,AAPL,QUOTE,0.0,0,272.19,272.45
1766135686815047960,AAPL,QUOTE,0.0,0,272.2,272.45
1766135692991047984,AAPL,QUOTE,0.0,0,272.2,272.43
1766135694435409160,AAPL,TRADE,272.315,2,0.0,0.0
1766135694435411609,AAPL,QUOTE,0.0,0,272.0,272.43
1766135694435411898,AAPL,TRADE,272.31,10,0.0,0.0
1766135694435411976,AAPL,TRADE,272.31,66,0.0,0.0
1766135694435412164,AAPL,TRADE,272.28,22,0.0,0.0
1766135694435470638,AAPL,QUOTE,0.0,0,272.0,272.39
1766135694435646175,AAPL,QUOTE,0.0,0,272.0,272.43
1766135694436846481,AAPL,QUOTE,0.0,0,272.0,272.45
1766135694439351718,AAPL,QUOTE,0.0,0,272.0,272.44
1766135695143143768,AAPL,TRADE,272.23,1,0.0,0.0
1766135699748858433,AAPL,QUOTE,0.0,0,272.0,272.45
1766135699753028479,AAPL,QUOTE,0.0,0,272.0,272.42
1766135699786709606,AAPL,QUOTE,0.0,0,272.0,272.45
1766135704840237771,AAPL,TRADE,272.38,25,0.0,0.0
1766135716570477841,AAPL,QUOTE,0.0,0,272.0,272.42
1766135718142576900,AAPL,QUOTE,0.0,0,272.0,272.45
1766135728147896997,AAPL,QUOTE,0.0,0,272.0,272.43
1766135728475368321,AAPL,TRADE,272.23,1,0.0,0.0
1766135736294858154,AAPL,TRADE,272.22,1,0.0,0.0
1766135741477159701,AAPL,QUOTE,0.0,0,272.0,272.45
1766135741479779808,AAPL,QUOTE,0.0,0,272.0,272.44
1766135750323077082,AAPL,QUOTE,0.0,0,272.0,272.45
1766135750325927545,AAPL,QUOTE,0.0,0,272.0,272.44
1766135750330117272,AAPL,QUOTE,0.0,0,272.0,272.45
1766135750333263366,AAPL,QUOTE,0.0,0,272.0,272.45
1766135754796078440,AAPL,QUOTE,0.0,0,272.0,272.45
1766135754798584786,AAPL,QUOTE,0.0,0,272.0,272.45
1766135754808581896,AAPL,QUOTE,0.0,0,272.0,272.45
1766135754810938430,AAPL,QUOTE,0.0,0,272.0,272.45
1766135754871375295,AAPL,QUOTE,0.0,0,272.0,272.45
1766135754874097851,AAPL,QUOTE,0.0,0,272.0,272.45
1766135761758598123,AAPL,QUOTE,0.0,0,272.0,272.45
1766135761761643005,AAPL,QUOTE,0.0,0,272.0,272.41
1766135764773907389,AAPL,QUOTE,0.0,0,272.0,272.45
1766135764780144053,AAPL,QUOTE,0.0,0,272.0,272.44
1766135765084741841,AAPL,QUOTE,0.0,0,272.0,272.45
1766135765088780695,AAPL,QUOTE,0.0,0,272.0,272.4
1766135769402430518,AAPL,QUOTE,0.0,0,272.0,272.45
1766135769405247052,AAPL,QUOTE,0.0,0,272.0,272.44
1766135773807458044,AAPL,QUOTE,0.0,0,272.0,272.45
1766135773810135979,AAPL,QUOTE,0.0,0,272.0,272.39
1766135774383848297,AAPL,QUOTE,0.0,0,272.0,272.45
1766135774386423860,AAPL,QUOTE,0.0,0,272.0,272.42
1766135777089498313,AAPL,QUOTE,0.0,0,272.0,272.45
1766135777092679466,AAPL,QUOTE,0.0,0,272.0,272.38
1766135780100490015,AAPL,QUOTE,0.0,0,272.0,272.45
1766135780102998758,AAPL,QUOTE,0.0,0,272.0,272.44
1766135790103294445,AAPL,QUOTE,0.0,0,272.0,272.45
1766135790105889014,AAPL,QUOTE,0.0,0,272.0,272.38
1766135793108625370,AAPL,QUOTE,0.0,0,272.0,272.45
1766135793111525639,AAPL,QUOTE,0.0,0,272.0,272.44
1766135797589086272,AAPL,QUOTE,0.0,0,272.0,272.45
1766135797592161525,AAPL,QUOTE,0.0,0,272.0,272.44
1766135805086382048,AAPL,QUOTE,0.0,0,272.0,272.45
1766135805089131391,AAPL,QUOTE,0.0,0,272.0,272.44
1766135805099169187,AAPL,QUOTE,0.0,0,272.0,272.45
1766135805102036975,AAPL,QUOTE,0.0,0,272.0,272.45
1766135813950918867,AAPL,QUOTE,0.0,0,272.0,272.23
1766135813950957179,AAPL,TRADE,272.22,27,0.0,0.0
1766135813950974709,AAPL,TRADE,272.23,29,0.0,0.0
1766135813950975117,AAPL,QUOTE,0.0,0,272.0,272.38
1766135813951068545,AAPL,TRADE,272.22,2,0.0,0.0
1766135813951128211,AAPL,TRADE,272.22,1,0.0,0.0
1766135813951168218,AAPL,TRADE,272.22,1,0.0,0.0
1766135813951195093,AAPL,TRADE,272.22,1,0.0,0.0
1766135813951237660,AAPL,TRADE,272.22,1,0.0,0.0
1766135813951242439,AAPL,TRADE,272.22,27,0.0,0.0
1766135813951277080,AAPL,TRADE,272.22,1,0.0,0.0
1766135813951309755,AAPL,TRADE,272.22,1,0.0,0.0
1766135813951338327,AAPL,TRADE,272.2,1,0.0,0.0
1766135813951363869,AAPL,TRADE,272.2,1,0.0,0.0
1766135813951394552,AAPL,TRADE,272.2,1,0.0,0.0
1766135813951397396,AAPL,TRADE,272.2,70,0.0,0.0
1766135813951402883,AAPL,TRADE,272.2,10,0.0,0.0
1766135813951433696,AAPL,TRADE,272.2,2,0.0,0.0
1766135813951434969,AAPL,TRADE,272.2,25,0.0,0.0
1766135813951444360,AAPL,TRADE,272.2,1,0.0,0.0
1766135813951455203,AAPL,TRADE,272.19,10,0.0,0.0
1766135813951462205,AAPL,TRADE,272.2,1,0.0,0.0
1766135813951484294,AAPL,TRADE,272.2,1,0.0,0.0
1766135813951517212,AAPL,TRADE,272.2,1,0.0,0.0
1766135813951535859,AAPL,TRADE,272.2,1,0.0,0.0
1766135813951555099,AAPL,TRADE,272.09,6,0.0,0.0
1766135813951579697,AAPL,TRADE,272.19,1,0.0,0.0
1766135813951632440,AAPL,TRADE,272.15,1,0.0,0.0
1766135813951809303,AAPL,TRADE,272.22,7,0.0,0.0
1766135813952032412,AAPL,TRADE,272.11,5,0.0,0.0
1766135813952034923,AAPL,TRADE,272.11,2,0.0,0.0
1766135813952246979,AAPL,TRADE,272.11,5,0.0,0.0
1766135813952469555,AAPL,TRADE,272.11,5,0.0,0.0
1766135813952472602,AAPL,TRADE,272.11,2,0.0,0.0
1766135813952742419,AAPL,QUOTE,0.0,0,272.0,272.45
1766135813952901859,AAPL,TRADE,272.11,5,0.0,0.0
1766135813952909664,AAPL,TRADE,272.11,2,0.0,0.0
1766135813953336570,AAPL,TRADE,272.11,5,0.0,0.0
1766135813953348334,AAPL,TRADE,272.11,2,0.0,0.0
1766135813953772240,AAPL,TRADE,272.11,5,0.0,0.0
1766135813953787133,AAPL,TRADE,272.11,2,0.0,0.0
1766135813954204079,AAPL,TRADE,272.11,5,0.0,0.0
1766135813954221837,AAPL,TRADE,272.11,2,0.0,0.0
1766135813954636419,AAPL,TRADE,272.11,5,0.0,0.0
1766135813954657800,AAPL,TRADE,272.11,2,0.0,0.0
1766135813955069918,AAPL,TRADE,272.11,5,0.0,0.0
1766135813955094087,AAPL,TRADE,272.11,2,0.0,0.0
1766135813955503092,AAPL,TRADE,272.11,5,0.0,0.0
1766135813955530495,AAPL,TRADE,272.11,2,0.0,0.0
1766135813955935583,AAPL,TRADE,272.11,5,0.0,0.0
1766135813955963732,AAPL,TRADE,272.11,2,0.0,0.0
1766135813956369693,AAPL,TRADE,272.11,5,0.0,0.0
1766135813956397556,AAPL,TRADE,272.11,2,0.0,0.0
1766135813956803222,AAPL,TRADE,272.11,5,0.0,0.0
1766135813956832147,AAPL,TRADE,272.11,2,0.0,0.0
1766135813957235889,AAPL,TRADE,272.11,5,0.0,0.0
1766135813957276458,AAPL,TRADE,272.11,2,0.0,0.0
1766135813957670121,AAPL,TRADE,272.11,5,0.0,0.0
1766135813957708156,AAPL,TRADE,272.11,2,0.0,0.0
1766135813958109095,AAPL,TRADE,272.11,4,0.0,0.0
1766135813958109140,AAPL,TRADE,272.1,1,0.0,0.0
1766135813958142364,AAPL,TRADE,272.1,2,0.0,0.0
1766135813958546773,AAPL,TRADE,272.1,2,0.0,0.0
1766135813958988454,AAPL,TRADE,272.08,2,0.0,0.0
1766135815201288758,AAPL,TRADE,272.22,12,0.0,0.0
1766135815957804666,AAPL,QUOTE,0.0,0,272.0,272.23
1766135857053153934,AAPL,TRADE,272.21,1,0.0,0.0
1766135878436330900,AAPL,TRADE,272.21,1,0.0,0.0
1766135882179972200,AAPL,QUOTE,0.0,0,271.93,272.23
1766135890672111431,AAPL,TRADE,272.14,10,0.0,0.0
1766135890672216226,AAPL,TRADE,272.09,1,0.0,0.0
1766135890672496195,AAPL,TRADE,272.09,10,0.0,0.0
1766135908499574786,AAPL,TRADE,272.18,20,0.0,0.0
1766135920429821626,AAPL,QUOTE,0.0,0,271.8,272.23
1766135940712532653,AAPL,TRADE,272.14,1,0.0,0.0
1766135940712912846,AAPL,TRADE,272.13,3,0.0,0.0
1766135940713057381,AAPL,TRADE,272.14,10,0.0,0.0
1766135940713356362,AAPL,TRADE,272.13,2,0.0,0.0
1766135940714488313,AAPL,QUOTE,0.0,0,271.8,272.44
1766135940715137552,AAPL,QUOTE,0.0,0,271.8,272.45
1766135940718320416,AAPL,QUOTE,0.0,0,271.8,272.22
1766135941502433914,AAPL,QUOTE,0.0,0,271.8,272.45
1766135941504899137,AAPL,QUOTE,0.0,0,271.8,272.23
1766135942717875455,AAPL,QUOTE,0.0,0,271.8,272.23
1766135942769593009,AAPL,TRADE,272.09,5,0.0,0.0
1766135942769593052,AAPL,TRADE,272.09,1,0.0,0.0
1766135942769593266,AAPL,QUOTE,0.0,0,271.7,272.23
1766135942769594320,AAPL,TRADE,272.09,25,0.0,0.0
1766135942769607259,AAPL,TRADE,272.09,3,0.0,0.0
1766135942769687804,AAPL,QUOTE,0.0,0,271.7,272.23
1766135942786778034,AAPL,QUOTE,0.0,0,271.88,272.23
1766135951504344559,AAPL,QUOTE,0.0,0,271.88,272.23
1766135951507017969,AAPL,QUOTE,0.0,0,271.88,272.21
1766135953685452038,AAPL,QUOTE,0.0,0,271.88,272.23
1766135953688217043,AAPL,QUOTE,0.0,0,271.88,272.22
1766135955195833320,AAPL,TRADE,272.13,7,0.0,0.0
1766135955196232626,AAPL,TRADE,272.13,10,0.0,0.0
1766135955196314124,AAPL,TRADE,272.13,63,0.0,0.0
1766135955196339515,AAPL,TRADE,272.13,27,0.0,0.0
1766135955196341999,AAPL,TRADE,272.14,2,0.0,0.0
1766135955196342052,AAPL,TRADE,272.14,1,0.0,0.0
1766135955196342184,AAPL,TRADE,272.15,30,0.0,0.0
1766135955196346482,AAPL,TRADE,272.15,10,0.0,0.0
1766135955689534130,AAPL,QUOTE,0.0,0,271.88,272.45
1766135955691881387,AAPL,QUOTE,0.0,0,271.88,272.44
1766135957690089427,AAPL,QUOTE,0.0,0,271.88,272.23
1766135982137874969,AAPL,TRADE,272.13,1,0.0,0.0
1766135982139544906,AAPL,QUOTE,0.0,0,271.88,272.3
1766135984142559119,AAPL,QUOTE,0.0,0,271.88,272.23
1766135984235926103,AAPL,QUOTE,0.0,0,271.88,272.17
1766135988011945136,AAPL,QUOTE,0.0,0,271.88,272.22
1766135988013444307,AAPL,TRADE,272.08,30,0.0,0.0
1766135988013468423,AAPL,TRADE,272.07,7,0.0,0.0
1766135988013469870,AAPL,TRADE,272.07,63,0.0,0.0
1766135988013866287,AAPL,QUOTE,0.0,0,271.88,272.23
1766135988500265832,AAPL,TRADE,272.2,40,0.0,0.0
1766135988500316246,AAPL,TRADE,272.21,6,0.0,0.0
1766135988500317684,AAPL,TRADE,272.21,1,0.0,0.0
1766135988500318799,AAPL,TRADE,272.21,23,0.0,0.0
1766135988858446860,AAPL,QUOTE,0.0,0,271.89,272.23
1766136003724196322,AAPL,QUOTE,0.0,0,271.89,272.44
1766136005727582086,AAPL,QUOTE,0.0,0,271.89,272.23
1766136006419656160,AAPL,QUOTE,0.0,0,271.95,272.23
1766136009408040485,AAPL,QUOTE,0.0,0,271.95,272.23
1766136011156655791,AAPL,QUOTE,0.0,0,271.95,272.23
1766136022539599023,AAPL,QUOTE,0.0,0,271.95,272.23
1766136024530265971,AAPL,TRADE,272.14,5,0.0,0.0
1766136024555142177,AAPL,TRADE,272.14,5,0.0,0.0
1766136030382017947,AAPL,TRADE,272.18,1,0.0,0.0
1766136030383772608,AAPL,QUOTE,0.0,0,271.95,272.23
1766136067638933710,AAPL,QUOTE,0.0,0,271.98,272.23
1766136089735640881,AAPL,QUOTE,0.0,0,272.01,272.23
1766136089745357593,AAPL,QUOTE,0.0,0,271.98,272.23
1766136089747548220,AAPL,QUOTE,0.0,0,272.0,272.23
1766136089798624923,AAPL,QUOTE,0.0,0,271.98,272.23
1766136107673790238,AAPL,QUOTE,0.0,0,271.98,272.23
1766136110676337332,AAPL,QUOTE,0.0,0,271.98,272.23
1766136114933276862,AAPL,TRADE,272.2,3,0.0,0.0
1766136114933278292,AAPL,TRADE,272.21,1,0.0,0.0
1766136114933505188,AAPL,TRADE,272.24,1,0.0,0.0
1766136114933506779,AAPL,TRADE,272.24,4,0.0,0.0
1766136114933679850,AAPL,TRADE,272.21,1,0.0,0.0
1766136114933682372,AAPL,TRADE,272.22,15,0.0,0.0
1766136114933948554,AAPL,TRADE,272.22,19,0.0,0.0
1766136114933948619,AAPL,TRADE,272.22,15,0.0,0.0
1766136114933948704,AAPL,QUOTE,0.0,0,271.98,272.44
1766136114933954341,AAPL,TRADE,272.22,85,0.0,0.0
1766136114933957274,AAPL,TRADE,272.23,5,0.0,0.0
1766136114934099583,AAPL,TRADE,272.23,40,0.0,0.0
1766136114934104432,AAPL,TRADE,272.23,33,0.0,0.0
1766136114934105747,AAPL,TRADE,272.23,12,0.0,0.0
1766136115006480698,AAPL,QUOTE,0.0,0,271.98,272.45
1766136115071717154,AAPL,QUOTE,0.0,0,272.02,272.45
1766136115510506936,AAPL,QUOTE,0.0,0,272.03,272.45
1766136115564081069,AAPL,QUOTE,0.0,0,272.04,272.45
1766136118063485259,AAPL,QUOTE,0.0,0,272.08,272.45
1766136118521702329,AAPL,QUOTE,0.0,0,272.09,272.45
1766136118571774196,AAPL,QUOTE,0.0,0,272.1,272.45
1766136124784872363,AAPL,TRADE,272.33,6,0.0,0.0
1766136126527195758,AAPL,QUOTE,0.0,0,272.1,272.45
1766136129582057080,AAPL,QUOTE,0.0,0,272.11,272.45
1766136131840330005,AAPL,QUOTE,0.0,0,272.12,272.45
1766136136840926250,AAPL,QUOTE,0.0,0,271.98,272.45
1766136136845129308,AAPL,QUOTE,0.0,0,272.01,272.45
1766136146845312059,AAPL,QUOTE,0.0,0,271.98,272.45
1766136146848260549,AAPL,QUOTE,0.0,0,272.03,272.45
1766136156848159738,AAPL,QUOTE,0.0,0,271.98,272.45
1766136156851361818,AAPL,QUOTE,0.0,0,272.05,272.45
1766136166850913652,AAPL,QUOTE,0.0,0,271.98,272.45
1766136166854073009,AAPL,QUOTE,0.0,0,272.07,272.45
1766136182042627271,AAPL,TRADE,272.32,20,0.0,0.0
1766136187002213218,AAPL,QUOTE,0.0,0,271.98,272.45
1766136187009588921,AAPL,QUOTE,0.0,0,272.09,272.45
1766136189129326599,AAPL,QUOTE,0.0,0,271.98,272.45
1766136189138713022,AAPL,QUOTE,0.0,0,272.01,272.45
1766136199138480379,AAPL,QUOTE,0.0,0,271.98,272.45
1766136199141099134,AAPL,QUOTE,0.0,0,272.03,272.45
1766136200841322203,AAPL,QUOTE,0.0,0,272.03,272.44
1766136209141013959,AAPL,QUOTE,0.0,0,271.98,272.44
1766136209143541659,AAPL,QUOTE,0.0,0,272.05,272.44
1766136215498515331,AAPL,TRADE,272.25,26,0.0,0.0
1766136217868048805,AAPL,TRADE,272.25,2,0.0,0.0
1766136219143621223,AAPL,QUOTE,0.0,0,271.98,272.44
1766136219152424268,AAPL,QUOTE,0.0,0,272.07,272.44
1766136224719174331,AAPL,TRADE,272.25,2,0.0,0.0
1766136225878706534,AAPL,QUOTE,0.0,0,271.98,272.44
1766136225890652301,AAPL,QUOTE,0.0,0,272.01,272.44
1766136227396487103,AAPL,TRADE,272.25,1,0.0,0.0
1766136227769944372,AAPL,TRADE,272.24,1,0.0,0.0
1766136234462357299,AAPL,TRADE,272.23,1,0.0,0.0
1766136235184050208,AAPL,TRADE,272.23,2,0.0,0.0
1766136237137239709,AAPL,TRADE,272.31,2,0.0,0.0
1766136237814089155,AAPL,TRADE,272.23,1,0.0,0.0
1766136238949591807,AAPL,TRADE,272.23,2,0.0,0.0
1766136239853573119,AAPL,TRADE,272.2,40,0.0,0.0
1766136239853574391,AAPL,TRADE,272.2,2,0.0,0.0
1766136242708683465,AAPL,TRADE,272.23,2,0.0,0.0
1766136250072661043,AAPL,TRADE,272.23,1,0.0,0.0
1766136265831043525,AAPL,TRADE,272.24,9,0.0,0.0
1766136285478248856,AAPL,QUOTE,0.0,0,272.0,272.44
1766136285481153161,AAPL,QUOTE,0.0,0,272.13,272.44
1766136288483412680,AAPL,QUOTE,0.0,0,272.0,272.44
1766136288485722365,AAPL,QUOTE,0.0,0,272.02,272.44
1766136303156566130,AAPL,TRADE,272.32,7,0.0,0.0
1766136303156569100,AAPL,TRADE,272.32,1,0.0,0.0
1766136303156569158,AAPL,TRADE,272.34,40,0.0,0.0
1766136303156569280,AAPL,TRADE,272.35,4,0.0,0.0
1766136334763528885,AAPL,TRADE,272.28,1,0.0,0.0
1766136340988653955,AAPL,TRADE,272.37,1,0.0,0.0
1766136351266983104,AAPL,TRADE,272.25,2,0.0,0.0
1766136354648663777,AAPL,TRADE,272.25,8,0.0,0.0
1766136360072422370,AAPL,TRADE,272.37,1,0.0,0.0
1766136364733191225,AAPL,QUOTE,0.0,0,272.0,272.44
1766136364736509943,AAPL,QUOTE,0.0,0,272.04,272.44
1766136368260974254,AAPL,QUOTE,0.0,0,272.1,272.44
1766136368588462050,AAPL,QUOTE,0.0,0,272.14,272.44
1766136374571734629,AAPL,TRADE,272.35,5,0.0,0.0
1766136374573445872,AAPL,QUOTE,0.0,0,272.14,272.45
1766136402877199450,AAPL,TRADE,272.26,35,0.0,0.0
1766136417026793941,AAPL,QUOTE,0.0,0,272.15,272.45
1766136419028944675,AAPL,QUOTE,0.0,0,272.16,272.45
1766136456522106197,AAPL,QUOTE,0.0,0,272.15,272.45
1766136456660673074,AAPL,QUOTE,0.0,0,272.0,272.45
1766136456666707658,AAPL,QUOTE,0.0,0,272.19,272.45
1766136456676822555,AAPL,QUOTE,0.0,0,272.0,272.45
1766136456679436174,AAPL,QUOTE,0.0,0,272.15,272.45
1766136459573610296,AAPL,QUOTE,0.0,0,272.16,272.45
1766136473836385459,AAPL,TRADE,272.38,1,0.0,0.0
1766136500240344984,AAPL,QUOTE,0.0,0,272.15,272.45
1766136501142228577,AAPL,QUOTE,0.0,0,272.0,272.45
1766136501144875410,AAPL,QUOTE,0.0,0,272.14,272.45
1766136504147787388,AAPL,QUOTE,0.0,0,272.14,272.45
1766136514153174466,AAPL,QUOTE,0.0,0,272.15,272.45
1766136515169183892,AAPL,QUOTE,0.0,0,272.16,272.45
1766136529012992999,AAPL,QUOTE,0.0,0,272.19,272.45
1766136531492808761,AAPL,TRADE,272.4,1,0.0,0.0
1766136532015562439,AAPL,QUOTE,0.0,0,272.16,272.45
1766136545782241372,AAPL,QUOTE,0.0,0,272.15,272.45
1766136548290036989,AAPL,QUOTE,0.0,0,272.0,272.45
1766136548292831890,AAPL,QUOTE,0.0,0,272.19,272.45
1766136548837537264,AAPL,QUOTE,0.0,0,272.21,272.45
1766136550632896511,AAPL,QUOTE,0.0,0,272.19,272.45
1766136551295767063,AAPL,QUOTE,0.0,0,272.0,272.45
1766136551298522643,AAPL,QUOTE,0.0,0,272.15,272.45
1766136553685432004,AAPL,QUOTE,0.0,0,272.21,272.45
1766136553837024116,AAPL,QUOTE,0.0,0,272.15,272.45
1766136556892058666,AAPL,QUOTE,0.0,0,272.16,272.45
1766136571136251091,AAPL,TRADE,272.4,6,0.0,0.0
1766136571136361494,AAPL,TRADE,272.4,1,0.0,0.0
1766136571136739477,AAPL,TRADE,272.4,63,0.0,0.0
1766136571136739596,AAPL,TRADE,272.44,40,0.0,0.0
1766136573532340797,AAPL,TRADE,272.4,1,0.0,0.0
1766136587697164680,AAPL,QUOTE,0.0,0,272.15,272.45
1766136591311685418,AAPL,QUOTE,0.0,0,272.0,272.45
1766136591313924952,AAPL,QUOTE,0.0,0,272.15,272.45
1766136591406011688,AAPL,QUOTE,0.0,0,272.0,272.45
1766136591408502864,AAPL,QUOTE,0.0,0,272.14,272.45
1766136594410943007,AAPL,QUOTE,0.0,0,272.0,272.45
1766136594413442841,AAPL,QUOTE,0.0,0,272.04,272.45
1766136611318344036,AAPL,TRADE,272.3,1,0.0,0.0
1766136611319439101,AAPL,TRADE,272.26,1,0.0,0.0
1766136611319820964,AAPL,TRADE,272.27,2,0.0,0.0
1766136611320382860,AAPL,TRADE,272.27,2,0.0,0.0
1766136646026955175,AAPL,QUOTE,0.0,0,272.23,272.45
1766136664238272474,AAPL,QUOTE,0.0,0,272.14,272.45
1766136664239960452,AAPL,QUOTE,0.0,0,272.25,272.45
1766136679532243296,AAPL,QUOTE,0.0,0,272.15,272.45
1766136679533932515,AAPL,QUOTE,0.0,0,272.3,272.45
1766136737256857399,AAPL,QUOTE,0.0,0,272.15,272.45
1766136751488579456,AAPL,QUOTE,0.0,0,272.0,272.45
1766136751491159648,AAPL,QUOTE,0.0,0,272.14,272.45
1766136754493743779,AAPL,QUOTE,0.0,0,272.0,272.45
1766136754496302309,AAPL,QUOTE,0.0,0,272.04,272.45
1766136760360443725,AAPL,TRADE,272.34,1,0.0,0.0
1766136760360533562,AAPL,TRADE,272.31,1,0.0,0.0
1766136761106212802,AAPL,TRADE,272.31,1,0.0,0.0
1766136761224340193,AAPL,TRADE,272.31,1,0.0,0.0
1766136761721702720,AAPL,TRADE,272.31,1,0.0,0.0
1766136766818833268,AAPL,TRADE,272.35,2,0.0,0.0
1766136776821158906,AAPL,TRADE,272.35,2,0.0,0.0
1766136777058527297,AAPL,QUOTE,0.0,0,272.04,272.45
1766136786823481112,AAPL,TRADE,272.35,2,0.0,0.0
1766136792780625845,AAPL,QUOTE,0.0,0,272.04,272.45
1766136792783363777,AAPL,QUOTE,0.0,0,272.04,272.44
1766136794131689562,AAPL,QUOTE,0.0,0,272.04,272.45
1766136794134580391,AAPL,QUOTE,0.0,0,272.04,272.45
1766136796825818891,AAPL,TRADE,272.36,2,0.0,0.0
1766136804134901438,AAPL,QUOTE,0.0,0,272.04,272.45
1766136804137357126,AAPL,QUOTE,0.0,0,272.04,272.44
1766136804905451373,AAPL,QUOTE,0.0,0,272.04,272.45
1766136804907920674,AAPL,QUOTE,0.0,0,272.04,272.44
1766136805008001635,AAPL,QUOTE,0.0,0,272.04,272.45
1766136805011141163,AAPL,QUOTE,0.0,0,272.04,272.45
1766136808666152485,AAPL,QUOTE,0.0,0,272.04,272.45
1766136829560357676,AAPL,TRADE,272.37,2,0.0,0.0
1766136831862716583,AAPL,QUOTE,0.0,0,272.0,272.45
1766136831870362368,AAPL,QUOTE,0.0,0,272.14,272.45
1766136833964996391,AAPL,QUOTE,0.0,0,272.0,272.45
1766136833967505784,AAPL,QUOTE,0.0,0,272.04,272.45
1766136839635901468,AAPL,TRADE,272.36,2,0.0,0.0
1766136841868150764,AAPL,QUOTE,0.0,0,272.04,272.44
1766136843656664344,AAPL,QUOTE,0.0,0,272.04,272.45
1766136852497444119,AAPL,TRADE,272.37,2,0.0,0.0
1766136856881237570,AAPL,QUOTE,0.0,0,272.04,272.44
1766136857026449730,AAPL,QUOTE,0.0,0,272.04,272.45
1766136861080248257,AAPL,TRADE,272.31,13,0.0,0.0
1766136861080825763,AAPL,TRADE,272.3,5,0.0,0.0
1766136864433566729,AAPL,TRADE,272.3,2,0.0,0.0
1766136869547015712,AAPL,QUOTE,0.0,0,272.04,272.45
1766136869904109009,AAPL,QUOTE,0.0,0,272.04,272.45
1766136869908865501,AAPL,QUOTE,0.0,0,272.04,272.45
1766136869918882239,AAPL,QUOTE,0.0,0,272.04,272.45
1766136869921814837,AAPL,QUOTE,0.0,0,272.04,272.45
1766136871489992459,AAPL,QUOTE,0.0,0,272.04,272.45
1766136871492305637,AAPL,QUOTE,0.0,0,272.04,272.45
1766136871673554340,AAPL,QUOTE,0.0,0,272.04,272.45
1766136871676318114,AAPL,QUOTE,0.0,0,272.04,272.45
1766136871686046073,AAPL,QUOTE,0.0,0,272.04,272.45
1766136871688697391,AAPL,QUOTE,0.0,0,272.04,272.45
1766136871936961995,AAPL,QUOTE,0.0,0,272.04,272.45
1766136887126730254,AAPL,QUOTE,0.0,0,272.04,272.39
1766136900585278268,AAPL,QUOTE,0.0,0,272.04,272.45
1766136900588132895,AAPL,QUOTE,0.0,0,272.04,272.4
1766136903590645253,AAPL,QUOTE,0.0,0,272.04,272.45
1766136903592966228,AAPL,QUOTE,0.0,0,272.04,272.44
1766136903784382131,AAPL,TRADE,272.31,2,0.0,0.0
1766136917295230889,AAPL,QUOTE,0.0,0,272.04,272.45
1766136917297812660,AAPL,QUOTE,0.0,0,272.04,272.39
1766136919297460068,AAPL,TRADE,272.3,2,0.0,0.0
1766136919297541041,AAPL,TRADE,272.26,1,0.0,0.0
1766136919297544050,AAPL,TRADE,272.26,1,0.0,0.0
1766136919297544102,AAPL,TRADE,272.24,1,0.0,0.0
1766136919297544181,AAPL,TRADE,272.24,2,0.0,0.0
1766136919538439833,AAPL,QUOTE,0.0,0,272.04,272.45
1766136919541103284,AAPL,QUOTE,0.0,0,272.04,272.4
1766136922399733769,AAPL,QUOTE,0.0,0,272.04,272.45
1766136922402427839,AAPL,QUOTE,0.0,0,272.04,272.44
1766136929356850840,AAPL,TRADE,272.31,2,0.0,0.0
1766136933437270483,AAPL,QUOTE,0.0,0,272.04,272.45
1766136933439868382,AAPL,QUOTE,0.0,0,272.04,272.4
1766136936445229458,AAPL,QUOTE,0.0,0,272.04,272.45
1766136936449396671,AAPL,QUOTE,0.0,0,272.04,272.44
1766136939359165167,AAPL,TRADE,272.31,2,0.0,0.0
1766136946449321013,AAPL,QUOTE,0.0,0,272.04,272.45
1766136946452322937,AAPL,QUOTE,0.0,0,272.04,272.4
1766136949361477802,AAPL,TRADE,272.3,2,0.0,0.0
1766136949455037114,AAPL,QUOTE,0.0,0,272.04,272.45
1766136949457433256,AAPL,QUOTE,0.0,0,272.04,272.44
1766136959363790271,AAPL,TRADE,272.31,2,0.0,0.0
1766136959458095025,AAPL,QUOTE,0.0,0,272.04,272.45
1766136959460766966,AAPL,QUOTE,0.0,0,272.04,272.4
1766136962463583038,AAPL,QUOTE,0.0,0,272.04,272.45
1766136962466638339,AAPL,QUOTE,0.0,0,272.04,272.44
1766136969366139673,AAPL,TRADE,272.29,2,0.0,0.0
1766136972466784017,AAPL,QUOTE,0.0,0,272.04,272.45
1766136972469322656,AAPL,QUOTE,0.0,0,272.04,272.39
1766136980224535122,AAPL,QUOTE,0.0,0,272.04,272.45
1766136980227454761,AAPL,QUOTE,0.0,0,272.04,272.4
1766136982283472536,AAPL,TRADE,272.29,2,0.0,0.0
1766136982283567406,AAPL,QUOTE,0.0,0,272.0,272.4
1766136982286088235,AAPL,QUOTE,0.0,0,272.04,272.4
1766136983230291869,AAPL,QUOTE,0.0,0,272.04,272.45
1766136983233091095,AAPL,QUOTE,0.0,0,272.04,272.44
1766136993835607820,AAPL,QUOTE,0.0,0,272.04,272.45
1766136993838283267,AAPL,QUOTE,0.0,0,272.04,272.4
1766136995593600989,AAPL,QUOTE,0.0,0,272.04,272.45
1766136995595862732,AAPL,QUOTE,0.0,0,272.04,272.44
1766136998308870020,AAPL,QUOTE,0.0,0,272.0,272.44
1766136998311565749,AAPL,QUOTE,0.0,0,272.15,272.44
1766136998321524211,AAPL,QUOTE,0.0,0,272.0,272.44
1766136998324430805,AAPL,QUOTE,0.0,0,272.04,272.44
1766136999328267821,AAPL,TRADE,272.3,1,0.0,0.0
1766136999364188067,AAPL,TRADE,272.32,40,0.0,0.0
1766136999364190093,AAPL,TRADE,272.33,40,0.0,0.0
1766136999364190764,AAPL,TRADE,272.33,20,0.0,0.0
1766136999893436911,AAPL,QUOTE,0.0,0,272.04,272.45
1766137005953871334,AAPL,TRADE,272.29,9,0.0,0.0
1766137005953872957,AAPL,TRADE,272.29,21,0.0,0.0
1766137011042649151,AAPL,TRADE,272.35,2,0.0,0.0
1766137011043078348,AAPL,TRADE,272.33,5,0.0,0.0
1766137018327888806,AAPL,QUOTE,0.0,0,272.04,272.44
1766137020056431345,AAPL,QUOTE,0.0,0,272.04,272.45
1766137020059961608,AAPL,QUOTE,0.0,0,272.04,272.45
1766137037083016624,AAPL,QUOTE,0.0,0,272.04,272.45
1766137050094050354,AAPL,QUOTE,0.0,0,272.04,272.44
1766137051779162795,AAPL,QUOTE,0.0,0,272.04,272.45
1766137051781586613,AAPL,QUOTE,0.0,0,272.04,272.45
1766137053024304316,AAPL,TRADE,272.38,2,0.0,0.0
1766137053024727397,AAPL,TRADE,272.37,5,0.0,0.0
1766137057353158515,AAPL,QUOTE,0.0,0,272.04,272.45
1766137067364850443,AAPL,QUOTE,0.0,0,272.04,272.45
1766137073305759508,AAPL,QUOTE,0.0,0,272.04,272.45
1766137075169508327,AAPL,TRADE,272.31,38,0.0,0.0
1766137076279310659,AAPL,TRADE,272.29,4,0.0,0.0
1766137076279312870,AAPL,TRADE,272.29,8,0.0,0.0
1766137076279312985,AAPL,TRADE,272.28,26,0.0,0.0
1766137076387839829,AAPL,QUOTE,0.0,0,272.14,272.45
1766137077721119656,AAPL,TRADE,272.28,2,0.0,0.0
1766137077721120830,AAPL,TRADE,272.25,36,0.0,0.0
1766137079111469555,AAPL,TRADE,272.27,38,0.0,0.0
1766137082449537076,AAPL,QUOTE,0.0,0,272.04,272.45
1766137082449623938,AAPL,TRADE,272.27,30,0.0,0.0
1766137082449625378,AAPL,TRADE,272.26,8,0.0,0.0
1766137082557262382,AAPL,QUOTE,0.0,0,272.14,272.45
1766137109317377148,AAPL,QUOTE,0.0,0,272.14,272.44
1766137109735476074,AAPL,TRADE,272.33,5,0.0,0.0
1766137113152199526,AAPL,QUOTE,0.0,0,272.04,272.44
1766137113154139600,AAPL,QUOTE,0.0,0,272.04,272.45
1766137113154253361,AAPL,QUOTE,0.0,0,272.0,272.45
1766137113157953653,AAPL,QUOTE,0.0,0,272.04,272.45
1766137136619849186,AAPL,TRADE,272.25,1,0.0,0.0
1766137159524684117,AAPL,QUOTE,0.0,0,272.04,272.45
1766137173816209544,AAPL,QUOTE,0.0,0,272.04,272.45
1766137173818721905,AAPL,QUOTE,0.0,0,272.04,272.44
1766137175893451129,AAPL,QUOTE,0.0,0,272.04,272.45
1766137175896004523,AAPL,QUOTE,0.0,0,272.04,272.45
1766137185895736666,AAPL,QUOTE,0.0,0,272.04,272.45
1766137185898100625,AAPL,QUOTE,0.0,0,272.04,272.44
1766137187381332545,AAPL,QUOTE,0.0,0,272.04,272.45
1766137187383892731,AAPL,QUOTE,0.0,0,272.04,272.44
1766137187393594316,AAPL,QUOTE,0.0,0,272.04,272.45
1766137187397166499,AAPL,QUOTE,0.0,0,272.04,272.44
1766137194771542817,AAPL,QUOTE,0.0,0,272.04,272.45
1766137194779164599,AAPL,QUOTE,0.0,0,272.04,272.45
1766137200529347231,AAPL,QUOTE,0.0,0,272.04,272.45
1766137201592071404,AAPL,TRADE,272.36,10,0.0,0.0
1766137210534318326,AAPL,QUOTE,0.0,0,272.04,272.45
1766137212219800225,AAPL,QUOTE,0.0,0,272.04,272.45
1766137226809893573,AAPL,QUOTE,0.0,0,272.04,272.44
1766137232643968496,AAPL,QUOTE,0.0,0,272.0,272.44
1766137232646800297,AAPL,QUOTE,0.0,0,272.03,272.44
1766137234638363088,AAPL,QUOTE,0.0,0,272.0,272.44
1766137234641080568,AAPL,QUOTE,0.0,0,272.02,272.44
1766137234757766128,AAPL,QUOTE,0.0,0,272.02,272.45
1766137244640729507,AAPL,QUOTE,0.0,0,272.0,272.45
1766137244645465055,AAPL,QUOTE,0.0,0,272.04,272.45
1766137250982066483,AAPL,TRADE,272.28,2,0.0,0.0
1766137250982067770,AAPL,TRADE,272.25,1,0.0,0.0
1766137250982090229,AAPL,TRADE,272.25,2,0.0,0.0
1766137251485484230,AAPL,TRADE,272.33,2,0.0,0.0
1766137274534760330,AAPL,QUOTE,0.0,0,272.0,272.45
1766137274537215355,AAPL,QUOTE,0.0,0,272.14,272.45
1766137277539818571,AAPL,QUOTE,0.0,0,272.0,272.45
1766137277542401900,AAPL,QUOTE,0.0,0,272.04,272.45
1766137278068120609,AAPL,QUOTE,0.0,0,272.04,272.41
1766137281070772884,AAPL,QUOTE,0.0,0,272.04,272.45
1766137281073186865,AAPL,QUOTE,0.0,0,272.04,272.44
1766137282263595027,AAPL,QUOTE,0.0,0,272.04,272.45
1766137296500483936,AAPL,QUOTE,0.0,0,272.04,272.4
1766137296617606294,AAPL,QUOTE,0.0,0,272.04,272.45
1766137319925933704,AAPL,QUOTE,0.0,0,272.0,272.45
1766137319928658142,AAPL,QUOTE,0.0,0,272.14,272.45
1766137320119240717,AAPL,QUOTE,0.0,0,272.0,272.45
1766137320121788451,AAPL,QUOTE,0.0,0,272.04,272.45
1766137325468318074,AAPL,TRADE,272.25,2,0.0,0.0
1766137328201257393,AAPL,TRADE,272.25,1,0.0,0.0
1766137328201260949,AAPL,TRADE,272.25,2,0.0,0.0
1766137336761079450,AAPL,QUOTE,0.0,0,272.04,272.4
1766137340156497108,AAPL,QUOTE,0.0,0,272.04,272.45
1766137340158874185,AAPL,QUOTE,0.0,0,272.04,272.4
1766137340206334731,AAPL,QUOTE,0.0,0,272.04,272.45
1766137340208615358,AAPL,QUOTE,0.0,0,272.04,272.41
1766137343290438338,AAPL,QUOTE,0.0,0,272.04,272.45
1766137343290670772,AAPL,QUOTE,0.0,0,272.0,272.45
1766137343300551355,AAPL,QUOTE,0.0,0,272.15,272.45
1766137343911542896,AAPL,QUOTE,0.0,0,272.0,272.45
1766137343914169753,AAPL,QUOTE,0.0,0,272.04,272.45
1766137344916314994,AAPL,TRADE,272.25,1,0.0,0.0
1766137344916355017,AAPL,TRADE,272.25,1,0.0,0.0
1766137344996770097,AAPL,QUOTE,0.0,0,272.0,272.45
1766137344999211371,AAPL,QUOTE,0.0,0,272.03,272.45
1766137344999371549,AAPL,TRADE,272.25,3,0.0,0.0
1766137345352585170,AAPL,TRADE,272.31,5,0.0,0.0
1766137345442671153,AAPL,TRADE,272.31,5,0.0,0.0
1766137345922702832,AAPL,TRADE,272.25,1,0.0,0.0
1766137345923089279,AAPL,TRADE,272.24,1,0.0,0.0
1766137347371671698,AAPL,QUOTE,0.0,0,272.0,272.45
1766137356950951033,AAPL,QUOTE,0.0,0,272.0,272.4
1766137357377163912,AAPL,QUOTE,0.0,0,272.01,272.4
1766137357436666739,AAPL,TRADE,272.31,5,0.0,0.0
1766137357635833701,AAPL,QUOTE,0.0,0,272.0,272.4
1766137357638398795,AAPL,QUOTE,0.0,0,272.0,272.4
1766137358001659244,AAPL,QUOTE,0.0,0,272.0,272.45
1766137358005194254,AAPL,QUOTE,0.0,0,272.0,272.4
1766137358014318571,AAPL,QUOTE,0.0,0,272.0,272.45
1766137358019758444,AAPL,QUOTE,0.0,0,272.0,272.4
1766137359641445876,AAPL,QUOTE,0.0,0,272.0,272.45
1766137359644341378,AAPL,QUOTE,0.0,0,272.0,272.4
1766137359905087016,AAPL,QUOTE,0.0,0,272.0,272.45
1766137359907566011,AAPL,QUOTE,0.0,0,272.0,272.41
1766137360690809296,AAPL,QUOTE,0.0,0,272.0,272.25
1766137360690881554,AAPL,TRADE,272.24,4,0.0,0.0
1766137360690883929,AAPL,TRADE,272.24,1,0.0,0.0
1766137360690884175,AAPL,TRADE,272.2,5,0.0,0.0
1766137360690905377,AAPL,TRADE,272.23,1,0.0,0.0
1766137360690919956,AAPL,TRADE,272.2,1,0.0,0.0
1766137360690933519,AAPL,TRADE,272.21,6,0.0,0.0
1766137360690935969,AAPL,TRADE,272.2,10,0.0,0.0
1766137360690937056,AAPL,TRADE,272.24,1,0.0,0.0
1766137360690938217,AAPL,TRADE,272.23,47,0.0,0.0
1766137360690943354,AAPL,TRADE,272.22,1,0.0,0.0
1766137360690948376,AAPL,TRADE,272.2,1,0.0,0.0
1766137360690976348,AAPL,TRADE,272.19,2,0.0,0.0
1766137360691018478,AAPL,TRADE,272.2,1,0.0,0.0
1766137360691018520,AAPL,TRADE,272.2,1,0.0,0.0
1766137360691038571,AAPL,TRADE,272.19,2,0.0,0.0
1766137360692057418,AAPL,TRADE,272.13,3,0.0,0.0
1766137360692064588,AAPL,TRADE,272.13,2,0.0,0.0
1766137360692407897,AAPL,TRADE,272.14,2,0.0,0.0
1766137360819073648,AAPL,QUOTE,0.0,0,272.0,272.25
1766137360822696760,AAPL,TRADE,272.19,40,0.0,0.0
1766137360822697810,AAPL,TRADE,272.2,30,0.0,0.0
1766137396779160387,AAPL,QUOTE,0.0,0,272.0,272.39
1766137396781676786,AAPL,QUOTE,0.0,0,272.0,272.45
1766137396791221188,AAPL,QUOTE,0.0,0,272.0,272.44
1766137396852317588,AAPL,QUOTE,0.0,0,272.0,272.45
1766137398475617510,AAPL,TRADE,272.2,50,0.0,0.0
1766137418709976327,AAPL,QUOTE,0.0,0,272.0,272.41
1766137420336500483,AAPL,QUOTE,0.0,0,272.0,272.45
1766137420339413140,AAPL,QUOTE,0.0,0,272.0,272.44
1766137430338868798,AAPL,QUOTE,0.0,0,272.0,272.45
1766137430341691153,AAPL,QUOTE,0.0,0,272.0,272.41
1766137431393885009,AAPL,QUOTE,0.0,0,272.0,272.45
1766137431396116142,AAPL,QUOTE,0.0,0,272.0,272.44
1766137432563649536,AAPL,TRADE,272.2,1,0.0,0.0
1766137435205117199,AAPL,QUOTE,0.0,0,272.0,272.45
1766137435208435739,AAPL,QUOTE,0.0,0,272.0,272.4
1766137442380444176,AAPL,QUOTE,0.0,0,272.0,272.45
1766137442382910508,AAPL,QUOTE,0.0,0,272.0,272.4
1766137443765492183,AAPL,QUOTE,0.0,0,272.0,272.45
1766137443768161401,AAPL,QUOTE,0.0,0,272.0,272.4
1766137444591015955,AAPL,QUOTE,0.0,0,272.0,272.45
1766137444594035320,AAPL,QUOTE,0.0,0,272.0,272.4
1766137444678215474,AAPL,QUOTE,0.0,0,272.0,272.45
1766137444681118709,AAPL,QUOTE,0.0,0,272.0,272.4
1766137444690695060,AAPL,QUOTE,0.0,0,272.0,272.45
1766137444693264501,AAPL,QUOTE,0.0,0,272.0,272.41
1766137445634002368,AAPL,QUOTE,0.0,0,272.0,272.45
1766137445636662254,AAPL,QUOTE,0.0,0,272.0,272.44
1766137447121085692,AAPL,TRADE,272.2,6,0.0,0.0
1766137457737051795,AAPL,QUOTE,0.0,0,272.0,272.45
1766137457739437034,AAPL,QUOTE,0.0,0,272.0,272.41
1766137460741868978,AAPL,QUOTE,0.0,0,272.0,272.45
1766137460744361621,AAPL,QUOTE,0.0,0,272.0,272.44
1766137477491490082,AAPL,QUOTE,0.0,0,272.0,272.45
1766137477494185258,AAPL,QUOTE,0.0,0,272.0,272.44
1766137478178102261,AAPL,QUOTE,0.0,0,272.0,272.45
1766137499627540895,AAPL,TRADE,272.2,1,0.0,0.0
1766137505166350016,AAPL,QUOTE,0.0,0,272.0,272.45
1766137511388492388,AAPL,QUOTE,0.0,0,272.0,272.45
1766137514739728825,AAPL,TRADE,272.2,1,0.0,0.0
1766137521232879597,AAPL,QUOTE,0.0,0,272.0,272.44
1766137543590699910,AAPL,TRADE,272.23,2,0.0,0.0
1766137543592059690,AAPL,TRADE,272.2,9,0.0,0.0
1766137543592176836,AAPL,TRADE,272.2,1,0.0,0.0
1766137567312543252,AAPL,QUOTE,0.0,0,272.2,272.44
1766137571464984167,AAPL,QUOTE,0.0,0,272.2,272.45
1766137571467389756,AAPL,QUOTE,0.0,0,272.2,272.41
1766137573456297913,AAPL,QUOTE,0.0,0,272.2,272.45
1766137573458848416,AAPL,QUOTE,0.0,0,272.2,272.44
1766137576211978680,AAPL,QUOTE,0.0,0,272.2,272.45
1766137583199342167,AAPL,TRADE,272.27,2,0.0,0.0
1766137592512275376,AAPL,TRADE,272.21,40,0.0,0.0
1766137595975660481,AAPL,TRADE,272.21,1,0.0,0.0
1766137597717062573,AAPL,TRADE,272.2,1,0.0,0.0
1766137597717207002,AAPL,QUOTE,0.0,0,272.0,272.45
1766137597717208014,AAPL,TRADE,272.2,3,0.0,0.0
1766137603164042042,AAPL,QUOTE,0.0,0,272.0,272.39
1766137611513280670,AAPL,QUOTE,0.0,0,272.0,272.39
1766137621147213879,AAPL,TRADE,272.26,10,0.0,0.0
1766137680150711947,AAPL,QUOTE,0.0,0,272.0,272.45
1766137680153475475,AAPL,QUOTE,0.0,0,272.0,272.27
1766137683155976357,AAPL,QUOTE,0.0,0,272.0,272.45
1766137683158371567,AAPL,QUOTE,0.0,0,272.0,272.39
1766137722882358478,AAPL,TRADE,272.21,1,0.0,0.0
1766137723055649693,AAPL,TRADE,272.2,2,0.0,0.0
1766137740210042794,AAPL,QUOTE,0.0,0,272.0,272.45
1766137740212799379,AAPL,QUOTE,0.0,0,272.0,272.39
1766137750213047549,AAPL,QUOTE,0.0,0,272.0,272.45
1766137750215930326,AAPL,QUOTE,0.0,0,272.0,272.27
1766137751248419754,AAPL,TRADE,272.23,2,0.0,0.0
1766137757220584418,AAPL,TRADE,272.2,1,0.0,0.0
1766137757234089600,AAPL,QUOTE,0.0,0,272.0,272.45
1766137757236562093,AAPL,QUOTE,0.0,0,272.0,272.39
1766137763936955657,AAPL,TRADE,272.23,2,0.0,0.0
1766137763937036530,AAPL,TRADE,272.2,4,0.0,0.0
1766137763937037662,AAPL,TRADE,272.195,1,0.0,0.0
1766137768956967746,AAPL,TRADE,272.23,2,0.0,0.0
1766137783145221956,AAPL,TRADE,272.23,2,0.0,0.0
1766137783145320877,AAPL,QUOTE,0.0,0,272.0,272.39
1766137783146950171,AAPL,QUOTE,0.0,0,272.0,272.39
1766137783149401815,AAPL,QUOTE,0.0,0,272.0,272.38
1766137785503439970,AAPL,TRADE,272.2,6,0.0,0.0
1766137785503494927,AAPL,TRADE,272.21,30,0.0,0.0
1766137785503495000,AAPL,TRADE,272.22,10,0.0,0.0
1766137785503734879,AAPL,TRADE,272.2,3,0.0,0.0
1766137785503736934,AAPL,TRADE,272.2,97,0.0,0.0
1766137790884792805,AAPL,TRADE,272.19,1,0.0,0.0
1766137816832887516,AAPL,TRADE,272.21,15,0.0,0.0
1766137824693487382,AAPL,QUOTE,0.0,0,272.0,272.39
1766137824696024831,AAPL,QUOTE,0.0,0,272.0,272.26
1766137832731720598,AAPL,TRADE,272.18,20,0.0,0.0
1766137848472912303,AAPL,QUOTE,0.0,0,272.0,272.39
1766137848476372839,AAPL,QUOTE,0.0,0,272.0,272.27
1766137851479232621,AAPL,QUOTE,0.0,0,272.0,272.39
1766137851481643737,AAPL,QUOTE,0.0,0,272.0,272.38
1766137851528346679,AAPL,TRADE,272.17,10,0.0,0.0
1766137861482027897,AAPL,QUOTE,0.0,0,272.0,272.39
1766137861484766921,AAPL,QUOTE,0.0,0,272.0,272.26
1766137883040570368,AAPL,TRADE,272.17,8,0.0,0.0
1766137888622427953,AAPL,TRADE,272.13,17,0.0,0.0
1766137889465011455,AAPL,QUOTE,0.0,0,272.0,272.39
1766137889467449532,AAPL,QUOTE,0.0,0,272.0,272.26
1766137889477602658,AAPL,QUOTE,0.0,0,272.0,272.39
1766137889479884806,AAPL,QUOTE,0.0,0,272.0,272.26
1766137901260939435,AAPL,QUOTE,0.0,0,272.0,272.39
1766137901263759581,AAPL,QUOTE,0.0,0,272.0,272.27
1766137904266260024,AAPL,QUOTE,0.0,0,272.0,272.39
1766137904268696777,AAPL,QUOTE,0.0,0,272.0,272.38
1766137914268306465,AAPL,QUOTE,0.0,0,272.0,272.39
1766137914270649620,AAPL,QUOTE,0.0,0,272.0,272.26
1766137930526744728,AAPL,TRADE,272.18,1,0.0,0.0
1766137932634303686,AAPL,QUOTE,0.0,0,272.0,272.39
1766137932637305100,AAPL,QUOTE,0.0,0,272.0,272.26
1766137932729835615,AAPL,QUOTE,0.0,0,272.0,272.39
1766137932732285079,AAPL,QUOTE,0.0,0,272.0,272.27
1766137935734994243,AAPL,QUOTE,0.0,0,272.0,272.39
1766137935737604931,AAPL,QUOTE,0.0,0,272.0,272.29
1766137946981589046,AAPL,QUOTE,0.0,0,272.0,272.39
1766137946984079065,AAPL,QUOTE,0.0,0,272.0,272.27
1766137948566767866,AAPL,QUOTE,0.0,0,272.0,272.39
1766137948569346020,AAPL,QUOTE,0.0,0,272.0,272.38
1766137962746845388,AAPL,QUOTE,0.0,0,272.0,272.39
1766137962749595067,AAPL,QUOTE,0.0,0,272.0,272.27
1766137964598848825,AAPL,TRADE,272.19,1,0.0,0.0
1766137964598885791,AAPL,TRADE,272.22,1,0.0,0.0
1766137964599212362,AAPL,TRADE,272.19,3,0.0,0.0
1766137964599226524,AAPL,TRADE,272.22,3,0.0,0.0
1766137964599345407,AAPL,TRADE,272.22,1,0.0,0.0
1766137964599692045,AAPL,TRADE,272.23,3,0.0,0.0
1766137964600892225,AAPL,QUOTE,0.0,0,272.0,272.39
1766137964603370303,AAPL,QUOTE,0.0,0,272.0,272.38
1766137967420152123,AAPL,TRADE,272.18,1,0.0,0.0
1766137976837799208,AAPL,TRADE,272.18,40,0.0,0.0
1766137976837801896,AAPL,QUOTE,0.0,0,272.0,272.18
1766137976837902577,AAPL,TRADE,272.18,3,0.0,0.0
1766137976837972820,AAPL,TRADE,272.18,157,0.0,0.0
1766137976837973718,AAPL,QUOTE,0.0,0,272.0,272.38
1766137976839866445,AAPL,QUOTE,0.0,0,272.0,272.39
1766137976846143988,AAPL,QUOTE,0.0,0,272.0,272.38
1766137990498399755,AAPL,QUOTE,0.0,0,272.0,272.39
1766137990503316386,AAPL,QUOTE,0.0,0,272.0,272.27
1766137991293487971,AAPL,QUOTE,0.0,0,272.0,272.39
1766137991295903528,AAPL,QUOTE,0.0,0,272.0,272.38
1766137991296333134,AAPL,QUOTE,0.0,0,272.0,272.38
1766137991306698502,AAPL,QUOTE,0.0,0,272.0,272.38
1766138006444284313,AAPL,TRADE,272.2,1,0.0,0.0
1766138007567543060,AAPL,QUOTE,0.0,0,272.0,272.39
1766138007570397469,AAPL,QUOTE,0.0,0,272.0,272.24
1766138007570429268,AAPL,TRADE,272.19,1,0.0,0.0
1766138012603238418,AAPL,QUOTE,0.0,0,272.0,272.39
1766138012609030084,AAPL,QUOTE,0.0,0,272.0,272.24
1766138016125407296,AAPL,TRADE,272.18,2,0.0,0.0
1766138017654336351,AAPL,QUOTE,0.0,0,272.0,272.39
1766138017656679918,AAPL,QUOTE,0.0,0,272.0,272.24
1766138030320577880,AAPL,TRADE,272.22,1,0.0,0.0
1766138030320911897,AAPL,TRADE,272.2,19,0.0,0.0
1766138030321911233,AAPL,TRADE,272.23,1,0.0,0.0
1766138030322190966,AAPL,TRADE,272.24,4,0.0,0.0
1766138030323702653,AAPL,QUOTE,0.0,0,272.0,272.39
1766138030327029378,AAPL,QUOTE,0.0,0,272.0,272.38
1766138049160558698,AAPL,QUOTE,0.0,0,272.04,272.38
1766138049169043595,AAPL,QUOTE,0.0,0,272.0,272.38
1766138049171622970,AAPL,QUOTE,0.0,0,272.03,272.38
1766138049533406815,AAPL,QUOTE,0.0,0,272.0,272.38
1766138057461068346,AAPL,TRADE,272.26,6,0.0,0.0
1766138057461127110,AAPL,TRADE,272.25,3,0.0,0.0
1766138057461393299,AAPL,TRADE,272.25,2,0.0,0.0
1766138057461394805,AAPL,TRADE,272.27,2,0.0,0.0
1766138057530214245,AAPL,QUOTE,0.0,0,272.0,272.39
1766138059538802123,AAPL,QUOTE,0.0,0,272.04,272.39
1766138059662978386,AAPL,QUOTE,0.0,0,272.0,272.39
1766138059665326438,AAPL,QUOTE,0.0,0,272.04,272.39
1766138060992587928,AAPL,QUOTE,0.0,0,272.0,272.39
1766138111955741240,AAPL,TRADE,272.27,5,0.0,0.0
1766138111956340064,AAPL,TRADE,272.27,1,0.0,0.0
1766138119118567997,AAPL,TRADE,272.27,4,0.0,0.0
1766138119118592082,AAPL,TRADE,272.26,1,0.0,0.0
1766138119118626810,AAPL,TRADE,272.27,10,0.0,0.0
1766138125951771050,AAPL,QUOTE,0.0,0,272.0,272.26
1766138138065230282,AAPL,TRADE,272.24,1,0.0,0.0
1766138159899039107,AAPL,TRADE,272.24,1,0.0,0.0
1766138164108946068,AAPL,QUOTE,0.0,0,272.0,272.38
1766138164111174839,AAPL,QUOTE,0.0,0,272.0,272.39
1766138164112058697,AAPL,QUOTE,0.0,0,272.0,272.2
1766138164112115787,AAPL,TRADE,272.2,5,0.0,0.0
1766138164112116028,AAPL,QUOTE,0.0,0,272.0,272.39
1766138164119799034,AAPL,QUOTE,0.0,0,272.0,272.38
1766138165020060974,AAPL,TRADE,272.18,100,0.0,0.0
1766138165020554710,AAPL,TRADE,272.18,95,0.0,0.0
1766138167777442424,AAPL,TRADE,272.17,1,0.0,0.0
1766138169912226272,AAPL,TRADE,272.2,70,0.0,0.0
1766138169912282070,AAPL,TRADE,272.2,1,0.0,0.0
1766138183598738973,AAPL,TRADE,272.2,24,0.0,0.0
1766138183601538331,AAPL,TRADE,272.23,26,0.0,0.0
1766138187264413249,AAPL,TRADE,272.17,5,0.0,0.0
1766138209521612185,AAPL,TRADE,272.18,19,0.0,0.0
1766138240185201951,AAPL,TRADE,272.15,4,0.0,0.0
1766138240197797090,AAPL,TRADE,272.18,20,0.0,0.0
1766138240198331350,AAPL,TRADE,272.18,20,0.0,0.0
1766138243940119742,AAPL,QUOTE,0.0,0,272.0,272.45
1766138243944254846,AAPL,QUOTE,0.0,0,272.0,272.4
1766138254809666443,AAPL,QUOTE,0.0,0,272.0,272.39
1766138254809824579,AAPL,TRADE,272.18,1,0.0,0.0
1766138254813770808,AAPL,QUOTE,0.0,0,272.0,272.38
1766138301994811484,AAPL,TRADE,272.2,20,0.0,0.0
1766138301994898951,AAPL,TRADE,272.2,2,0.0,0.0
1766138301994900228,AAPL,TRADE,272.2,28,0.0,0.0
1766138301999118981,AAPL,TRADE,272.23,20,0.0,0.0
1766138301999401348,AAPL,QUOTE,0.0,0,272.0,272.39
1766138302003467140,AAPL,QUOTE,0.0,0,272.0,272.38
1766138302115795898,AAPL,QUOTE,0.0,0,272.01,272.38
1766138364959201421,AAPL,QUOTE,0.0,0,272.15,272.38
1766138364959277830,AAPL,TRADE,272.25,1,0.0,0.0
1766138370600028333,AAPL,TRADE,272.25,1,0.0,0.0
1766138370600091071,AAPL,TRADE,272.25,3,0.0,0.0
1766138370601574639,AAPL,QUOTE,0.0,0,272.15,272.39
1766138370603911474,AAPL,QUOTE,0.0,0,272.15,272.39
1766138370672359478,AAPL,QUOTE,0.0,0,272.15,272.39
1766138389924408196,AAPL,TRADE,272.24,7,0.0,0.0
1766138389924410316,AAPL,TRADE,272.24,40,0.0,0.0
1766138389924410363,AAPL,TRADE,272.23,25,0.0,0.0
1766138389924526226,AAPL,TRADE,272.25,1,0.0,0.0
1766138401349678322,AAPL,QUOTE,0.0,0,272.15,272.44
1766138422907206861,AAPL,QUOTE,0.0,0,272.15,272.45
1766138422909821995,AAPL,QUOTE,0.0,0,272.15,272.45
1766138433238521069,AAPL,QUOTE,0.0,0,272.15,272.45
1766138433241017500,AAPL,QUOTE,0.0,0,272.15,272.44
1766138437981479348,AAPL,TRADE,272.28,6,0.0,0.0
1766138437981596781,AAPL,TRADE,272.28,80,0.0,0.0
1766138444557171797,AAPL,QUOTE,0.0,0,272.15,272.45
1766138444559596572,AAPL,QUOTE,0.0,0,272.15,272.41
1766138447562282131,AAPL,QUOTE,0.0,0,272.15,272.45
1766138447564730066,AAPL,QUOTE,0.0,0,272.15,272.44
1766138447865185962,AAPL,QUOTE,0.0,0,272.15,272.45
1766138447867427412,AAPL,QUOTE,0.0,0,272.15,272.4
1766138457273994187,AAPL,QUOTE,0.0,0,272.15,272.45
1766138457276506413,AAPL,QUOTE,0.0,0,272.15,272.41
1766138460278972380,AAPL,QUOTE,0.0,0,272.15,272.45
1766138460281842117,AAPL,QUOTE,0.0,0,272.15,272.44
1766138460582241006,AAPL,QUOTE,0.0,0,272.15,272.45
1766138460584737212,AAPL,QUOTE,0.0,0,272.15,272.4
1766138460959849449,AAPL,QUOTE,0.0,0,272.15,272.45
1766138460962294103,AAPL,QUOTE,0.0,0,272.15,272.4
1766138462053879494,AAPL,QUOTE,0.0,0,272.15,272.45
1766138462056510788,AAPL,QUOTE,0.0,0,272.15,272.41
1766138465060070191,AAPL,QUOTE,0.0,0,272.15,272.45
1766138465063169797,AAPL,QUOTE,0.0,0,272.15,272.44
1766138465365047787,AAPL,QUOTE,0.0,0,272.15,272.45
1766138465368432654,AAPL,QUOTE,0.0,0,272.15,272.4
1766138477760006934,AAPL,QUOTE,0.0,0,272.15,272.45
1766138477763148905,AAPL,QUOTE,0.0,0,272.15,272.35
1766138477856174381,AAPL,QUOTE,0.0,0,272.15,272.45
1766138477858727079,AAPL,QUOTE,0.0,0,272.15,272.4
1766138488584879013,AAPL,QUOTE,0.0,0,272.15,272.45
1766138488587305502,AAPL,QUOTE,0.0,0,272.15,272.35
1766138490586670772,AAPL,QUOTE,0.0,0,272.15,272.45
1766138490589090787,AAPL,QUOTE,0.0,0,272.15,272.4
1766138496988159962,AAPL,QUOTE,0.0,0,272.15,272.45
1766138496998063675,AAPL,QUOTE,0.0,0,272.15,272.41
1766138500787024228,AAPL,QUOTE,0.0,0,272.15,272.45
1766138500790116252,AAPL,QUOTE,0.0,0,272.15,272.44
1766138506749307920,AAPL,QUOTE,0.0,0,272.15,272.45
1766138506752095227,AAPL,QUOTE,0.0,0,272.15,272.41
1766138509430740704,AAPL,TRADE,272.28,10,0.0,0.0
1766138513225802895,AAPL,QUOTE,0.0,0,272.15,272.45
1766138513228562154,AAPL,QUOTE,0.0,0,272.15,272.44
1766138513701302823,AAPL,QUOTE,0.0,0,272.15,272.45
1766138513703950281,AAPL,QUOTE,0.0,0,272.15,272.34
1766138513706294596,AAPL,QUOTE,0.0,0,272.15,272.45
1766138513708687623,AAPL,QUOTE,0.0,0,272.15,272.4
1766138516710043099,AAPL,QUOTE,0.0,0,272.15,272.45
1766138516712142190,AAPL,QUOTE,0.0,0,272.15,272.41
1766138519714514395,AAPL,QUOTE,0.0,0,272.15,272.45
1766138519717107582,AAPL,QUOTE,0.0,0,272.15,272.44
1766138530019972556,AAPL,QUOTE,0.0,0,272.15,272.45
1766138530022902647,AAPL,QUOTE,0.0,0,272.15,272.41
1766138533025491640,AAPL,QUOTE,0.0,0,272.15,272.45
1766138533028395531,AAPL,QUOTE,0.0,0,272.15,272.34
1766138534027900092,AAPL,QUOTE,0.0,0,272.15,272.45
1766138534030596692,AAPL,QUOTE,0.0,0,272.15,272.41
1766138537032927220,AAPL,QUOTE,0.0,0,272.15,272.45
1766138537035248189,AAPL,QUOTE,0.0,0,272.15,272.44
1766138537771854239,AAPL,TRADE,272.28,1,0.0,0.0
1766138547036162786,AAPL,QUOTE,0.0,0,272.15,272.45
1766138547038513064,AAPL,QUOTE,0.0,0,272.15,272.4
1766138564417187584,AAPL,QUOTE,0.0,0,272.15,272.45
1766138564419576773,AAPL,QUOTE,0.0,0,272.15,272.4
1766138566873153039,AAPL,QUOTE,0.0,0,272.15,272.45
1766138566875587475,AAPL,QUOTE,0.0,0,272.15,272.41
1766138567793065982,AAPL,QUOTE,0.0,0,272.15,272.45
1766138567795288689,AAPL,QUOTE,0.0,0,272.15,272.44
1766138586254237535,AAPL,QUOTE,0.0,0,272.15,272.45
1766138586257855050,AAPL,QUOTE,0.0,0,272.15,272.4
1766138586266682460,AAPL,QUOTE,0.0,0,272.15,272.45
1766138586269103783,AAPL,QUOTE,0.0,0,272.15,272.44
1766138593577079497,AAPL,QUOTE,0.0,0,272.15,272.45
1766138593581234852,AAPL,QUOTE,0.0,0,272.15,272.34
1766138594409809075,AAPL,QUOTE,0.0,0,272.15,272.45
1766138594412456663,AAPL,QUOTE,0.0,0,272.15,272.41
1766138597414684102,AAPL,QUOTE,0.0,0,272.15,272.45
1766138597417665096,AAPL,QUOTE,0.0,0,272.15,272.44
1766138609019516560,AAPL,TRADE,272.27,3,0.0,0.0
1766138609720057994,AAPL,QUOTE,0.0,0,272.15,272.45
1766138609722529391,AAPL,QUOTE,0.0,0,272.15,272.41
1766138609725114849,AAPL,QUOTE,0.0,0,272.15,272.45
1766138609727692588,AAPL,QUOTE,0.0,0,272.15,272.44
1766138615063018885,AAPL,TRADE,272.27,2,0.0,0.0
1766138622859009099,AAPL,QUOTE,0.0,0,272.15,272.45
1766138622861505887,AAPL,QUOTE,0.0,0,272.15,272.41
1766138627060881202,AAPL,QUOTE,0.0,0,272.15,272.45
1766138627063718657,AAPL,QUOTE,0.0,0,272.15,272.44
1766138633061595766,AAPL,TRADE,272.24,1,0.0,0.0
1766138633779893802,AAPL,TRADE,272.21,1,0.0,0.0
1766138633779895285,AAPL,TRADE,272.16,1,0.0,0.0
1766138637063478307,AAPL,QUOTE,0.0,0,272.15,272.45
1766138637066094228,AAPL,QUOTE,0.0,0,272.15,272.4
1766138638773646867,AAPL,TRADE,272.25,1,0.0,0.0
1766138640393414652,AAPL,QUOTE,0.0,0,272.15,272.45
1766138640396097249,AAPL,QUOTE,0.0,0,272.15,272.41
1766138640620526982,AAPL,TRADE,272.25,2,0.0,0.0
1766138640620607165,AAPL,TRADE,272.25,2,0.0,0.0
1766138643399137877,AAPL,QUOTE,0.0,0,272.15,272.45
1766138643401966053,AAPL,QUOTE,0.0,0,272.15,272.44
1766138645415747250,AAPL,TRADE,272.26,1,0.0,0.0
1766138650680109352,AAPL,TRADE,272.24,2,0.0,0.0
1766138653401996909,AAPL,QUOTE,0.0,0,272.15,272.45
1766138653404563759,AAPL,QUOTE,0.0,0,272.15,272.4
1766138661691705823,AAPL,TRADE,272.25,2,0.0,0.0
1766138664794681518,AAPL,TRADE,272.2,1,0.0,0.0
1766138664795037495,AAPL,TRADE,272.16,21,0.0,0.0
1766138665054039397,AAPL,TRADE,272.16,17,0.0,0.0
1766138670421367867,AAPL,QUOTE,0.0,0,272.15,272.45
1766138670423771698,AAPL,QUOTE,0.0,0,272.15,272.41
1766138672083782477,AAPL,QUOTE,0.0,0,272.15,272.45
1766138672086259830,AAPL,QUOTE,0.0,0,272.15,272.44
1766138677899893769,AAPL,QUOTE,0.0,0,272.0,272.44
1766138677899951148,AAPL,TRADE,272.23,1,0.0,0.0
1766138677899978663,AAPL,TRADE,272.23,2,0.0,0.0
1766138678031961211,AAPL,QUOTE,0.0,0,272.2,272.44
1766138682086796546,AAPL,QUOTE,0.0,0,272.2,272.45
1766138682089810819,AAPL,QUOTE,0.0,0,272.2,272.39
1766138684246510784,AAPL,QUOTE,0.0,0,272.2,272.45
1766138684249564956,AAPL,QUOTE,0.0,0,272.2,272.4
1766138692707574453,AAPL,TRADE,272.24,2,0.0,0.0
1766138692707629138,AAPL,TRADE,272.24,2,0.0,0.0
1766138692707992855,AAPL,TRADE,272.24,2,0.0,0.0
1766138701784214875,AAPL,QUOTE,0.0,0,272.2,272.45
1766138701787655826,AAPL,QUOTE,0.0,0,272.2,272.41
1766138702779579826,AAPL,TRADE,272.24,2,0.0,0.0
1766138707088965110,AAPL,TRADE,272.24,1,0.0,0.0
1766138712781911613,AAPL,TRADE,272.24,2,0.0,0.0
1766138722286943428,AAPL,QUOTE,0.0,0,272.2,272.45
1766138722289485828,AAPL,QUOTE,0.0,0,272.2,272.39
1766138724169676156,AAPL,QUOTE,0.0,0,272.2,272.45
1766138724172852692,AAPL,QUOTE,0.0,0,272.2,272.39
1766138724182676490,AAPL,QUOTE,0.0,0,272.2,272.45
1766138724185533809,AAPL,QUOTE,0.0,0,272.2,272.4
1766138741418775931,AAPL,TRADE,272.2,22,0.0,0.0
1766138741418777057,AAPL,QUOTE,0.0,0,272.2,272.4
1766138741418982025,AAPL,QUOTE,0.0,0,272.2,272.4
1766138741418982727,AAPL,TRADE,272.2,125,0.0,0.0
1766138741418988538,AAPL,QUOTE,0.0,0,272.2,272.4
1766138741418989137,AAPL,TRADE,272.2,125,0.0,0.0
1766138741418993678,AAPL,QUOTE,0.0,0,272.2,272.4
1766138741418994267,AAPL,TRADE,272.2,125,0.0,0.0
1766138741419009223,AAPL,TRADE,272.2,3,0.0,0.0
1766138741419013681,AAPL,QUOTE,0.0,0,272.2,272.4
1766138741419014319,AAPL,TRADE,272.2,300,0.0,0.0
1766138741419015783,AAPL,QUOTE,0.0,0,272.2,272.4
1766138741419016366,AAPL,TRADE,272.2,29,0.0,0.0
1766138741419017749,AAPL,TRADE,272.2,40,0.0,0.0
1766138741419021595,AAPL,TRADE,272.2,1,0.0,0.0
1766138741419318393,AAPL,QUOTE,0.0,0,272.2,272.4
1766138741419319061,AAPL,TRADE,272.2,50,0.0,0.0
1766138741419344394,AAPL,TRADE,272.2,16,0.0,0.0
1766138741419462708,AAPL,TRADE,272.2,16,0.0,0.0
1766138741419557259,AAPL,TRADE,272.2,1,0.0,0.0
1766138741419579933,AAPL,TRADE,272.2,16,0.0,0.0
1766138741419593239,AAPL,QUOTE,0.0,0,272.0,272.4
1766138741419593320,AAPL,TRADE,272.2,132,0.0,0.0
1766138741419613832,AAPL,QUOTE,0.0,0,272.0,272.26
1766138741419677365,AAPL,QUOTE,0.0,0,272.0,272.3
1766138741419698759,AAPL,QUOTE,0.0,0,272.0,272.3
1766138741419735640,AAPL,TRADE,272.2,40,0.0,0.0
1766138741419735741,AAPL,TRADE,272.2,60,0.0,0.0
1766138741419986434,AAPL,QUOTE,0.0,0,272.0,272.3
1766138741420126056,AAPL,TRADE,272.15,3,0.0,0.0
1766138741420129420,AAPL,QUOTE,0.0,0,272.0,272.3
1766138741420225748,AAPL,TRADE,272.15,1,0.0,0.0
1766138741420312068,AAPL,TRADE,272.15,2,0.0,0.0
1766138741420313900,AAPL,TRADE,272.15,1,0.0,0.0
1766138741420313951,AAPL,TRADE,272.15,1,0.0,0.0
1766138741421612485,AAPL,QUOTE,0.0,0,272.0,272.4
1766138741422488801,AAPL,QUOTE,0.0,0,272.0,272.45
1766138741424996512,AAPL,QUOTE,0.0,0,272.0,272.4
1766138753342165205,AAPL,TRADE,272.11,6,0.0,0.0
1766138753342226212,AAPL,TRADE,272.11,1,0.0,0.0
1766138753342262152,AAPL,TRADE,272.12,12,0.0,0.0
1766138753342497123,AAPL,TRADE,272.13,1,0.0,0.0
1766138753342595945,AAPL,TRADE,272.1,2,0.0,0.0
1766138754315509671,AAPL,TRADE,272.1,22,0.0,0.0
1766138754640177655,AAPL,TRADE,272.09,6,0.0,0.0
1766138754640232711,AAPL,TRADE,272.06,1,0.0,0.0
1766138754640286364,AAPL,TRADE,272.09,1,0.0,0.0
1766138754640295324,AAPL,TRADE,272.09,5,0.0,0.0
1766138754640622959,AAPL,TRADE,272.06,4,0.0,0.0
1766138755298998115,AAPL,QUOTE,0.0,0,272.0,272.45
1766138755301821960,AAPL,QUOTE,0.0,0,272.0,272.4
1766138755503541827,AAPL,TRADE,272.06,22,0.0,0.0
1766138760355907146,AAPL,TRADE,272.06,22,0.0,0.0
1766138760357271651,AAPL,TRADE,272.06,22,0.0,0.0
1766138760366014542,AAPL,TRADE,272.04,22,0.0,0.0
1766138761167201752,AAPL,QUOTE,0.0,0,272.0,272.26
1766138799856346901,AAPL,TRADE,272.23,40,0.0,0.0
1766138817088305636,AAPL,TRADE,272.22,4,0.0,0.0
1766138823185867512,AAPL,QUOTE,0.0,0,272.0,272.34
1766138823185947188,AAPL,QUOTE,0.0,0,272.0,272.23
1766138829708642821,AAPL,TRADE,272.2,1,0.0,0.0
1766138833197269931,AAPL,QUOTE,0.0,0,272.0,272.23
1766138835259134460,AAPL,QUOTE,0.0,0,272.0,272.23
1766138835261877142,AAPL,QUOTE,0.0,0,272.0,272.23
1766138835464845705,AAPL,QUOTE,0.0,0,272.0,272.23
1766138842049279394,AAPL,QUOTE,0.0,0,272.0,272.22
1766138842049479633,AAPL,QUOTE,0.0,0,272.0,272.22
1766138842207860409,AAPL,QUOTE,0.0,0,272.0,272.22
1766138842512971701,AAPL,QUOTE,0.0,0,272.0,272.21
1766138842513132883,AAPL,QUOTE,0.0,0,272.0,272.21
1766138842812613661,AAPL,QUOTE,0.0,0,272.0,272.21
1766138842815007219,AAPL,QUOTE,0.0,0,272.0,272.2
1766138842815192414,AAPL,QUOTE,0.0,0,272.0,272.2
1766138842817454850,AAPL,QUOTE,0.0,0,272.0,272.2
1766138852028472111,AAPL,QUOTE,0.0,0,272.0,272.1
1766138852118185127,AAPL,TRADE,272.09,9,0.0,0.0
1766138856107954371,AAPL,TRADE,272.01,1,0.0,0.0
1766138856108086515,AAPL,TRADE,272.01,1,0.0,0.0
1766138856108370482,AAPL,TRADE,272.03,2,0.0,0.0
1766138856108371671,AAPL,TRADE,272.01,2,0.0,0.0
1766138856436900303,AAPL,TRADE,272.0,1,0.0,0.0
1766138856436907872,AAPL,TRADE,272.0,2,0.0,0.0
1766138856436911556,AAPL,TRADE,272.0,1,0.0,0.0
1766138856436915304,AAPL,TRADE,272.0,1,0.0,0.0
1766138856436920000,AAPL,TRADE,272.0,2,0.0,0.0
1766138856436926662,AAPL,TRADE,272.0,1,0.0,0.0
1766138856436930191,AAPL,TRADE,272.0,1,0.0,0.0
1766138856436934001,AAPL,TRADE,272.0,10,0.0,0.0
1766138856436938032,AAPL,TRADE,272.0,2,0.0,0.0
1766138856436943108,AAPL,TRADE,272.0,1,0.0,0.0
1766138857027236786,AAPL,TRADE,272.08,100,0.0,0.0
1766138857027719982,AAPL,TRADE,272.09,40,0.0,0.0
1766138862908402387,AAPL,TRADE,272.01,1,0.0,0.0
1766138880466646673,AAPL,TRADE,272.01,1,0.0,0.0
1766138883736184471,AAPL,TRADE,272.01,2,0.0,0.0
1766138883736756131,AAPL,TRADE,272.0,17,0.0,0.0
1766138883736860380,AAPL,TRADE,272.0,2,0.0,0.0
1766138883736868755,AAPL,TRADE,272.0,1,0.0,0.0
1766138901619014334,AAPL,QUOTE,0.0,0,272.0,272.1
1766138951546435243,AAPL,TRADE,272.08,1,0.0,0.0
1766138965634114034,AAPL,TRADE,272.05,3,0.0,0.0
1766139008919690653,AAPL,TRADE,272.03,3,0.0,0.0
1766139022206104646,AAPL,TRADE,272.03,3,0.0,0.0
1766139022206499546,AAPL,QUOTE,0.0,0,272.0,272.22
1766139022217691986,AAPL,QUOTE,0.0,0,272.0,272.1
1766139065682579377,AAPL,TRADE,272.09,20,0.0,0.0
1766139066997225601,AAPL,TRADE,272.08,40,0.0,0.0
1766139066997256640,AAPL,TRADE,272.08,40,0.0,0.0
1766139095032029743,AAPL,TRADE,272.08,45,0.0,0.0
1766139168888383075,AAPL,TRADE,272.06,5,0.0,0.0
1766139178459471227,AAPL,TRADE,272.08,1,0.0,0.0
1766139178459826601,AAPL,TRADE,272.08,55,0.0,0.0
1766139178459880628,AAPL,TRADE,272.08,42,0.0,0.0
1766139179304099868,AAPL,TRADE,272.09,7,0.0,0.0
1766139179652238396,AAPL,TRADE,272.1,1,0.0,0.0
1766139181440843093,AAPL,TRADE,272.1,1,0.0,0.0
1766139181441126458,AAPL,TRADE,272.1,6,0.0,0.0
1766139181441127150,AAPL,QUOTE,0.0,0,272.0,272.25
1766139181442321256,AAPL,TRADE,272.18,8,0.0,0.0
1766139181451670524,AAPL,QUOTE,0.0,0,272.0,272.21
1766139257015688680,AAPL,TRADE,272.12,1,0.0,0.0
1766139264421412131,AAPL,QUOTE,0.0,0,272.0,272.2
1766139266075032817,AAPL,QUOTE,0.0,0,272.0,272.2
1766139271481160033,AAPL,TRADE,272.18,22,0.0,0.0
1766139296734726843,AAPL,QUOTE,0.0,0,272.01,272.2
1766139304426656831,AAPL,QUOTE,0.0,0,272.04,272.2
1766139323930361500,AAPL,QUOTE,0.0,0,272.01,272.2
1766139323933468497,AAPL,QUOTE,0.0,0,272.03,272.2
1766139324463750405,AAPL,QUOTE,0.0,0,272.01,272.2
1766139334473595393,AAPL,QUOTE,0.0,0,272.02,272.2
1766139336145840951,AAPL,QUOTE,0.0,0,272.01,272.2
1766139353461134126,AAPL,TRADE,272.12,80,0.0,0.0
1766139353855106218,AAPL,TRADE,272.19,30,0.0,0.0
1766139358301418562,AAPL,QUOTE,0.0,0,272.01,272.2
1766139358301419889,AAPL,TRADE,272.2,100,0.0,0.0
1766139358301430614,AAPL,TRADE,272.21,6,0.0,0.0
1766139358301439876,AAPL,QUOTE,0.0,0,272.07,272.2
1766139358301443433,AAPL,QUOTE,0.0,0,272.12,272.2
1766139358301451967,AAPL,TRADE,272.2,4,0.0,0.0
1766139358301497483,AAPL,QUOTE,0.0,0,272.07,272.2
1766139358301521706,AAPL,QUOTE,0.0,0,272.07,272.2
1766139358301803573,AAPL,QUOTE,0.0,0,272.07,272.2
1766139358301873065,AAPL,TRADE,272.2,126,0.0,0.0
1766139358301873549,AAPL,QUOTE,0.0,0,272.07,272.34
1766139358301876439,AAPL,QUOTE,0.0,0,272.07,272.34
1766139358301900710,AAPL,QUOTE,0.0,0,272.07,272.34
1766139358301904277,AAPL,QUOTE,0.0,0,272.07,272.34
1766139358302065799,AAPL,TRADE,272.26,1,0.0,0.0
1766139358302402834,AAPL,TRADE,272.26,1,0.0,0.0
1766139358303437532,AAPL,QUOTE,0.0,0,272.01,272.34
1766139358370624357,AAPL,QUOTE,0.0,0,272.01,272.35
1766139358378960400,AAPL,QUOTE,0.0,0,272.04,272.35
1766139358654740065,AAPL,QUOTE,0.0,0,272.01,272.35
1766139375901121068,AAPL,TRADE,272.21,22,0.0,0.0
1766139375904713210,AAPL,TRADE,272.21,22,0.0,0.0
1766139378460558710,AAPL,QUOTE,0.0,0,272.03,272.35
1766139381467553371,AAPL,QUOTE,0.0,0,272.01,272.35
1766139381469859193,AAPL,QUOTE,0.0,0,272.02,272.35
1766139394525656489,AAPL,QUOTE,0.0,0,272.01,272.35
1766139458957517026,AAPL,TRADE,272.28,100,0.0,0.0
1766139458957520050,AAPL,TRADE,272.3,40,0.0,0.0
1766139458957520105,AAPL,TRADE,272.3,30,0.0,0.0
1766139458957520374,AAPL,TRADE,272.32,177,0.0,0.0
1766139458957523602,AAPL,QUOTE,0.0,0,272.01,272.44
1766139458957524188,AAPL,TRADE,272.32,40,0.0,0.0
1766139458957528327,AAPL,TRADE,272.33,40,0.0,0.0
1766139458957529894,AAPL,TRADE,272.33,100,0.0,0.0
1766139458957529937,AAPL,TRADE,272.33,2,0.0,0.0
1766139458957531082,AAPL,TRADE,272.34,25,0.0,0.0
1766139458957534864,AAPL,TRADE,272.34,100,0.0,0.0
1766139458957536941,AAPL,TRADE,272.34,100,0.0,0.0
1766139458957611980,AAPL,QUOTE,0.0,0,272.1,272.44
1766139458957627556,AAPL,QUOTE,0.0,0,272.1,272.35
1766139458957643653,AAPL,QUOTE,0.0,0,272.03,272.35
1766139458959056567,AAPL,TRADE,272.34,100,0.0,0.0
1766139458959057742,AAPL,TRADE,272.35,6,0.0,0.0
1766139458959333408,AAPL,TRADE,272.35,80,0.0,0.0
1766139458959333453,AAPL,TRADE,272.35,2,0.0,0.0
1766139458959333985,AAPL,QUOTE,0.0,0,272.03,272.44
1766139458959334426,AAPL,TRADE,272.35,32,0.0,0.0
1766139458959376755,AAPL,QUOTE,0.0,0,272.1,272.44
1766139458959408397,AAPL,QUOTE,0.0,0,272.03,272.44
1766139458960855290,AAPL,QUOTE,0.0,0,272.01,272.44
1766139459028447593,AAPL,QUOTE,0.0,0,272.01,272.45
1766139460963990443,AAPL,QUOTE,0.0,0,272.03,272.45
1766139515938844057,AAPL,TRADE,272.35,2,0.0,0.0
1766139518684418384,AAPL,TRADE,272.35,22,0.0,0.0
1766139575998514022,AAPL,TRADE,272.3,1,0.0,0.0
1766139586589250508,AAPL,TRADE,272.35,3,0.0,0.0
1766139644551557215,AAPL,TRADE,272.35,1,0.0,0.0
1766139667724544882,AAPL,TRADE,272.35,1,0.0,0.0
1766139667724560468,AAPL,QUOTE,0.0,0,272.01,272.45
1766139667729396731,AAPL,QUOTE,0.0,0,272.04,272.45
1766139669412478386,AAPL,TRADE,272.35,1,0.0,0.0
1766139677731870986,AAPL,QUOTE,0.0,0,272.0,272.45
1766139677734353664,AAPL,QUOTE,0.0,0,272.06,272.45
1766139687734359563,AAPL,QUOTE,0.0,0,272.0,272.45
1766139687737021656,AAPL,QUOTE,0.0,0,272.08,272.45
1766139698741198610,AAPL,QUOTE,0.0,0,272.0,272.45
1766139698745543301,AAPL,QUOTE,0.0,0,272.09,272.45
1766139701753884448,AAPL,QUOTE,0.0,0,272.0,272.45
1766139701757077615,AAPL,QUOTE,0.0,0,272.04,272.45
1766139711756750337,AAPL,QUOTE,0.0,0,272.0,272.45
1766139711759141383,AAPL,QUOTE,0.0,0,272.09,272.45
1766139714761707053,AAPL,QUOTE,0.0,0,272.0,272.45
1766139714764430832,AAPL,QUOTE,0.0,0,272.06,272.45
1766139720065905915,AAPL,QUOTE,0.0,0,272.04,272.45
1766139720071951166,AAPL,TRADE,272.35,1,0.0,0.0
1766139725829993534,AAPL,QUOTE,0.0,0,272.05,272.45
1766139727392836864,AAPL,TRADE,272.35,22,0.0,0.0
1766139727397113809,AAPL,TRADE,272.35,22,0.0,0.0
1766139727404170472,AAPL,TRADE,272.35,22,0.0,0.0
1766139727411346656,AAPL,TRADE,272.35,22,0.0,0.0
1766139727883621367,AAPL,TRADE,272.35,22,0.0,0.0
1766139727885201689,AAPL,TRADE,272.35,22,0.0,0.0
1766139729429945877,AAPL,TRADE,272.35,22,0.0,0.0
1766139729444153424,AAPL,TRADE,272.35,22,0.0,0.0
1766139730071791418,AAPL,QUOTE,0.0,0,272.06,272.45
1766139730108182171,AAPL,TRADE,272.35,22,0.0,0.0
1766139730116322979,AAPL,TRADE,272.35,1,0.0,0.0
1766139730116323033,AAPL,TRADE,272.34,21,0.0,0.0
1766139740778819584,AAPL,QUOTE,0.0,0,272.06,272.45
1766139740781208784,AAPL,QUOTE,0.0,0,272.08,272.45
1766139745763505272,AAPL,QUOTE,0.0,0,272.06,272.45
1766139765773328732,AAPL,QUOTE,0.0,0,272.07,272.45
1766139768777164018,AAPL,QUOTE,0.0,0,272.06,272.45
1766139791815676722,AAPL,TRADE,272.35,1,0.0,0.0
1766139791902047950,AAPL,QUOTE,0.0,0,272.1,272.45
1766139797934636668,AAPL,TRADE,272.38,19,0.0,0.0
1766139803811074339,AAPL,QUOTE,0.0,0,272.0,272.45
1766139803813897556,AAPL,QUOTE,0.0,0,272.12,272.45
1766139813814004440,AAPL,QUOTE,0.0,0,272.0,272.45
1766139813816280611,AAPL,QUOTE,0.0,0,272.13,272.45
1766139816826324668,AAPL,QUOTE,0.0,0,272.0,272.45
1766139816829064582,AAPL,QUOTE,0.0,0,272.04,272.45
1766139823059275118,AAPL,TRADE,272.35,143,0.0,0.0
1766139823059323386,AAPL,TRADE,272.35,143,0.0,0.0
1766139823059346611,AAPL,TRADE,272.35,1,0.0,0.0
1766139823059663571,AAPL,TRADE,272.35,143,0.0,0.0
1766139823109455247,AAPL,TRADE,272.35,2,0.0,0.0
1766139823109798498,AAPL,TRADE,272.35,1,0.0,0.0
1766139823109887242,AAPL,TRADE,272.35,1,0.0,0.0
1766139823109887774,AAPL,TRADE,272.37,1,0.0,0.0
1766139823109935833,AAPL,TRADE,272.35,1,0.0,0.0
1766139829101458540,AAPL,TRADE,272.35,1,0.0,0.0
1766139831823930910,AAPL,QUOTE,0.0,0,272.0,272.45
1766139831827064996,AAPL,QUOTE,0.0,0,272.13,272.45
1766139834270484226,AAPL,QUOTE,0.0,0,272.0,272.45
1766139834273165847,AAPL,QUOTE,0.0,0,272.06,272.45
1766139840013490551,AAPL,TRADE,272.35,1,0.0,0.0
1766139844273098555,AAPL,QUOTE,0.0,0,272.0,272.45
1766139844276112989,AAPL,QUOTE,0.0,0,272.13,272.45
1766139848984486748,AAPL,QUOTE,0.0,0,272.0,272.45
1766139848987256132,AAPL,QUOTE,0.0,0,272.04,272.45
1766139858986478396,AAPL,QUOTE,0.0,0,272.0,272.45
1766139858989233004,AAPL,QUOTE,0.0,0,272.13,272.45
1766139861480286259,AAPL,TRADE,272.38,2,0.0,0.0
1766139861992209094,AAPL,QUOTE,0.0,0,272.0,272.45
1766139861995437854,AAPL,QUOTE,0.0,0,272.04,272.45
1766139871995483641,AAPL,QUOTE,0.0,0,272.0,272.45
1766139871998910392,AAPL,QUOTE,0.0,0,272.13,272.45
1766139875001625658,AAPL,QUOTE,0.0,0,272.0,272.45
1766139875004576227,AAPL,QUOTE,0.0,0,272.04,272.45
1766139885004023213,AAPL,QUOTE,0.0,0,272.0,272.45
1766139885006790986,AAPL,QUOTE,0.0,0,272.13,272.45
1766139886452282209,AAPL,QUOTE,0.0,0,272.0,272.45
1766139886455050044,AAPL,QUOTE,0.0,0,272.04,272.45
1766139887302196088,AAPL,TRADE,272.35,20,0.0,0.0
1766139893104395783,AAPL,TRADE,272.36,10,0.0,0.0
1766139897460253901,AAPL,QUOTE,0.0,0,272.0,272.45
1766139897462683285,AAPL,QUOTE,0.0,0,272.13,272.45
1766139901245921445,AAPL,TRADE,272.4,2,0.0,0.0
1766139901245928830,AAPL,TRADE,272.4,1,0.0,0.0
1766139901245939498,AAPL,TRADE,272.4,1,0.0,0.0
1766139901245959880,AAPL,TRADE,272.4,10,0.0,0.0
1766139901246305203,AAPL,TRADE,272.38,4,0.0,0.0
1766139901246307448,AAPL,TRADE,272.38,3,0.0,0.0
1766139901246345589,AAPL,TRADE,272.38,4,0.0,0.0
1766139901246354251,AAPL,TRADE,272.38,3,0.0,0.0
1766139901246365985,AAPL,TRADE,272.43,10,0.0,0.0
1766139901246405833,AAPL,TRADE,272.38,4,0.0,0.0
1766139901246411349,AAPL,TRADE,272.38,3,0.0,0.0
1766139901246456966,AAPL,TRADE,272.38,4,0.0,0.0
1766139901246463055,AAPL,TRADE,272.38,3,0.0,0.0
1766139901246509441,AAPL,TRADE,272.38,4,0.0,0.0
1766139901246519460,AAPL,TRADE,272.38,3,0.0,0.0
1766139901246561720,AAPL,TRADE,272.38,4,0.0,0.0
1766139901246573542,AAPL,TRADE,272.38,3,0.0,0.0
1766139901246620237,AAPL,TRADE,272.38,4,0.0,0.0
1766139901246627698,AAPL,TRADE,272.38,3,0.0,0.0
1766139901246635550,AAPL,TRADE,272.38,4,0.0,0.0
1766139901246647273,AAPL,TRADE,272.38,3,0.0,0.0
1766139901246677534,AAPL,TRADE,272.38,4,0.0,0.0
1766139901246684957,AAPL,TRADE,272.38,3,0.0,0.0
1766139901246701015,AAPL,TRADE,272.38,18,0.0,0.0
1766139901246728106,AAPL,TRADE,272.4,4,0.0,0.0
1766139901246739354,AAPL,TRADE,272.4,4,0.0,0.0
1766139901246759281,AAPL,TRADE,272.4,4,0.0,0.0
1766139901246761785,AAPL,TRADE,272.4,3,0.0,0.0
1766139901246765935,AAPL,TRADE,272.4,4,0.0,0.0
1766139901246767236,AAPL,TRADE,272.4,3,0.0,0.0
1766139901246773623,AAPL,TRADE,272.4,3,0.0,0.0
1766139901246798830,AAPL,TRADE,272.4,6,0.0,0.0
1766139901246813934,AAPL,TRADE,272.4,3,0.0,0.0
1766139901246850650,AAPL,TRADE,272.4,6,0.0,0.0
1766139901246880526,AAPL,TRADE,272.4,6,0.0,0.0
1766139901246910335,AAPL,TRADE,272.4,6,0.0,0.0
1766139901246941093,AAPL,TRADE,272.4,6,0.0,0.0
1766139901246970951,AAPL,TRADE,272.4,6,0.0,0.0
1766139901247001174,AAPL,TRADE,272.4,6,0.0,0.0
1766139901247008522,AAPL,TRADE,272.4,3,0.0,0.0
1766139901247030536,AAPL,TRADE,272.4,6,0.0,0.0
1766139901247059515,AAPL,TRADE,272.4,3,0.0,0.0
1766139901247062114,AAPL,TRADE,272.4,6,0.0,0.0
1766139901247091985,AAPL,TRADE,272.4,6,0.0,0.0
1766139901247110760,AAPL,TRADE,272.4,3,0.0,0.0
1766139901247112193,AAPL,TRADE,272.4,40,0.0,0.0
1766139901247121929,AAPL,TRADE,272.4,6,0.0,0.0
1766139901247146782,AAPL,TRADE,272.44,1,0.0,0.0
1766139901247152304,AAPL,TRADE,272.4,6,0.0,0.0
1766139901247159581,AAPL,TRADE,272.44,5,0.0,0.0
1766139901247163962,AAPL,TRADE,272.4,3,0.0,0.0
1766139901247182020,AAPL,TRADE,272.4,6,0.0,0.0
1766139901247188258,AAPL,TRADE,272.44,2,0.0,0.0
1766139901247204102,AAPL,TRADE,272.4,3,0.0,0.0
1766139901247209635,AAPL,TRADE,272.4,3,0.0,0.0
1766139901247211464,AAPL,TRADE,272.4,20,0.0,0.0
1766139901247215878,AAPL,TRADE,272.4,3,0.0,0.0
1766139901247217253,AAPL,TRADE,272.4,6,0.0,0.0
1766139901247222679,AAPL,TRADE,272.4,7,0.0,0.0
1766139901247250861,AAPL,TRADE,272.4,6,0.0,0.0
1766139901247268336,AAPL,TRADE,272.4,3,0.0,0.0
1766139901247282764,AAPL,TRADE,272.4,6,0.0,0.0
1766139901247312747,AAPL,TRADE,272.4,6,0.0,0.0
1766139901247320081,AAPL,TRADE,272.4,3,0.0,0.0
1766139901247343883,AAPL,TRADE,272.4,6,0.0,0.0
1766139901247353089,AAPL,TRADE,272.4,4,0.0,0.0
1766139901247358980,AAPL,TRADE,272.4,3,0.0,0.0
1766139901247372532,AAPL,TRADE,272.4,3,0.0,0.0
1766139901247375485,AAPL,TRADE,272.4,6,0.0,0.0
1766139901247388962,AAPL,TRADE,272.4,19,0.0,0.0
1766139901247410288,AAPL,TRADE,272.45,6,0.0,0.0
1766139901247426736,AAPL,TRADE,272.4,3,0.0,0.0
1766139901247466919,AAPL,TRADE,272.4,119,0.0,0.0
1766139901247483533,AAPL,TRADE,272.4,9,0.0,0.0
1766139901247483584,AAPL,TRADE,272.41,3,0.0,0.0
1766139901247484840,AAPL,QUOTE,0.0,0,272.13,272.45
1766139901247485202,AAPL,TRADE,272.45,73,0.0,0.0
1766139901247492669,AAPL,TRADE,272.45,17,0.0,0.0
1766139901247526530,AAPL,TRADE,272.45,1,0.0,0.0
1766139901247544929,AAPL,TRADE,272.45,110,0.0,0.0
1766139901247549008,AAPL,QUOTE,0.0,0,272.13,272.49
1766139901247550364,AAPL,TRADE,272.45,1,0.0,0.0
1766139901247550498,AAPL,TRADE,272.45,2,0.0,0.0
1766139901247550594,AAPL,TRADE,272.45,1,0.0,0.0
1766139901247596742,AAPL,TRADE,272.46,1,0.0,0.0
1766139901247599282,AAPL,TRADE,272.46,1,0.0,0.0
1766139901247599425,AAPL,TRADE,272.46,14,0.0,0.0
1766139901247599472,AAPL,TRADE,272.46,1,0.0,0.0
1766139901247676808,AAPL,TRADE,272.46,2,0.0,0.0
1766139901247717708,AAPL,TRADE,272.46,4,0.0,0.0
1766139901247833040,AAPL,TRADE,272.46,1,0.0,0.0
1766139901247882893,AAPL,QUOTE,0.0,0,272.13,272.5
1766139901247883031,AAPL,TRADE,272.48,40,0.0,0.0
1766139901247883093,AAPL,TRADE,272.49,60,0.0,0.0
1766139901247995083,AAPL,TRADE,272.49,2,0.0,0.0
1766139901247996289,AAPL,TRADE,272.5,15,0.0,0.0
1766139901247997609,AAPL,TRADE,272.5,14,0.0,0.0
1766139901248363539,AAPL,QUOTE,0.0,0,272.13,272.62
1766139901248363960,AAPL,TRADE,272.49,40,0.0,0.0
1766139901248364010,AAPL,TRADE,272.49,54,0.0,0.0
1766139901248418322,AAPL,QUOTE,0.0,0,272.38,272.62
1766139901248453286,AAPL,TRADE,272.5,3,0.0,0.0
1766139901248467220,AAPL,TRADE,272.5,1,0.0,0.0
1766139901248553154,AAPL,TRADE,272.5,12,0.0,0.0
1766139901248637694,AAPL,QUOTE,0.0,0,272.13,272.62
1766139901248857256,AAPL,TRADE,272.5,26,0.0,0.0
1766139901248861528,AAPL,TRADE,272.5,1,0.0,0.0
1766139901248861585,AAPL,TRADE,272.5,1,0.0,0.0
1766139901248861761,AAPL,TRADE,272.5,1,0.0,0.0
1766139901384992125,AAPL,TRADE,272.46,4,0.0,0.0
1766139907606813152,AAPL,QUOTE,0.0,0,272.13,272.61
1766139909306013216,AAPL,QUOTE,0.0,0,272.0,272.61
1766139909310319877,AAPL,QUOTE,0.0,0,272.15,272.61
1766139910058036884,AAPL,QUOTE,0.0,0,272.15,272.62
1766139919310399949,AAPL,QUOTE,0.0,0,272.03,272.62
1766139919313092891,AAPL,QUOTE,0.0,0,272.17,272.62
1766139920063581050,AAPL,QUOTE,0.0,0,272.17,272.61
1766139923065994134,AAPL,QUOTE,0.0,0,272.17,272.62
1766139923373240531,AAPL,QUOTE,0.0,0,272.17,272.6
1766139926381970007,AAPL,QUOTE,0.0,0,272.17,272.62
1766139926876007828,AAPL,QUOTE,0.0,0,272.17,272.59
1766139930313819736,AAPL,QUOTE,0.0,0,272.03,272.59
1766139930316257886,AAPL,QUOTE,0.0,0,272.19,272.59
1766139938358204343,AAPL,TRADE,272.51,2,0.0,0.0
1766139938358206414,AAPL,TRADE,272.52,1,0.0,0.0
1766139938358206538,AAPL,TRADE,272.53,4,0.0,0.0
1766139940316231793,AAPL,QUOTE,0.0,0,272.03,272.59
1766139940319066078,AAPL,QUOTE,0.0,0,272.2,272.59
1766139941275217484,AAPL,QUOTE,0.0,0,272.01,272.59
1766139941278768297,AAPL,QUOTE,0.0,0,272.04,272.59
1766139951321447268,AAPL,QUOTE,0.0,0,272.01,272.59
1766139951323821159,AAPL,QUOTE,0.0,0,272.06,272.59
1766139961323994529,AAPL,QUOTE,0.0,0,272.01,272.59
1766139961326567530,AAPL,QUOTE,0.0,0,272.08,272.59
1766139972333580632,AAPL,QUOTE,0.0,0,272.01,272.59
1766139972336640874,AAPL,QUOTE,0.0,0,272.1,272.59
1766139977163955746,AAPL,TRADE,272.46,1,0.0,0.0
1766139980664375649,AAPL,TRADE,272.46,1,0.0,0.0
1766139982336023580,AAPL,QUOTE,0.0,0,272.01,272.59
1766139982338444181,AAPL,QUOTE,0.0,0,272.12,272.59
1766139993439818943,AAPL,QUOTE,0.0,0,272.03,272.59
1766139993442695530,AAPL,QUOTE,0.0,0,272.14,272.59
1766140003443069861,AAPL,QUOTE,0.0,0,272.03,272.59
1766140003445670414,AAPL,QUOTE,0.0,0,272.16,272.59
1766140006678276470,AAPL,TRADE,272.4,1,0.0,0.0
1766140006678696443,AAPL,TRADE,272.4,2,0.0,0.0
1766140010607819316,AAPL,TRADE,272.46,1,0.0,0.0
1766140013824447532,AAPL,QUOTE,0.0,0,272.16,272.62
1766140013827041309,AAPL,QUOTE,0.0,0,272.16,272.59
1766140016823664561,AAPL,QUOTE,0.0,0,272.03,272.59
1766140016826012586,AAPL,QUOTE,0.0,0,272.04,272.59
1766140027504365142,AAPL,QUOTE,0.0,0,272.04,272.62
1766140027506976241,AAPL,QUOTE,0.0,0,272.04,272.55
1766140028455907771,AAPL,QUOTE,0.0,0,272.03,272.55
1766140028459010842,AAPL,QUOTE,0.0,0,272.06,272.55
1766140030509582178,AAPL,QUOTE,0.0,0,272.06,272.62
1766140030517838426,AAPL,QUOTE,0.0,0,272.06,272.56
1766140038458438513,AAPL,QUOTE,0.0,0,272.03,272.56
1766140038460963355,AAPL,QUOTE,0.0,0,272.08,272.56
1766140040518098046,AAPL,QUOTE,0.0,0,272.08,272.62
1766140040524979140,AAPL,QUOTE,0.0,0,272.08,272.55
1766140041161818980,AAPL,QUOTE,0.0,0,272.08,272.62
1766140041164103512,AAPL,QUOTE,0.0,0,272.08,272.56
1766140044416612377,AAPL,TRADE,272.38,19,0.0,0.0
1766140044416660333,AAPL,TRADE,272.37,1,0.0,0.0
1766140044417021665,AAPL,TRADE,272.4,8,0.0,0.0
1766140044417022798,AAPL,TRADE,272.39,21,0.0,0.0
1766140047482090161,AAPL,QUOTE,0.0,0,272.0,272.56
1766140047487352025,AAPL,QUOTE,0.0,0,272.04,272.56
1766140051405564895,AAPL,QUOTE,0.0,0,272.04,272.62
1766140051414217372,AAPL,QUOTE,0.0,0,272.04,272.55
1766140051452443015,AAPL,QUOTE,0.0,0,272.04,272.62
1766140051524944364,AAPL,QUOTE,0.0,0,272.04,272.56
1766140058315355601,AAPL,TRADE,272.38,2,0.0,0.0
1766140061456363264,AAPL,QUOTE,0.0,0,272.04,272.62
1766140061459774866,AAPL,QUOTE,0.0,0,272.04,272.55
1766140062440333802,AAPL,QUOTE,0.0,0,272.04,272.62
1766140062443824952,AAPL,QUOTE,0.0,0,272.04,272.56
1766140072442365180,AAPL,QUOTE,0.0,0,272.04,272.62
1766140072445085749,AAPL,QUOTE,0.0,0,272.04,272.55
1766140074638768389,AAPL,QUOTE,0.0,0,272.04,272.62
1766140074641473761,AAPL,QUOTE,0.0,0,272.04,272.56
1766140074641718559,AAPL,QUOTE,0.0,0,272.0,272.56
1766140074644057606,AAPL,QUOTE,0.0,0,272.2,272.56
1766140075155827889,AAPL,QUOTE,0.0,0,272.0,272.56
1766140075158591471,AAPL,QUOTE,0.0,0,272.04,272.56
1766140085571653366,AAPL,QUOTE,0.0,0,272.0,272.56
1766140085574227631,AAPL,QUOTE,0.0,0,272.2,272.56
1766140087804054501,AAPL,QUOTE,0.0,0,272.03,272.56
1766140087807443683,AAPL,QUOTE,0.0,0,272.04,272.56
1766140099728996924,AAPL,QUOTE,0.0,0,272.0,272.56
1766140099732520682,AAPL,QUOTE,0.0,0,272.2,272.56
1766140101411288526,AAPL,QUOTE,0.0,0,272.0,272.56
1766140101413696957,AAPL,QUOTE,0.0,0,272.04,272.56
1766140101421133851,AAPL,QUOTE,0.0,0,272.04,272.62
1766140101423403318,AAPL,QUOTE,0.0,0,272.04,272.56
1766140113045841184,AAPL,QUOTE,0.0,0,272.04,272.62
1766140113048428300,AAPL,QUOTE,0.0,0,272.04,272.55
1766140116050997896,AAPL,QUOTE,0.0,0,272.04,272.62
1766140116053527300,AAPL,QUOTE,0.0,0,272.04,272.56
1766140124770943727,AAPL,QUOTE,0.0,0,272.15,272.56
1766140128320805838,AAPL,QUOTE,0.0,0,272.15,272.62
1766140128323538666,AAPL,QUOTE,0.0,0,272.15,272.54
1766140129167435443,AAPL,QUOTE,0.0,0,272.22,272.54
1766140129174389480,AAPL,QUOTE,0.0,0,272.35,272.54
1766140129591371321,AAPL,TRADE,272.4,22,0.0,0.0
1766140130236999329,AAPL,QUOTE,0.0,0,272.22,272.54
1766140130237001625,AAPL,QUOTE,0.0,0,272.04,272.54
1766140130237096193,AAPL,QUOTE,0.0,0,272.04,272.45
1766140130246247583,AAPL,TRADE,272.38,1,0.0,0.0
1766140130257656490,AAPL,TRADE,272.38,1,0.0,0.0
1766140130360216947,AAPL,TRADE,272.38,32,0.0,0.0
1766140132264191671,AAPL,QUOTE,0.0,0,272.03,272.45
1766140132266866082,AAPL,QUOTE,0.0,0,272.06,272.45
1766140140185053421,AAPL,TRADE,272.35,1,0.0,0.0
1766140142267515192,AAPL,QUOTE,0.0,0,272.03,272.45
1766140142270399671,AAPL,QUOTE,0.0,0,272.08,272.45
1766140152710658264,AAPL,QUOTE,0.0,0,272.08,272.45
1766140154272081339,AAPL,QUOTE,0.0,0,272.03,272.45
1766140154275342297,AAPL,QUOTE,0.0,0,272.1,272.45
1766140163767480309,AAPL,TRADE,272.36,2,0.0,0.0
1766140163767480355,AAPL,TRADE,272.35,24,0.0,0.0
1766140163767603389,AAPL,TRADE,272.35,1,0.0,0.0
1766140163767615275,AAPL,TRADE,272.35,5,0.0,0.0
1766140163767894255,AAPL,TRADE,272.35,3,0.0,0.0
1766140163768042191,AAPL,TRADE,272.35,7,0.0,0.0
1766140163768043588,AAPL,TRADE,272.35,1,0.0,0.0
1766140166775330608,AAPL,QUOTE,0.0,0,272.0,272.45
1766140166779165366,AAPL,QUOTE,0.0,0,272.04,272.45
1766140190282675058,AAPL,TRADE,272.38,2,0.0,0.0
1766140200637928247,AAPL,TRADE,272.35,2,0.0,0.0
1766140200637929532,AAPL,TRADE,272.35,25,0.0,0.0
1766140201359397121,AAPL,TRADE,272.35,1,0.0,0.0
1766140201359690843,AAPL,TRADE,272.35,11,0.0,0.0
1766140201359798352,AAPL,TRADE,272.35,1,0.0,0.0
1766140202723593249,AAPL,TRADE,272.35,1,0.0,0.0
1766140202724062435,AAPL,TRADE,272.35,1,0.0,0.0
1766140202904593177,AAPL,QUOTE,0.0,0,272.0,272.45
1766140202907503674,AAPL,QUOTE,0.0,0,272.12,272.45
1766140203199747423,AAPL,TRADE,272.35,3,0.0,0.0
1766140203200178293,AAPL,TRADE,272.35,1,0.0,0.0
1766140211529336641,AAPL,TRADE,272.35,3,0.0,0.0
1766140211529767455,AAPL,TRADE,272.35,1,0.0,0.0
1766140212599870707,AAPL,TRADE,272.35,11,0.0,0.0
1766140212599996318,AAPL,TRADE,272.35,1,0.0,0.0
1766140212600315672,AAPL,TRADE,272.35,1,0.0,0.0
1766140213902842893,AAPL,QUOTE,0.0,0,272.0,272.45
1766140213905561223,AAPL,QUOTE,0.0,0,272.04,272.45
1766140214857939570,AAPL,QUOTE,0.0,0,272.14,272.45
1766140228385097194,AAPL,TRADE,272.36,2,0.0,0.0
1766140235168900610,AAPL,QUOTE,0.0,0,272.04,272.45
1766140235328159112,AAPL,QUOTE,0.0,0,272.16,272.45
1766140240499679786,AAPL,TRADE,272.36,2,0.0,0.0
1766140242516965725,AAPL,TRADE,272.36,1,0.0,0.0
1766140242796781429,AAPL,QUOTE,0.0,0,272.04,272.45
1766140242942592060,AAPL,QUOTE,0.0,0,272.18,272.45
1766140248952342877,AAPL,QUOTE,0.0,0,272.04,272.45
1766140249079189501,AAPL,QUOTE,0.0,0,272.2,272.45
1766140251336803068,AAPL,TRADE,272.36,2,0.0,0.0
1766140258135610165,AAPL,QUOTE,0.0,0,272.04,272.45
1766140258255371548,AAPL,QUOTE,0.0,0,272.22,272.45
1766140265447908139,AAPL,QUOTE,0.0,0,272.04,272.45
1766140265579393604,AAPL,QUOTE,0.0,0,272.22,272.45
1766140277809448303,AAPL,QUOTE,0.0,0,272.04,272.45
1766140277928249262,AAPL,QUOTE,0.0,0,272.22,272.45
1766140282743732771,AAPL,QUOTE,0.0,0,272.04,272.45
1766140327839529241,AAPL,TRADE,272.37,20,0.0,0.0
1766140348516811002,AAPL,QUOTE,0.0,0,272.0,272.45
1766140348519895158,AAPL,QUOTE,0.0,0,272.21,272.45
1766140349062278619,AAPL,TRADE,272.4,2,0.0,0.0
1766140356556503652,AAPL,QUOTE,0.0,0,272.0,272.45
1766140356559908014,AAPL,QUOTE,0.0,0,272.04,272.45
1766140374674946006,AAPL,TRADE,272.36,13,0.0,0.0
1766140401997092274,AAPL,TRADE,272.36,1,0.0,0.0
1766140431648412115,AAPL,QUOTE,0.0,0,272.04,272.45
1766140432305541922,AAPL,QUOTE,0.0,0,272.04,272.45
1766140432308002599,AAPL,QUOTE,0.0,0,272.04,272.45
1766140432570767672,AAPL,QUOTE,0.0,0,272.04,272.45
1766140442200516723,AAPL,QUOTE,0.0,0,272.02,272.45
1766140442204181379,AAPL,QUOTE,0.0,0,272.21,272.45
1766140442298441257,AAPL,QUOTE,0.0,0,272.0,272.45
1766140442301293413,AAPL,QUOTE,0.0,0,272.04,272.45
1766140452783952507,AAPL,TRADE,272.35,21,0.0,0.0
1766140452783953030,AAPL,TRADE,272.35,10,0.0,0.0
1766140452783955156,AAPL,TRADE,272.35,35,0.0,0.0
1766140452783987010,AAPL,TRADE,272.35,40,0.0,0.0
1766140452783989759,AAPL,TRADE,272.35,3,0.0,0.0
1766140452783991176,AAPL,TRADE,272.33,3,0.0,0.0
1766140452783996962,AAPL,TRADE,272.33,3,0.0,0.0
1766140452784050755,AAPL,QUOTE,0.0,0,272.0,272.45
1766140452784074730,AAPL,TRADE,272.35,30,0.0,0.0
1766140452784112189,AAPL,TRADE,272.35,30,0.0,0.0
1766140452784159000,AAPL,TRADE,272.35,100,0.0,0.0
1766140452784278584,AAPL,TRADE,272.35,97,0.0,0.0
1766140452784320475,AAPL,TRADE,272.35,100,0.0,0.0
1766140452784343812,AAPL,TRADE,272.35,40,0.0,0.0
1766140452784383076,AAPL,TRADE,272.35,40,0.0,0.0
1766140452784545941,AAPL,TRADE,272.35,45,0.0,0.0
1766140452784549253,AAPL,TRADE,272.35,41,0.0,0.0
1766140452784550528,AAPL,TRADE,272.35,1,0.0,0.0
1766140452784569662,AAPL,TRADE,272.35,2,0.0,0.0
1766140452784572348,AAPL,TRADE,272.35,24,0.0,0.0
1766140452784572404,AAPL,TRADE,272.34,1,0.0,0.0
1766140452785534318,AAPL,TRADE,272.35,40,0.0,0.0
1766140452786946654,AAPL,QUOTE,0.0,0,272.04,272.45
1766140452972420469,AAPL,TRADE,272.35,179,0.0,0.0
1766140452972463384,AAPL,TRADE,272.35,179,0.0,0.0
1766140452972828669,AAPL,TRADE,272.35,179,0.0,0.0
1766140482376591405,AAPL,TRADE,272.36,2,0.0,0.0
1766140482376658914,AAPL,TRADE,272.36,1,0.0,0.0
1766140502460576708,AAPL,TRADE,272.35,12,0.0,0.0
1766140525199226858,AAPL,TRADE,272.4,1,0.0,0.0
1766140527321338481,AAPL,TRADE,272.41,2,0.0,0.0
1766140527321339629,AAPL,TRADE,272.42,14,0.0,0.0
1766140527321341099,AAPL,TRADE,272.42,58,0.0,0.0
1766140527321662976,AAPL,TRADE,272.43,100,0.0,0.0
1766140527321914141,AAPL,TRADE,272.42,2,0.0,0.0
1766140527321915518,AAPL,TRADE,272.43,98,0.0,0.0
1766140530587496886,AAPL,TRADE,272.36,40,0.0,0.0
1766140530587499543,AAPL,TRADE,272.35,47,0.0,0.0
1766140571527284533,AAPL,QUOTE,0.0,0,272.04,272.44
1766140573646072099,AAPL,QUOTE,0.0,0,272.04,272.45
1766140573649161121,AAPL,QUOTE,0.0,0,272.04,272.44
1766140575298293856,AAPL,QUOTE,0.0,0,272.0,272.44
1766140575301402860,AAPL,QUOTE,0.0,0,272.04,272.44
1766140575863140914,AAPL,QUOTE,0.0,0,272.0,272.44
1766140575866122298,AAPL,QUOTE,0.0,0,272.03,272.44
1766140575889069203,AAPL,QUOTE,0.0,0,272.03,272.45
1766140575891553832,AAPL,QUOTE,0.0,0,272.03,272.45
1766140575894577023,AAPL,QUOTE,0.0,0,272.03,272.45
1766140578868982686,AAPL,QUOTE,0.0,0,272.0,272.45
1766140578871313108,AAPL,QUOTE,0.0,0,272.02,272.45
1766140588872589904,AAPL,QUOTE,0.0,0,272.0,272.45
1766140588874995696,AAPL,QUOTE,0.0,0,272.04,272.45
1766140591973414545,AAPL,TRADE,272.36,25,0.0,0.0
1766140611453123546,AAPL,QUOTE,0.0,0,272.0,272.45
1766140611456013966,AAPL,QUOTE,0.0,0,272.04,272.45
1766140652773164997,AAPL,TRADE,272.35,1,0.0,0.0
1766140654130225981,AAPL,QUOTE,0.0,0,272.04,272.44
1766140656284982038,AAPL,QUOTE,0.0,0,272.04,272.45
1766140656287205282,AAPL,QUOTE,0.0,0,272.04,272.44
1766140658608169036,AAPL,TRADE,272.35,1,0.0,0.0
1766140660881936383,AAPL,QUOTE,0.0,0,272.04,272.45
1766140663937762588,AAPL,TRADE,272.35,3,0.0,0.0
1766140674351688886,AAPL,QUOTE,0.0,0,272.04,272.44
1766140678420117580,AAPL,QUOTE,0.0,0,272.04,272.45
1766140678422731832,AAPL,QUOTE,0.0,0,272.04,272.45
1766140682041580042,AAPL,QUOTE,0.0,0,272.04,272.45
1766140703680942379,AAPL,QUOTE,0.0,0,272.04,272.44
1766140708085005204,AAPL,QUOTE,0.0,0,272.04,272.45
1766140708087699519,AAPL,QUOTE,0.0,0,272.04,272.45
1766140720666336412,AAPL,QUOTE,0.0,0,272.04,272.45
1766140720668951230,AAPL,QUOTE,0.0,0,272.04,272.45
1766140721906797114,AAPL,QUOTE,0.0,0,272.04,272.45
1766140721910246246,AAPL,QUOTE,0.0,0,272.04,272.43
1766140721917358024,AAPL,QUOTE,0.0,0,272.04,272.45
1766140721919911370,AAPL,QUOTE,0.0,0,272.04,272.44
1766140722112381079,AAPL,TRADE,272.35,6,0.0,0.0
1766140749544547299,AAPL,QUOTE,0.0,0,272.04,272.45
1766140749547120057,AAPL,QUOTE,0.0,0,272.04,272.45
1766140757041625036,AAPL,QUOTE,0.0,0,272.04,272.45
1766140757044608980,AAPL,QUOTE,0.0,0,272.04,272.43
1766140785705139743,AAPL,QUOTE,0.0,0,272.04,272.45
1766140785707746064,AAPL,QUOTE,0.0,0,272.04,272.43
1766140785741559128,AAPL,QUOTE,0.0,0,272.04,272.45
1766140785744053486,AAPL,QUOTE,0.0,0,272.04,272.44
1766140799021217794,AAPL,QUOTE,0.0,0,272.04,272.45
1766140799024306287,AAPL,QUOTE,0.0,0,272.04,272.43
1766140799036288119,AAPL,QUOTE,0.0,0,272.04,272.45
1766140799038659161,AAPL,QUOTE,0.0,0,272.04,272.43
1766140799049298104,AAPL,QUOTE,0.0,0,272.04,272.45
1766140799052178850,AAPL,QUOTE,0.0,0,272.04,272.44
1766140799104073764,AAPL,QUOTE,0.0,0,272.04,272.45
1766140799107698518,AAPL,QUOTE,0.0,0,272.04,272.45
1766140803582892692,AAPL,TRADE,272.35,2,0.0,0.0
1766140810258421124,AAPL,QUOTE,0.0,0,272.04,272.45
1766140810271098624,AAPL,QUOTE,0.0,0,272.04,272.45
1766140816222112170,AAPL,TRADE,272.35,4,0.0,0.0
1766140816411259328,AAPL,QUOTE,0.0,0,272.04,272.45
1766140816413815123,AAPL,QUOTE,0.0,0,272.04,272.44
1766140820222324938,AAPL,QUOTE,0.0,0,272.04,272.44
1766140820223876433,AAPL,QUOTE,0.0,0,272.04,272.44
1766140822227156242,AAPL,QUOTE,0.0,0,272.04,272.36
1766140823982199880,AAPL,QUOTE,0.0,0,272.04,272.44
1766140823983484680,AAPL,TRADE,272.35,88,0.0,0.0
1766140823987617505,AAPL,TRADE,272.36,26,0.0,0.0
1766140823987946702,AAPL,TRADE,272.36,31,0.0,0.0
1766140825171037085,AAPL,QUOTE,0.0,0,272.04,272.45
1766140825173485651,AAPL,QUOTE,0.0,0,272.04,272.45
1766140835174568944,AAPL,QUOTE,0.0,0,272.04,272.45
1766140835177206547,AAPL,QUOTE,0.0,0,272.04,272.44
1766140842649529287,AAPL,TRADE,272.35,5,0.0,0.0
1766140842649592940,AAPL,TRADE,272.35,14,0.0,0.0
1766140842649638134,AAPL,TRADE,272.35,1,0.0,0.0
1766140842649856592,AAPL,TRADE,272.36,1,0.0,0.0
1766140842649914957,AAPL,TRADE,272.36,1,0.0,0.0
1766140857776464925,AAPL,QUOTE,0.0,0,272.04,272.45
1766140857778935644,AAPL,QUOTE,0.0,0,272.04,272.45
1766140861905185512,AAPL,QUOTE,0.0,0,272.04,272.45
1766140863025748082,AAPL,QUOTE,0.0,0,272.0,272.45
1766140863034141736,AAPL,QUOTE,0.0,0,272.04,272.45
1766140864912535587,AAPL,TRADE,272.38,2,0.0,0.0
1766140878333093321,AAPL,QUOTE,0.0,0,272.0,272.45
1766140878336018672,AAPL,QUOTE,0.0,0,272.18,272.45
1766140878336722956,AAPL,TRADE,272.38,2,0.0,0.0
1766140881338967059,AAPL,QUOTE,0.0,0,272.0,272.45
1766140881449054931,AAPL,QUOTE,0.0,0,272.04,272.45
1766140893497840408,AAPL,QUOTE,0.0,0,272.0,272.45
1766140893500555602,AAPL,QUOTE,0.0,0,272.18,272.45
1766140896503342483,AAPL,QUOTE,0.0,0,272.0,272.45
1766140896505961787,AAPL,QUOTE,0.0,0,272.04,272.45
1766140906506627560,AAPL,QUOTE,0.0,0,272.03,272.45
1766140906509673187,AAPL,QUOTE,0.0,0,272.18,272.45
1766140907337345475,AAPL,QUOTE,0.0,0,272.03,272.45
1766140907340289533,AAPL,QUOTE,0.0,0,272.04,272.45
1766140908242003432,AAPL,TRADE,272.38,2,0.0,0.0
1766140917339681541,AAPL,QUOTE,0.0,0,272.03,272.45
1766140917488666514,AAPL,QUOTE,0.0,0,272.19,272.45
1766140917532336527,AAPL,QUOTE,0.0,0,272.03,272.45
1766140917534803481,AAPL,QUOTE,0.0,0,272.18,272.45
1766140920537075020,AAPL,QUOTE,0.0,0,272.03,272.45
1766140920539498855,AAPL,QUOTE,0.0,0,272.04,272.45
1766140940873859813,AAPL,QUOTE,0.0,0,272.03,272.45
1766140940876369614,AAPL,QUOTE,0.0,0,272.18,272.45
1766140941846743683,AAPL,TRADE,272.37,1,0.0,0.0
1766140943878974352,AAPL,QUOTE,0.0,0,272.03,272.45
1766140943882005989,AAPL,QUOTE,0.0,0,272.04,272.45
1766140966155696430,AAPL,TRADE,272.36,4,0.0,0.0
1766140967097222929,AAPL,TRADE,272.36,1,0.0,0.0
1766140967097571507,AAPL,TRADE,272.36,2,0.0,0.0
1766140973923392515,AAPL,QUOTE,0.0,0,272.03,272.45
1766140973926404804,AAPL,QUOTE,0.0,0,272.04,272.45
1766140978865974946,AAPL,TRADE,272.38,11,0.0,0.0
1766140986166544827,AAPL,QUOTE,0.0,0,272.03,272.45
1766140986169367103,AAPL,QUOTE,0.0,0,272.11,272.45
1766141005103521812,AAPL,TRADE,272.36,1,0.0,0.0
1766141005103818021,AAPL,TRADE,272.37,21,0.0,0.0
1766141005359440612,AAPL,TRADE,272.36,1,0.0,0.0
1766141005359741704,AAPL,TRADE,272.37,21,0.0,0.0
1766141008718555613,AAPL,TRADE,272.35,5,0.0,0.0
1766141008718586262,AAPL,TRADE,272.36,1,0.0,0.0
1766141008718656045,AAPL,TRADE,272.36,3,0.0,0.0
1766141008718759980,AAPL,TRADE,272.36,1,0.0,0.0
1766141008718843524,AAPL,TRADE,272.36,3,0.0,0.0
1766141008718911163,AAPL,TRADE,272.36,1,0.0,0.0
1766141008718940358,AAPL,TRADE,272.37,24,0.0,0.0
1766141008718999556,AAPL,TRADE,272.36,3,0.0,0.0
1766141008719007014,AAPL,TRADE,272.37,1,0.0,0.0
1766141008719150482,AAPL,TRADE,272.36,1,0.0,0.0
1766141008719319817,AAPL,TRADE,272.35,5,0.0,0.0
1766141008719330050,AAPL,TRADE,272.36,1,0.0,0.0
1766141008719394761,AAPL,TRADE,272.36,3,0.0,0.0
1766141008719464816,AAPL,TRADE,272.37,23,0.0,0.0
1766141008719476625,AAPL,TRADE,272.36,1,0.0,0.0
1766141008719560639,AAPL,TRADE,272.37,1,0.0,0.0
1766141008719570133,AAPL,TRADE,272.36,3,0.0,0.0
1766141008719701984,AAPL,TRADE,272.37,1,0.0,0.0
1766141008719727186,AAPL,TRADE,272.35,5,0.0,0.0
1766141008719727460,AAPL,TRADE,272.36,1,0.0,0.0
1766141008719826261,AAPL,TRADE,272.36,3,0.0,0.0
1766141008719891394,AAPL,TRADE,272.36,1,0.0,0.0
1766141008720005993,AAPL,TRADE,272.36,3,0.0,0.0
1766141008720021814,AAPL,TRADE,272.37,8,0.0,0.0
1766141008720025492,AAPL,TRADE,272.36,2,0.0,0.0
1766141008720025546,AAPL,TRADE,272.35,1,0.0,0.0
1766141008720025791,AAPL,TRADE,272.35,1,0.0,0.0
1766141008720028497,AAPL,TRADE,272.35,10,0.0,0.0
1766141008720054678,AAPL,TRADE,272.35,1,0.0,0.0
1766141008720096538,AAPL,TRADE,272.36,1,0.0,0.0
1766141008720115761,AAPL,TRADE,272.35,1,0.0,0.0
1766141008720199595,AAPL,TRADE,272.35,1,0.0,0.0
1766141008720303787,AAPL,TRADE,272.35,1,0.0,0.0
1766141008720310202,AAPL,TRADE,272.35,5,0.0,0.0
1766141008720398300,AAPL,TRADE,272.35,3,0.0,0.0
1766141008720460681,AAPL,TRADE,272.35,7,0.0,0.0
1766141008720460740,AAPL,TRADE,272.35,1,0.0,0.0
1766141008720691003,AAPL,TRADE,272.35,1,0.0,0.0
1766141008720769245,AAPL,TRADE,272.35,12,0.0,0.0
1766141008720769288,AAPL,TRADE,272.33,4,0.0,0.0
1766141008723255986,AAPL,TRADE,272.35,22,0.0,0.0
1766141008724228911,AAPL,QUOTE,0.0,0,272.03,272.45
1766141008727882449,AAPL,QUOTE,0.0,0,272.04,272.45
1766141015020919243,AAPL,QUOTE,0.0,0,272.04,272.43
1766141026560276345,AAPL,QUOTE,0.0,0,272.03,272.43
1766141026570686088,AAPL,QUOTE,0.0,0,272.1,272.43
1766141029573149593,AAPL,QUOTE,0.0,0,272.03,272.43
1766141029576978739,AAPL,QUOTE,0.0,0,272.04,272.43
1766141037937682565,AAPL,TRADE,272.35,10,0.0,0.0
1766141039576248858,AAPL,QUOTE,0.0,0,272.03,272.43
1766141039579371119,AAPL,QUOTE,0.0,0,272.11,272.43
1766141039928948517,AAPL,QUOTE,0.0,0,272.2,272.43
1766141041123484714,AAPL,QUOTE,0.0,0,272.2,272.45
1766141041123519907,AAPL,TRADE,272.38,2,0.0,0.0
1766141044364539480,AAPL,TRADE,272.38,10,0.0,0.0
1766141047900669280,AAPL,TRADE,272.38,2,0.0,0.0
1766141051132149961,AAPL,TRADE,272.39,2,0.0,0.0
1766141051132716643,AAPL,TRADE,272.38,2,0.0,0.0
1766141069675991240,AAPL,TRADE,272.39,1,0.0,0.0
1766141069676315605,AAPL,TRADE,272.41,2,0.0,0.0
1766141069676400532,AAPL,TRADE,272.41,2,0.0,0.0
1766141069676487670,AAPL,TRADE,272.41,1,0.0,0.0
1766141069676655724,AAPL,TRADE,272.41,2,0.0,0.0
1766141074303525134,AAPL,TRADE,272.4,30,0.0,0.0
1766141074303551823,AAPL,TRADE,272.4,40,0.0,0.0
1766141074303581342,AAPL,TRADE,272.4,100,0.0,0.0
1766141074303934729,AAPL,TRADE,272.4,100,0.0,0.0
1766141079146870902,AAPL,QUOTE,0.0,0,272.2,272.45
1766141079445918230,AAPL,TRADE,272.4,40,0.0,0.0
1766141082149880719,AAPL,QUOTE,0.0,0,272.2,272.45
1766141084458009034,AAPL,TRADE,272.4,30,0.0,0.0
1766141084458410812,AAPL,TRADE,272.41,30,0.0,0.0
1766141084458412080,AAPL,TRADE,272.4,100,0.0,0.0
1766141084458453930,AAPL,TRADE,272.4,40,0.0,0.0
1766141084458462350,AAPL,TRADE,272.4,40,0.0,0.0
1766141089819540761,AAPL,TRADE,272.39,40,0.0,0.0
1766141089819542028,AAPL,TRADE,272.38,40,0.0,0.0
1766141089819543368,AAPL,TRADE,272.38,40,0.0,0.0
1766141089819599509,AAPL,TRADE,272.38,100,0.0,0.0
1766141089819602800,AAPL,TRADE,272.38,40,0.0,0.0
1766141089819946467,AAPL,TRADE,272.39,40,0.0,0.0
1766141089819949178,AAPL,TRADE,272.38,40,0.0,0.0
1766141089819949227,AAPL,TRADE,272.38,100,0.0,0.0
1766141089819949354,AAPL,TRADE,272.38,4,0.0,0.0
1766141092154525142,AAPL,QUOTE,0.0,0,272.21,272.45
1766141173084786517,AAPL,QUOTE,0.0,0,272.22,272.45
1766141173290772001,AAPL,QUOTE,0.0,0,272.21,272.45
1766141173290810499,AAPL,TRADE,272.38,40,0.0,0.0
1766141175024484885,AAPL,TRADE,272.39,40,0.0,0.0
1766141176825909883,AAPL,TRADE,272.42,2,0.0,0.0
1766141176826051616,AAPL,TRADE,272.4,11,0.0,0.0
1766141176826055369,AAPL,TRADE,272.4,5,0.0,0.0
1766141176826067531,AAPL,TRADE,272.42,12,0.0,0.0
1766141176826346903,AAPL,TRADE,272.42,40,0.0,0.0
1766141176826349515,AAPL,TRADE,272.43,40,0.0,0.0
1766141176826349566,AAPL,TRADE,272.44,1,0.0,0.0
1766141176826349687,AAPL,QUOTE,0.0,0,272.21,272.45
1766141176826349818,AAPL,TRADE,272.44,1,0.0,0.0
1766141176826354988,AAPL,TRADE,272.45,128,0.0,0.0
1766141176826378595,AAPL,TRADE,272.44,1,0.0,0.0
1766141176826383470,AAPL,TRADE,272.44,5,0.0,0.0
1766141176826396568,AAPL,TRADE,272.45,1,0.0,0.0
1766141176826427954,AAPL,TRADE,272.45,5,0.0,0.0
1766141176826432199,AAPL,TRADE,272.44,4,0.0,0.0
1766141176826438482,AAPL,TRADE,272.44,1,0.0,0.0
1766141176826442528,AAPL,TRADE,272.44,1,0.0,0.0
1766141176826456656,AAPL,TRADE,272.46,1,0.0,0.0
1766141176826515998,AAPL,TRADE,272.45,125,0.0,0.0
1766141176826516408,AAPL,QUOTE,0.0,0,272.21,272.45
1766141176826526653,AAPL,TRADE,272.45,125,0.0,0.0
1766141176826526822,AAPL,QUOTE,0.0,0,272.21,272.45
1766141176826531279,AAPL,TRADE,272.45,125,0.0,0.0
1766141176826531338,AAPL,QUOTE,0.0,0,272.21,272.45
1766141176826533628,AAPL,QUOTE,0.0,0,272.21,272.45
1766141176826533923,AAPL,TRADE,272.45,125,0.0,0.0
1766141176826541756,AAPL,TRADE,272.45,125,0.0,0.0
1766141176826541881,AAPL,QUOTE,0.0,0,272.21,272.45
1766141176826543536,AAPL,TRADE,272.45,125,0.0,0.0
1766141176826543960,AAPL,QUOTE,0.0,0,272.21,272.45
1766141176826580219,AAPL,TRADE,272.45,43,0.0,0.0
1766141176826580328,AAPL,QUOTE,0.0,0,272.21,272.53
1766141176826614121,AAPL,QUOTE,0.0,0,272.21,272.58
1766141176826615227,AAPL,TRADE,272.45,40,0.0,0.0
1766141176826619420,AAPL,TRADE,272.44,40,0.0,0.0
1766141176826620669,AAPL,TRADE,272.44,12,0.0,0.0
1766141176826627117,AAPL,TRADE,272.44,48,0.0,0.0
1766141176826627162,AAPL,TRADE,272.45,38,0.0,0.0
1766141176826627575,AAPL,QUOTE,0.0,0,272.21,272.62
1766141176826671116,AAPL,TRADE,272.46,3,0.0,0.0
1766141176826671162,AAPL,TRADE,272.46,2,0.0,0.0
1766141176826672147,AAPL,TRADE,272.46,2,0.0,0.0
1766141176826712744,AAPL,TRADE,272.46,3,0.0,0.0
1766141176826718399,AAPL,TRADE,272.48,1,0.0,0.0
1766141181008893520,AAPL,TRADE,272.48,1,0.0,0.0
1766141195161415539,AAPL,QUOTE,0.0,0,272.03,272.62
1766141195163943400,AAPL,QUOTE,0.0,0,272.3,272.62
1766141195718468237,AAPL,QUOTE,0.0,0,272.03,272.62
1766141195721437107,AAPL,QUOTE,0.0,0,272.21,272.62
1766141196865246234,AAPL,QUOTE,0.0,0,272.22,272.62
1766141202597660399,AAPL,TRADE,272.48,40,0.0,0.0
1766141214525103578,AAPL,QUOTE,0.0,0,272.3,272.62
1766141216845739752,AAPL,QUOTE,0.0,0,272.22,272.62
1766141222859013387,AAPL,QUOTE,0.0,0,272.22,272.62
1766141222967689811,AAPL,QUOTE,0.0,0,272.22,272.62
1766141222967726581,AAPL,QUOTE,0.0,0,272.22,272.62
1766141223352411845,AAPL,QUOTE,0.0,0,272.22,272.62
1766141226908554798,AAPL,QUOTE,0.0,0,272.3,272.62
1766141227623902379,AAPL,QUOTE,0.0,0,272.22,272.62
1766141235971887085,AAPL,TRADE,272.46,180,0.0,0.0
1766141235972029239,AAPL,TRADE,272.46,12,0.0,0.0
1766141235972325323,AAPL,TRADE,272.46,48,0.0,0.0
1766141253860691851,AAPL,QUOTE,0.0,0,272.3,272.62
1766141255047349389,AAPL,QUOTE,0.0,0,272.22,272.62
1766141280632520598,AAPL,QUOTE,0.0,0,272.31,272.62
1766141293136619952,AAPL,QUOTE,0.0,0,272.22,272.62
1766141293140654618,AAPL,QUOTE,0.0,0,272.3,272.62
1766141296144565083,AAPL,QUOTE,0.0,0,272.22,272.62
1766141315679771980,AAPL,QUOTE,0.0,0,272.3,272.62
1766141318682233416,AAPL,QUOTE,0.0,0,272.22,272.62
1766141328717154069,AAPL,TRADE,272.43,40,0.0,0.0
1766141328717155418,AAPL,TRADE,272.45,30,0.0,0.0
1766141329085531360,AAPL,QUOTE,0.0,0,272.31,272.62
1766141329670839875,AAPL,TRADE,272.46,83,0.0,0.0
1766141329670971707,AAPL,TRADE,272.46,11,0.0,0.0
1766141329671271869,AAPL,TRADE,272.46,26,0.0,0.0
1766141366199087341,AAPL,QUOTE,0.0,0,272.23,272.62
1766141366202210737,AAPL,QUOTE,0.0,0,272.35,272.62
1766141369208354340,AAPL,QUOTE,0.0,0,272.23,272.62
1766141369210782706,AAPL,QUOTE,0.0,0,272.31,272.62
1766141379210949786,AAPL,QUOTE,0.0,0,272.23,272.62
1766141379213821636,AAPL,QUOTE,0.0,0,272.35,272.62
1766141382216686419,AAPL,QUOTE,0.0,0,272.23,272.62
1766141382220595772,AAPL,QUOTE,0.0,0,272.31,272.62
1766141383143775352,AAPL,QUOTE,0.0,0,272.31,272.46
1766141383147289580,AAPL,TRADE,272.46,100,0.0,0.0
1766141383147289826,AAPL,QUOTE,0.0,0,272.31,272.62
1766141383147399881,AAPL,QUOTE,0.0,0,272.38,272.62
1766141383147749320,AAPL,QUOTE,0.0,0,272.31,272.62
1766141384921513526,AAPL,QUOTE,0.0,0,272.23,272.62
1766141384924210579,AAPL,QUOTE,0.0,0,272.35,272.62
1766141387926653989,AAPL,QUOTE,0.0,0,272.24,272.62
1766141387929049528,AAPL,QUOTE,0.0,0,272.31,272.62
1766141390285204141,AAPL,QUOTE,0.0,0,272.24,272.62
1766141390288086458,AAPL,QUOTE,0.0,0,272.35,272.62
1766141393290744738,AAPL,QUOTE,0.0,0,272.24,272.62
1766141393293380988,AAPL,QUOTE,0.0,0,272.31,272.62
1766141393592970045,AAPL,QUOTE,0.0,0,272.24,272.62
1766141393595464124,AAPL,QUOTE,0.0,0,272.36,272.62
1766141395624128187,AAPL,TRADE,272.46,2,0.0,0.0
1766141395624170052,AAPL,TRADE,272.48,5,0.0,0.0
1766141395624392684,AAPL,TRADE,272.48,4,0.0,0.0
1766141395624452105,AAPL,TRADE,272.49,4,0.0,0.0
1766141401233180956,AAPL,QUOTE,0.0,0,272.24,272.62
1766141401236356265,AAPL,QUOTE,0.0,0,272.35,272.62
1766141404239353617,AAPL,QUOTE,0.0,0,272.24,272.62
1766141404242433966,AAPL,QUOTE,0.0,0,272.31,272.62
1766141404543093945,AAPL,QUOTE,0.0,0,272.24,272.62
1766141404545866856,AAPL,QUOTE,0.0,0,272.36,272.62
1766141408456575052,AAPL,QUOTE,0.0,0,272.24,272.62
1766141408459411165,AAPL,QUOTE,0.0,0,272.36,272.62
1766141408524269619,AAPL,QUOTE,0.0,0,272.24,272.62
1766141408588383828,AAPL,QUOTE,0.0,0,272.35,272.62
1766141411574565685,AAPL,QUOTE,0.0,0,272.24,272.62
1766141411577083139,AAPL,QUOTE,0.0,0,272.31,272.62
1766141413133053360,AAPL,QUOTE,0.0,0,272.24,272.62
1766141413136508077,AAPL,QUOTE,0.0,0,272.35,272.62
1766141416139195015,AAPL,QUOTE,0.0,0,272.24,272.62
1766141416141782766,AAPL,QUOTE,0.0,0,272.31,272.62
1766141416442190593,AAPL,QUOTE,0.0,0,272.24,272.62
1766141416444802951,AAPL,QUOTE,0.0,0,272.36,272.62
1766141419528602216,AAPL,QUOTE,0.0,0,272.24,272.62
1766141419531599531,AAPL,QUOTE,0.0,0,272.36,272.62
1766141419541224123,AAPL,QUOTE,0.0,0,272.24,272.62
1766141419543544512,AAPL,QUOTE,0.0,0,272.36,272.62
1766141419671914407,AAPL,QUOTE,0.0,0,272.24,272.62
1766141419674596611,AAPL,QUOTE,0.0,0,272.36,272.62
1766141419685228840,AAPL,QUOTE,0.0,0,272.24,272.62
1766141419687718239,AAPL,QUOTE,0.0,0,272.35,272.62
1766141422690689807,AAPL,QUOTE,0.0,0,272.24,272.62
1766141422693416610,AAPL,QUOTE,0.0,0,272.31,272.62
1766141422992538744,AAPL,QUOTE,0.0,0,272.24,272.62
1766141422995319631,AAPL,QUOTE,0.0,0,272.36,272.62
1766141423301432414,AAPL,QUOTE,0.0,0,272.24,272.62
1766141423304212549,AAPL,QUOTE,0.0,0,272.35,272.62
1766141426267394259,AAPL,TRADE,272.46,1,0.0,0.0
1766141426306677066,AAPL,QUOTE,0.0,0,272.24,272.62
1766141426309150990,AAPL,QUOTE,0.0,0,272.31,272.62
1766141438030172039,AAPL,TRADE,272.47,2,0.0,0.0
1766141438030173457,AAPL,TRADE,272.47,2,0.0,0.0
1766141438391502590,AAPL,QUOTE,0.0,0,272.25,272.62
1766141438393976479,AAPL,QUOTE,0.0,0,272.36,272.62
1766141455952270691,AAPL,QUOTE,0.0,0,272.25,272.62
1766141455954608883,AAPL,QUOTE,0.0,0,272.35,272.62
1766141458957112209,AAPL,QUOTE,0.0,0,272.25,272.62
1766141458959499032,AAPL,QUOTE,0.0,0,272.31,272.62
1766141473193525140,AAPL,QUOTE,0.0,0,272.25,272.62
1766141473196950937,AAPL,QUOTE,0.0,0,272.31,272.62
1766141475885569827,AAPL,TRADE,272.46,2,0.0,0.0
1766141483196280232,AAPL,QUOTE,0.0,0,272.25,272.62
1766141483198826689,AAPL,QUOTE,0.0,0,272.35,272.62
1766141484531271601,AAPL,QUOTE,0.0,0,272.25,272.62
1766141484534333074,AAPL,QUOTE,0.0,0,272.31,272.62
1766141496204081683,AAPL,QUOTE,0.0,0,272.25,272.62
1766141496207387922,AAPL,QUOTE,0.0,0,272.31,272.62
1766141497243320806,AAPL,TRADE,272.47,2,0.0,0.0
1766141506887135562,AAPL,TRADE,272.46,5,0.0,0.0
1766141506888843013,AAPL,QUOTE,0.0,0,272.25,272.62
1766141506892141421,AAPL,QUOTE,0.0,0,272.31,272.62
1766141515124246071,AAPL,TRADE,272.46,10,0.0,0.0
1766141527624734548,AAPL,TRADE,272.44,2,0.0,0.0
1766141556279070446,AAPL,QUOTE,0.0,0,272.25,272.62
1766141556281519065,AAPL,QUOTE,0.0,0,272.3,272.62
1766141558736383148,AAPL,TRADE,272.44,1,0.0,0.0
1766141559283935851,AAPL,QUOTE,0.0,0,272.25,272.62
1766141571102192032,AAPL,QUOTE,0.0,0,272.31,272.62
1766141585982625086,AAPL,QUOTE,0.0,0,272.25,272.62
1766141585985526106,AAPL,QUOTE,0.0,0,272.3,272.62
1766141587329650751,AAPL,QUOTE,0.0,0,272.3,272.61
1766141588987869028,AAPL,QUOTE,0.0,0,272.25,272.61
1766141588990687089,AAPL,QUOTE,0.0,0,272.3,272.61
1766141590341541704,AAPL,QUOTE,0.0,0,272.3,272.62
1766141591292928474,AAPL,QUOTE,0.0,0,272.25,272.62
1766141600346168990,AAPL,QUOTE,0.0,0,272.25,272.61
1766141600574261427,AAPL,QUOTE,0.0,0,272.21,272.61
1766141600579864505,AAPL,QUOTE,0.0,0,272.03,272.61
1766141600582479999,AAPL,QUOTE,0.0,0,272.19,272.61
1766141604304256304,AAPL,QUOTE,0.0,0,272.03,272.61
1766141604306920961,AAPL,QUOTE,0.0,0,272.19,272.61
1766141605306793319,AAPL,QUOTE,0.0,0,272.03,272.61
1766141605310555314,AAPL,QUOTE,0.0,0,272.19,272.61
1766141605592422941,AAPL,QUOTE,0.0,0,272.03,272.61
1766141605595019861,AAPL,QUOTE,0.0,0,272.18,272.61
1766141610271290915,AAPL,QUOTE,0.0,0,272.18,272.62
1766141618012503928,AAPL,QUOTE,0.0,0,272.03,272.62
1766141618015418355,AAPL,QUOTE,0.0,0,272.2,272.62
1766141621018094426,AAPL,QUOTE,0.0,0,272.03,272.62
1766141621020922119,AAPL,QUOTE,0.0,0,272.19,272.62
1766141622644812868,AAPL,QUOTE,0.0,0,272.19,272.6
1766141625654486150,AAPL,QUOTE,0.0,0,272.19,272.62
1766141634862728427,AAPL,QUOTE,0.0,0,272.03,272.62
1766141634865919750,AAPL,QUOTE,0.0,0,272.18,272.62
1766141635083266356,AAPL,QUOTE,0.0,0,272.03,272.62
1766141635085579338,AAPL,QUOTE,0.0,0,272.15,272.62
1766141636645870364,AAPL,QUOTE,0.0,0,272.15,272.57
1766141637077894463,AAPL,QUOTE,0.0,0,272.15,272.62
1766141637080909361,AAPL,QUOTE,0.0,0,272.15,272.58
1766141640084235458,AAPL,QUOTE,0.0,0,272.15,272.62
1766141640086880924,AAPL,QUOTE,0.0,0,272.15,272.59
1766141645085578004,AAPL,QUOTE,0.0,0,272.03,272.59
1766141645088091320,AAPL,QUOTE,0.0,0,272.18,272.59
1766141645982064376,AAPL,QUOTE,0.0,0,272.03,272.59
1766141645985400985,AAPL,QUOTE,0.0,0,272.15,272.59
1766141657145676663,AAPL,QUOTE,0.0,0,272.15,272.62
1766141657148182773,AAPL,QUOTE,0.0,0,272.15,272.56
1766141658966470333,AAPL,TRADE,272.35,1,0.0,0.0
1766141658966471611,AAPL,TRADE,272.35,1,0.0,0.0
1766141658966493819,AAPL,TRADE,272.35,40,0.0,0.0
1766141658966515619,AAPL,TRADE,272.35,7,0.0,0.0
1766141658966528437,AAPL,TRADE,272.35,100,0.0,0.0
1766141658966546832,AAPL,TRADE,272.35,30,0.0,0.0
1766141658966570031,AAPL,TRADE,272.35,7,0.0,0.0
1766141658966576479,AAPL,TRADE,272.35,100,0.0,0.0
1766141658966577028,AAPL,TRADE,272.35,100,0.0,0.0
1766141658966600733,AAPL,TRADE,272.35,3,0.0,0.0
1766141658966603072,AAPL,TRADE,272.35,100,0.0,0.0
1766141658966617410,AAPL,TRADE,272.33,6,0.0,0.0
1766141658966618931,AAPL,TRADE,272.33,1,0.0,0.0
1766141658966939457,AAPL,TRADE,272.35,35,0.0,0.0
1766141658968240744,AAPL,TRADE,272.34,100,0.0,0.0
1766141658968242137,AAPL,TRADE,272.35,13,0.0,0.0
1766141658969268178,AAPL,QUOTE,0.0,0,272.03,272.56
1766141658971934201,AAPL,QUOTE,0.0,0,272.11,272.56
1766141658975790167,AAPL,QUOTE,0.0,0,272.03,272.56
1766141658978198577,AAPL,QUOTE,0.0,0,272.1,272.56
1766141660088283708,AAPL,QUOTE,0.0,0,272.1,272.62
1766141660091035170,AAPL,QUOTE,0.0,0,272.1,272.57
1766141661980328844,AAPL,QUOTE,0.0,0,272.03,272.57
1766141661982663150,AAPL,QUOTE,0.0,0,272.04,272.57
1766141665890627258,AAPL,QUOTE,0.0,0,272.05,272.57
1766141670091257962,AAPL,QUOTE,0.0,0,272.05,272.58
1766141670093962663,AAPL,QUOTE,0.0,0,272.05,272.54
1766141671985732447,AAPL,QUOTE,0.0,0,272.11,272.54
1766141679913390970,AAPL,TRADE,272.38,1,0.0,0.0
1766141680093455197,AAPL,QUOTE,0.0,0,272.11,272.58
1766141680095739101,AAPL,QUOTE,0.0,0,272.11,272.53
1766141683098185117,AAPL,QUOTE,0.0,0,272.11,272.58
1766141683100696457,AAPL,QUOTE,0.0,0,272.11,272.54
1766141683680009443,AAPL,QUOTE,0.0,0,272.05,272.54
1766141683680119018,AAPL,QUOTE,0.0,0,272.05,272.58
1766141683683855188,AAPL,QUOTE,0.0,0,272.18,272.58
1766141686687088736,AAPL,QUOTE,0.0,0,272.05,272.58
1766141686689719555,AAPL,QUOTE,0.0,0,272.15,272.58
1766141690117318234,AAPL,TRADE,272.35,1,0.0,0.0
1766141697841433439,AAPL,QUOTE,0.0,0,272.05,272.58
1766141697843624058,AAPL,QUOTE,0.0,0,272.18,272.58
1766141700846512062,AAPL,QUOTE,0.0,0,272.05,272.58
1766141700849998232,AAPL,QUOTE,0.0,0,272.15,272.58
1766141711902845991,AAPL,QUOTE,0.0,0,272.15,272.53
1766141713161484196,AAPL,QUOTE,0.0,0,272.05,272.53
1766141713164252721,AAPL,QUOTE,0.0,0,272.18,272.53
1766141713167389746,AAPL,TRADE,272.37,77,0.0,0.0
1766141716166643799,AAPL,QUOTE,0.0,0,272.05,272.53
1766141716169103618,AAPL,QUOTE,0.0,0,272.15,272.53
1766141719975852884,AAPL,QUOTE,0.0,0,272.05,272.53
1766141719979098923,AAPL,QUOTE,0.0,0,272.1,272.53
1766141729978560299,AAPL,QUOTE,0.0,0,272.05,272.53
1766141729981208070,AAPL,QUOTE,0.0,0,272.15,272.53
1766141739690625569,AAPL,TRADE,272.37,1,0.0,0.0
1766141758364396467,AAPL,TRADE,272.36,1,0.0,0.0
1766141763943199110,AAPL,QUOTE,0.0,0,272.15,272.5
1766141766057801062,AAPL,TRADE,272.35,40,0.0,0.0
1766141766060397075,AAPL,QUOTE,0.0,0,272.05,272.5
1766141766062987316,AAPL,QUOTE,0.0,0,272.14,272.5
1766141766945674161,AAPL,QUOTE,0.0,0,272.14,272.53
1766141766948450650,AAPL,QUOTE,0.0,0,272.14,272.52
1766141768038551683,AAPL,QUOTE,0.0,0,272.14,272.53
1766141769065454053,AAPL,QUOTE,0.0,0,272.05,272.53
1766141769068224732,AAPL,QUOTE,0.0,0,272.11,272.53
1766141776797729897,AAPL,TRADE,272.35,12,0.0,0.0
1766141776799227133,AAPL,TRADE,272.35,12,0.0,0.0
1766141776802900574,AAPL,TRADE,272.35,12,0.0,0.0
1766141778043766697,AAPL,QUOTE,0.0,0,272.11,272.52
1766141779068031737,AAPL,QUOTE,0.0,0,272.05,272.52
1766141779070930699,AAPL,QUOTE,0.0,0,272.14,272.52
1766141779281398797,AAPL,TRADE,272.3,3,0.0,0.0
1766141779696084476,AAPL,QUOTE,0.0,0,272.14,272.53
1766141780532640830,AAPL,QUOTE,0.0,0,272.05,272.53
1766141780535487256,AAPL,QUOTE,0.0,0,272.11,272.53
1766141783204676956,AAPL,TRADE,272.37,25,0.0,0.0
1766141783205199378,AAPL,TRADE,272.37,5,0.0,0.0
1766141796560142560,AAPL,QUOTE,0.0,0,272.03,272.53
1766141796562554843,AAPL,QUOTE,0.0,0,272.11,272.53
1766141798574526586,AAPL,TRADE,272.35,24,0.0,0.0
1766141798574529914,AAPL,TRADE,272.3,1,0.0,0.0
1766141798574529970,AAPL,TRADE,272.3,100,0.0,0.0
1766141798574530200,AAPL,TRADE,272.22,1,0.0,0.0
1766141798574533247,AAPL,TRADE,272.2,5,0.0,0.0
1766141798574538067,AAPL,TRADE,272.2,5,0.0,0.0
1766141798574540140,AAPL,TRADE,272.2,50,0.0,0.0
1766141798574540222,AAPL,TRADE,272.19,100,0.0,0.0
1766141798574540391,AAPL,TRADE,272.18,1,0.0,0.0
1766141798574544690,AAPL,TRADE,272.14,2,0.0,0.0
1766141798574546617,AAPL,TRADE,272.14,100,0.0,0.0
1766141798574548379,AAPL,TRADE,272.13,1,0.0,0.0
1766141798574548428,AAPL,TRADE,272.12,100,0.0,0.0
1766141798574550787,AAPL,TRADE,272.35,1,0.0,0.0
1766141798574552379,AAPL,TRADE,272.11,10,0.0,0.0
1766141798574578672,AAPL,TRADE,272.35,100,0.0,0.0
1766141798574582772,AAPL,TRADE,272.35,100,0.0,0.0
1766141798574586575,AAPL,TRADE,272.35,5,0.0,0.0
1766141798574587917,AAPL,TRADE,272.35,5,0.0,0.0
1766141798574595685,AAPL,TRADE,272.35,3,0.0,0.0
1766141798574596818,AAPL,TRADE,272.35,40,0.0,0.0
1766141798574598342,AAPL,TRADE,272.35,40,0.0,0.0
1766141798574598598,AAPL,TRADE,272.35,1,0.0,0.0
1766141798574601210,AAPL,TRADE,272.35,7,0.0,0.0
1766141798574603913,AAPL,TRADE,272.3,5,0.0,0.0
1766141798574608168,AAPL,TRADE,272.35,40,0.0,0.0
1766141798574609872,AAPL,TRADE,272.22,20,0.0,0.0
1766141798574611738,AAPL,QUOTE,0.0,0,272.11,272.53
1766141798574617371,AAPL,TRADE,272.35,51,0.0,0.0
1766141798574619827,AAPL,TRADE,272.26,1,0.0,0.0
1766141798574632506,AAPL,TRADE,272.35,3,0.0,0.0
1766141798574640900,AAPL,TRADE,272.35,39,0.0,0.0
1766141798574645732,AAPL,QUOTE,0.0,0,272.11,272.38
1766141798574649800,AAPL,TRADE,272.35,1,0.0,0.0
1766141798574658144,AAPL,TRADE,272.35,3,0.0,0.0
1766141798574670206,AAPL,TRADE,272.35,40,0.0,0.0
1766141798574676672,AAPL,QUOTE,0.0,0,272.11,272.53
1766141798574678738,AAPL,TRADE,272.35,40,0.0,0.0
1766141798574686196,AAPL,TRADE,272.35,2,0.0,0.0
1766141798574701187,AAPL,TRADE,272.35,5,0.0,0.0
1766141798574715938,AAPL,QUOTE,0.0,0,272.12,272.53
1766141798574751781,AAPL,TRADE,272.35,21,0.0,0.0
1766141798574789518,AAPL,TRADE,272.35,5,0.0,0.0
1766141798574797825,AAPL,TRADE,272.35,5,0.0,0.0
1766141798574805920,AAPL,TRADE,272.35,5,0.0,0.0
1766141798574815628,AAPL,TRADE,272.35,5,0.0,0.0
1766141798574887521,AAPL,TRADE,272.35,5,0.0,0.0
1766141798574897844,AAPL,TRADE,272.35,3,0.0,0.0
1766141798574916052,AAPL,TRADE,272.35,1,0.0,0.0
1766141798575105474,AAPL,TRADE,272.3,1,0.0,0.0
1766141798575109773,AAPL,TRADE,272.3,1,0.0,0.0
1766141798575125910,AAPL,TRADE,272.3,1,0.0,0.0
1766141798576173711,AAPL,QUOTE,0.0,0,272.12,272.53
1766141801773813697,AAPL,QUOTE,0.0,0,272.12,272.46
1766141804776583277,AAPL,QUOTE,0.0,0,272.12,272.53
1766141804779353265,AAPL,QUOTE,0.0,0,272.12,272.49
1766141813056900042,AAPL,TRADE,272.36,5,0.0,0.0
1766141820663324108,AAPL,QUOTE,0.0,0,272.12,272.53
1766141820665893769,AAPL,QUOTE,0.0,0,272.12,272.52
1766141833083302302,AAPL,QUOTE,0.0,0,272.12,272.53
1766141833099089235,AAPL,QUOTE,0.0,0,272.12,272.49
1766141833411268744,AAPL,QUOTE,0.0,0,272.12,272.53
1766141833413882477,AAPL,QUOTE,0.0,0,272.12,272.49
1766141833423186895,AAPL,QUOTE,0.0,0,272.12,272.53
1766141833425652495,AAPL,QUOTE,0.0,0,272.12,272.5
1766141836428357847,AAPL,QUOTE,0.0,0,272.12,272.53
1766141836430847219,AAPL,QUOTE,0.0,0,272.12,272.52
1766141861386663087,AAPL,QUOTE,0.0,0,272.12,272.53
1766141895284237012,AAPL,TRADE,272.35,20,0.0,0.0
1766141944885528730,AAPL,TRADE,272.37,3,0.0,0.0
1766141976061400443,AAPL,TRADE,272.35,10,0.0,0.0
1766142011917790692,AAPL,TRADE,272.35,3,0.0,0.0
1766142027980900270,AAPL,QUOTE,0.0,0,272.12,272.52
1766142028187815605,AAPL,TRADE,272.35,1,0.0,0.0
1766142035789506785,AAPL,TRADE,272.37,27,0.0,0.0
1766142038315500009,AAPL,TRADE,272.35,1,0.0,0.0
1766142042949093953,AAPL,QUOTE,0.0,0,272.12,272.53
1766142042952270073,AAPL,QUOTE,0.0,0,272.12,272.5
1766142043182865697,AAPL,QUOTE,0.0,0,272.12,272.53
1766142043186834025,AAPL,QUOTE,0.0,0,272.12,272.52
1766142045086836037,AAPL,TRADE,272.35,120,0.0,0.0
1766142045086857007,AAPL,TRADE,272.35,40,0.0,0.0
1766142045086887980,AAPL,TRADE,272.35,133,0.0,0.0
1766142045087237289,AAPL,TRADE,272.35,112,0.0,0.0
1766142045087240851,AAPL,TRADE,272.35,4,0.0,0.0
1766142045087398169,AAPL,TRADE,272.35,40,0.0,0.0
1766142050507864323,AAPL,TRADE,272.35,123,0.0,0.0
1766142053187618760,AAPL,QUOTE,0.0,0,272.12,272.53
1766142053190465286,AAPL,QUOTE,0.0,0,272.12,272.49
1766142064209978386,AAPL,QUOTE,0.0,0,272.12,272.53
1766142064213557602,AAPL,QUOTE,0.0,0,272.12,272.5
1766142074214055258,AAPL,QUOTE,0.0,0,272.12,272.53
1766142074216788069,AAPL,QUOTE,0.0,0,272.12,272.48
1766142074850413863,AAPL,QUOTE,0.0,0,272.12,272.53
1766142074853280277,AAPL,QUOTE,0.0,0,272.12,272.5
1766142079793287076,AAPL,QUOTE,0.0,0,272.12,272.53
1766142079795766562,AAPL,QUOTE,0.0,0,272.12,272.52
1766142081698926844,AAPL,TRADE,272.35,40,0.0,0.0
1766142092657155441,AAPL,QUOTE,0.0,0,272.12,272.53
1766142092659416316,AAPL,QUOTE,0.0,0,272.12,272.5
1766142095662607456,AAPL,QUOTE,0.0,0,272.12,272.53
1766142095665735613,AAPL,QUOTE,0.0,0,272.12,272.52
1766142105666236632,AAPL,QUOTE,0.0,0,272.12,272.53
1766142105668843624,AAPL,QUOTE,0.0,0,272.12,272.5
1766142124746407553,AAPL,TRADE,272.35,1,0.0,0.0
1766142125212472084,AAPL,QUOTE,0.0,0,272.12,272.53
1766142125215197010,AAPL,QUOTE,0.0,0,272.12,272.49
1766142130445602378,AAPL,QUOTE,0.0,0,272.12,272.53
1766142130448205859,AAPL,QUOTE,0.0,0,272.12,272.49
1766142130592971613,AAPL,QUOTE,0.0,0,272.12,272.53
1766142130599596759,AAPL,QUOTE,0.0,0,272.12,272.5
1766142135743450490,AAPL,QUOTE,0.0,0,272.12,272.53
1766142135745924501,AAPL,QUOTE,0.0,0,272.12,272.52
1766142145745781320,AAPL,QUOTE,0.0,0,272.12,272.53
1766142145748094404,AAPL,QUOTE,0.0,0,272.12,272.49
1766142158941756477,AAPL,QUOTE,0.0,0,272.12,272.35
1766142158942020276,AAPL,TRADE,272.29,3,0.0,0.0
1766142158942485743,AAPL,TRADE,272.29,1,0.0,0.0
1766142169683165897,AAPL,TRADE,272.26,1,0.0,0.0
1766142183681427335,AAPL,TRADE,272.28,3,0.0,0.0
1766142186253277523,AAPL,TRADE,272.29,2,0.0,0.0
1766142264379824922,AAPL,QUOTE,0.0,0,272.12,272.39
1766142265053738265,AAPL,QUOTE,0.0,0,272.12,272.5
1766142267387534316,AAPL,QUOTE,0.0,0,272.12,272.53
1766142267390401139,AAPL,QUOTE,0.0,0,272.12,272.52
1766142277389741778,AAPL,QUOTE,0.0,0,272.12,272.53
1766142277393789381,AAPL,QUOTE,0.0,0,272.12,272.48
1766142288707650093,AAPL,QUOTE,0.0,0,272.12,272.53
1766142288710202103,AAPL,QUOTE,0.0,0,272.12,272.49
1766142306988137340,AAPL,TRADE,272.37,2,0.0,0.0
1766142306988231381,AAPL,TRADE,272.37,2,0.0,0.0
1766142306988676549,AAPL,TRADE,272.37,11,0.0,0.0
1766142321280506194,AAPL,QUOTE,0.0,0,272.12,272.53
1766142321282915345,AAPL,QUOTE,0.0,0,272.12,272.46
1766142321437963789,AAPL,QUOTE,0.0,0,272.12,272.53
1766142321441157813,AAPL,QUOTE,0.0,0,272.12,272.48
1766142332366184832,AAPL,QUOTE,0.0,0,272.12,272.53
1766142332368596712,AAPL,QUOTE,0.0,0,272.12,272.45
1766142345898051057,AAPL,TRADE,272.24,1,0.0,0.0
1766142352442323762,AAPL,QUOTE,0.0,0,272.12,272.53
1766142352446876018,AAPL,QUOTE,0.0,0,272.12,272.45
1766142364219748205,AAPL,QUOTE,0.0,0,272.12,272.53
1766142364223153815,AAPL,QUOTE,0.0,0,272.12,272.43
1766142375008322743,AAPL,TRADE,272.24,22,0.0,0.0
1766142375753183547,AAPL,QUOTE,0.0,0,272.12,272.53
1766142375756252279,AAPL,QUOTE,0.0,0,272.12,272.42
1766142376849119996,AAPL,TRADE,272.23,6,0.0,0.0
1766142376849194664,AAPL,TRADE,272.23,4,0.0,0.0
1766142376849242521,AAPL,TRADE,272.22,1,0.0,0.0
1766142376849253875,AAPL,TRADE,272.22,1,0.0,0.0
1766142376849465017,AAPL,TRADE,272.23,1,0.0,0.0
1766142376849605594,AAPL,TRADE,272.21,1,0.0,0.0
1766142376857518624,AAPL,TRADE,272.2,22,0.0,0.0
1766142377027941825,AAPL,TRADE,272.19,2,0.0,0.0
1766142377027943130,AAPL,TRADE,272.18,11,0.0,0.0
1766142377028048920,AAPL,TRADE,272.19,2,0.0,0.0
1766142377028053438,AAPL,TRADE,272.19,1,0.0,0.0
1766142377028058114,AAPL,TRADE,272.19,1,0.0,0.0
1766142377028063316,AAPL,TRADE,272.18,1,0.0,0.0
1766142377028072480,AAPL,TRADE,272.18,4,0.0,0.0
1766142377037165438,AAPL,TRADE,272.18,2,0.0,0.0
1766142377037166820,AAPL,TRADE,272.18,6,0.0,0.0
1766142381873247602,AAPL,TRADE,272.18,1,0.0,0.0
1766142391695998801,AAPL,TRADE,272.17,2,0.0,0.0
1766142391696077831,AAPL,TRADE,272.17,20,0.0,0.0
1766142391715830739,AAPL,TRADE,272.14,22,0.0,0.0
1766142391976131790,AAPL,TRADE,272.14,22,0.0,0.0
1766142391982117674,AAPL,QUOTE,0.0,0,272.12,272.53
1766142391984273372,AAPL,TRADE,272.14,40,0.0,0.0
1766142391984274400,AAPL,TRADE,272.13,66,0.0,0.0
1766142391984290703,AAPL,TRADE,272.13,5,0.0,0.0
1766142391984331039,AAPL,TRADE,272.13,1,0.0,0.0
1766142391984452616,AAPL,TRADE,272.13,2,0.0,0.0
1766142391984468266,AAPL,TRADE,272.14,1,0.0,0.0
1766142391984634561,AAPL,TRADE,272.13,5,0.0,0.0
1766142391984800263,AAPL,TRADE,272.13,12,0.0,0.0
1766142391989104144,AAPL,TRADE,272.13,22,0.0,0.0
1766142391996916267,AAPL,QUOTE,0.0,0,272.12,272.37
1766142392383082260,AAPL,QUOTE,0.0,0,272.12,272.53
1766142392385996451,AAPL,QUOTE,0.0,0,272.12,272.41
1766142392540751690,AAPL,TRADE,272.18,1,0.0,0.0
1766142400217431415,AAPL,TRADE,272.22,15,0.0,0.0
1766142402386076643,AAPL,QUOTE,0.0,0,272.12,272.53
1766142402388608747,AAPL,QUOTE,0.0,0,272.12,272.37
1766142405391113092,AAPL,QUOTE,0.0,0,272.12,272.53
1766142405393542645,AAPL,QUOTE,0.0,0,272.12,272.41
1766142408620481039,AAPL,TRADE,272.22,1,0.0,0.0
1766142420814111305,AAPL,QUOTE,0.0,0,272.12,272.53
1766142420817820612,AAPL,QUOTE,0.0,0,272.12,272.37
1766142423820674760,AAPL,QUOTE,0.0,0,272.12,272.53
1766142423823041771,AAPL,QUOTE,0.0,0,272.12,272.41
1766142432515975289,AAPL,TRADE,272.15,2,0.0,0.0
1766142433885429604,AAPL,TRADE,272.27,1,0.0,0.0
1766142465640160502,AAPL,QUOTE,0.0,0,272.12,272.42
1766142476003949610,AAPL,TRADE,272.25,1,0.0,0.0
1766142477504238266,AAPL,QUOTE,0.0,0,272.12,272.4
1766142481200726059,AAPL,QUOTE,0.0,0,272.12,272.42
1766142481203600307,AAPL,QUOTE,0.0,0,272.12,272.41
1766142484205913395,AAPL,QUOTE,0.0,0,272.12,272.42
1766142484470624447,AAPL,TRADE,272.13,33,0.0,0.0
1766142484470744015,AAPL,TRADE,272.13,4,0.0,0.0
1766142484471017856,AAPL,TRADE,272.13,4,0.0,0.0
1766142484471019992,AAPL,TRADE,272.13,2,0.0,0.0
1766142484471020039,AAPL,TRADE,272.13,1,0.0,0.0
1766142484472275727,AAPL,TRADE,272.13,2,0.0,0.0
1766142484472333961,AAPL,TRADE,272.13,20,0.0,0.0
1766142486034644459,AAPL,TRADE,272.13,22,0.0,0.0
1766142486316061221,AAPL,TRADE,272.13,6,0.0,0.0
1766142486316562919,AAPL,QUOTE,0.0,0,272.0,272.42
1766142486316562963,AAPL,TRADE,272.12,16,0.0,0.0
1766142486325385570,AAPL,QUOTE,0.0,0,272.0,272.42
1766142486327820733,AAPL,QUOTE,0.0,0,272.0,272.42
1766142486330172564,AAPL,QUOTE,0.0,0,272.0,272.42
1766142486332848536,AAPL,QUOTE,0.0,0,272.0,272.42
1766142486340874893,AAPL,QUOTE,0.0,0,272.0,272.42
1766142486343552542,AAPL,QUOTE,0.0,0,272.0,272.42
1766142486379318924,AAPL,QUOTE,0.0,0,272.0,272.42
1766142486475411180,AAPL,TRADE,272.24,24,0.0,0.0
1766142487307110731,AAPL,TRADE,272.12,22,0.0,0.0
1766142487307140122,AAPL,TRADE,272.12,10,0.0,0.0
1766142487310243669,AAPL,TRADE,272.12,12,0.0,0.0
1766142487310460745,AAPL,TRADE,272.12,12,0.0,0.0
1766142487311257756,AAPL,TRADE,272.12,12,0.0,0.0
1766142487311284688,AAPL,QUOTE,0.0,0,272.0,272.42
1766142487311284919,AAPL,TRADE,272.12,16,0.0,0.0
1766142494207913727,AAPL,QUOTE,0.0,0,272.0,272.42
1766142494210443717,AAPL,QUOTE,0.0,0,272.0,272.4
1766142504210510955,AAPL,QUOTE,0.0,0,272.0,272.42
1766142504213415395,AAPL,QUOTE,0.0,0,272.0,272.38
1766142509214240615,AAPL,QUOTE,0.0,0,272.0,272.42
1766142519219403778,AAPL,QUOTE,0.0,0,272.0,272.4
1766142520840981194,AAPL,TRADE,272.13,6,0.0,0.0
1766142531277927969,AAPL,TRADE,272.25,5,0.0,0.0
1766142532106451735,AAPL,QUOTE,0.0,0,272.0,272.42
1766142532110113250,AAPL,QUOTE,0.0,0,272.0,272.38
1766142537109891463,AAPL,QUOTE,0.0,0,272.0,272.42
1766142547116694413,AAPL,QUOTE,0.0,0,272.0,272.4
1766142552039168931,AAPL,TRADE,272.25,22,0.0,0.0
1766142557116883951,AAPL,QUOTE,0.0,0,272.0,272.42
1766142557119300130,AAPL,QUOTE,0.0,0,272.0,272.38
1766142567120523426,AAPL,QUOTE,0.0,0,272.0,272.42
1766142567123380151,AAPL,QUOTE,0.0,0,272.0,272.36
1766142567152109623,AAPL,QUOTE,0.0,0,272.0,272.36
1766142578712260963,AAPL,TRADE,272.09,1,0.0,0.0
1766142578712370822,AAPL,TRADE,272.1,1,0.0,0.0
1766142578712385048,AAPL,TRADE,272.12,1,0.0,0.0
1766142578712660981,AAPL,TRADE,272.12,1,0.0,0.0
1766142578712661034,AAPL,TRADE,272.1,5,0.0,0.0
1766142578712662383,AAPL,TRADE,272.1,13,0.0,0.0
1766142578728416917,AAPL,TRADE,272.1,22,0.0,0.0
1766142580062490969,AAPL,TRADE,272.08,2,0.0,0.0
1766142580062493095,AAPL,TRADE,272.04,100,0.0,0.0
1766142580062493146,AAPL,TRADE,272.03,30,0.0,0.0
1766142580062495705,AAPL,TRADE,272.03,1,0.0,0.0
1766142580062497311,AAPL,TRADE,272.03,1,0.0,0.0
1766142580062503643,AAPL,TRADE,272.02,2,0.0,0.0
1766142580062503697,AAPL,TRADE,272.01,2,0.0,0.0
1766142580062503822,AAPL,TRADE,272.0,17,0.0,0.0
1766142580062505914,AAPL,TRADE,272.0,25,0.0,0.0
1766142580062508617,AAPL,QUOTE,0.0,0,272.0,272.36
1766142580062509110,AAPL,TRADE,272.09,1,0.0,0.0
1766142580062513484,AAPL,TRADE,272.0,1,0.0,0.0
1766142580062513537,AAPL,TRADE,272.0,1,0.0,0.0
1766142580062513663,AAPL,TRADE,272.0,45,0.0,0.0
1766142580062513871,AAPL,TRADE,272.0,3,0.0,0.0
1766142580062522719,AAPL,TRADE,272.0,1,0.0,0.0
1766142580062522770,AAPL,TRADE,272.0,1,0.0,0.0
1766142580062522910,AAPL,TRADE,272.0,1,0.0,0.0
1766142580062523073,AAPL,TRADE,272.0,2,0.0,0.0
1766142580062527521,AAPL,TRADE,272.09,4,0.0,0.0
1766142580062531933,AAPL,TRADE,272.0,1,0.0,0.0
1766142580062531996,AAPL,TRADE,272.0,3,0.0,0.0
1766142580062532103,AAPL,TRADE,272.0,1,0.0,0.0
1766142580062532151,AAPL,TRADE,272.0,1,0.0,0.0
1766142580062541107,AAPL,TRADE,272.0,1,0.0,0.0
1766142580062541157,AAPL,TRADE,272.0,5,0.0,0.0
1766142580062541347,AAPL,TRADE,272.0,10,0.0,0.0
1766142580062541472,AAPL,TRADE,272.0,1,0.0,0.0
1766142580062548669,AAPL,TRADE,272.0,2,0.0,0.0
1766142580062548736,AAPL,TRADE,272.0,5,0.0,0.0
1766142580062550277,AAPL,TRADE,272.0,5,0.0,0.0
1766142580062560447,AAPL,TRADE,272.03,40,0.0,0.0
1766142580062561534,AAPL,TRADE,272.02,2,0.0,0.0
1766142580062562665,AAPL,QUOTE,0.0,0,271.8,272.36
1766142580062562769,AAPL,TRADE,272.0,1,0.0,0.0
1766142580062564242,AAPL,TRADE,272.0,2,0.0,0.0
1766142580062568267,AAPL,TRADE,272.0,50,0.0,0.0
1766142580062568315,AAPL,TRADE,272.0,25,0.0,0.0
1766142580062570954,AAPL,TRADE,272.0,68,0.0,0.0
1766142580062583556,AAPL,TRADE,272.04,4,0.0,0.0
1766142580062585947,AAPL,QUOTE,0.0,0,271.8,272.16
1766142580062599100,AAPL,TRADE,272.08,1,0.0,0.0
1766142580062599534,AAPL,QUOTE,0.0,0,271.8,272.16
1766142580062609155,AAPL,QUOTE,0.0,0,271.8,272.16
1766142580062609602,AAPL,TRADE,272.08,1,0.0,0.0
1766142580062612895,AAPL,TRADE,272.0,42,0.0,0.0
1766142580062621440,AAPL,TRADE,272.0,17,0.0,0.0
1766142580062631444,AAPL,QUOTE,0.0,0,271.8,272.36
1766142580062666500,AAPL,TRADE,272.04,1,0.0,0.0
1766142580062676367,AAPL,TRADE,272.04,1,0.0,0.0
1766142580062683182,AAPL,TRADE,272.06,1,0.0,0.0
1766142580062717315,AAPL,TRADE,272.04,25,0.0,0.0
1766142580062726204,AAPL,TRADE,272.06,1,0.0,0.0
1766142580062740242,AAPL,TRADE,272.06,1,0.0,0.0
1766142580062774662,AAPL,TRADE,272.06,2,0.0,0.0
1766142580062785441,AAPL,TRADE,272.06,2,0.0,0.0
1766142580062877891,AAPL,TRADE,272.06,1,0.0,0.0
1766142580062912764,AAPL,TRADE,272.04,1,0.0,0.0
1766142580062934130,AAPL,QUOTE,0.0,0,271.6,272.36
1766142580062955787,AAPL,TRADE,272.06,1,0.0,0.0
1766142580062964591,AAPL,TRADE,272.06,2,0.0,0.0
1766142580062972317,AAPL,TRADE,272.06,1,0.0,0.0
1766142580062993162,AAPL,TRADE,272.06,25,0.0,0.0
1766142580063007237,AAPL,TRADE,272.06,5,0.0,0.0
1766142581183750143,AAPL,TRADE,272.0,2,0.0,0.0
1766142581183808251,AAPL,TRADE,272.05,1,0.0,0.0
1766142581183811876,AAPL,TRADE,272.03,1,0.0,0.0
1766142581183820241,AAPL,TRADE,272.03,1,0.0,0.0
1766142581183822455,AAPL,TRADE,272.03,1,0.0,0.0
1766142581183847251,AAPL,TRADE,272.0,2,0.0,0.0
1766142581183851923,AAPL,TRADE,272.0,1,0.0,0.0
1766142581183855959,AAPL,TRADE,272.0,1,0.0,0.0
1766142581183857500,AAPL,TRADE,272.0,1,0.0,0.0
1766142581183862439,AAPL,TRADE,272.0,1,0.0,0.0
1766142581189515575,AAPL,TRADE,272.0,13,0.0,0.0
1766142581189516898,AAPL,TRADE,272.0,5,0.0,0.0
1766142581189518207,AAPL,TRADE,271.99,3,0.0,0.0
1766142581189615383,AAPL,TRADE,272.0,1,0.0,0.0
1766142581253617370,AAPL,TRADE,271.99,12,0.0,0.0
1766142581264155593,AAPL,TRADE,271.99,22,0.0,0.0
1766142581264176425,AAPL,QUOTE,0.0,0,271.6,272.28
1766142581266173935,AAPL,QUOTE,0.0,0,271.6,272.36
1766142581417139289,AAPL,QUOTE,0.0,0,271.6,272.34
1766142583067634694,AAPL,QUOTE,0.0,0,271.6,272.26
1766142587868354695,AAPL,TRADE,272.1,20,0.0,0.0
1766142587868819813,AAPL,TRADE,272.13,5,0.0,0.0
1766142590655699871,AAPL,TRADE,272.17,5,0.0,0.0
1766142604329847940,AAPL,TRADE,272.17,7,0.0,0.0
1766142604329850631,AAPL,TRADE,272.17,3,0.0,0.0
1766142604701055768,AAPL,TRADE,272.04,10,0.0,0.0
1766142622038117031,AAPL,TRADE,272.02,2,0.0,0.0
1766142622039484012,AAPL,TRADE,271.98,20,0.0,0.0
1766142622171921441,AAPL,TRADE,271.92,15,0.0,0.0
1766142622171941608,AAPL,QUOTE,0.0,0,271.6,272.19
1766142622171949245,AAPL,TRADE,271.97,2,0.0,0.0
1766142622172234587,AAPL,TRADE,271.97,1,0.0,0.0
1766142622172235920,AAPL,TRADE,271.95,3,0.0,0.0
1766142622172293141,AAPL,TRADE,271.92,1,0.0,0.0
1766142622173939502,AAPL,QUOTE,0.0,0,271.6,272.26
1766142622175526777,AAPL,TRADE,271.91,2,0.0,0.0
1766142622175533618,AAPL,TRADE,271.9,1,0.0,0.0
1766142622175642865,AAPL,TRADE,271.8,1,0.0,0.0
1766142622175817862,AAPL,TRADE,271.92,6,0.0,0.0
1766142622175817917,AAPL,TRADE,271.92,1,0.0,0.0
1766142622175818162,AAPL,TRADE,271.91,2,0.0,0.0
1766142622175860489,AAPL,TRADE,271.86,7,0.0,0.0
1766142622175860538,AAPL,TRADE,271.85,1,0.0,0.0
1766142622175946716,AAPL,TRADE,271.83,1,0.0,0.0
1766142631391744705,AAPL,QUOTE,0.0,0,271.6,272.34
1766142631395930788,AAPL,QUOTE,0.0,0,271.6,272.22
1766142631740366087,AAPL,QUOTE,0.0,0,271.69,272.22
1766142633700887449,AAPL,QUOTE,0.0,0,271.69,272.31
1766142633703209309,AAPL,QUOTE,0.0,0,271.69,272.22
1766142633712228718,AAPL,QUOTE,0.0,0,271.69,272.31
1766142633714599726,AAPL,QUOTE,0.0,0,271.69,272.23
1766142634219585623,AAPL,QUOTE,0.0,0,271.69,272.31
1766142634222129561,AAPL,QUOTE,0.0,0,271.69,272.25
1766142634908511534,AAPL,QUOTE,0.0,0,271.69,272.5
1766142634910753339,AAPL,QUOTE,0.0,0,271.69,272.42
1766142639305560590,AAPL,QUOTE,0.0,0,271.6,272.42
1766142639402725061,AAPL,QUOTE,0.0,0,271.71,272.42
1766142640049940007,AAPL,TRADE,271.96,30,0.0,0.0
1766142640049941871,AAPL,TRADE,271.95,2,0.0,0.0
1766142640049941923,AAPL,TRADE,271.95,18,0.0,0.0
1766142640049997109,AAPL,QUOTE,0.0,0,271.6,272.42
1766142649310194735,AAPL,QUOTE,0.0,0,271.7,272.42
1766142651964579737,AAPL,TRADE,272.0,2,0.0,0.0
1766142651966213690,AAPL,QUOTE,0.0,0,271.6,272.42
1766142651966474505,AAPL,QUOTE,0.0,0,271.6,272.5
1766142651969827484,AAPL,QUOTE,0.0,0,271.6,272.42
1766142651970352124,AAPL,QUOTE,0.0,0,271.7,272.42
1766142657365326099,AAPL,TRADE,272.0,7,0.0,0.0
1766142657365519200,AAPL,TRADE,272.06,5,0.0,0.0
1766142657366091797,AAPL,TRADE,272.0,9,0.0,0.0
1766142657366933171,AAPL,QUOTE,0.0,0,271.6,272.42
1766142657370613908,AAPL,QUOTE,0.0,0,271.82,272.42
1766142657377023327,AAPL,TRADE,272.0,7,0.0,0.0
1766142657377078284,AAPL,TRADE,272.0,17,0.0,0.0
1766142657378924695,AAPL,QUOTE,0.0,0,271.6,272.42
1766142657381178389,AAPL,QUOTE,0.0,0,271.71,272.42
1766142661968659338,AAPL,QUOTE,0.0,0,271.71,272.5
1766142661973745233,AAPL,QUOTE,0.0,0,271.71,272.4
1766142671973963489,AAPL,QUOTE,0.0,0,271.71,272.5
1766142671979821974,AAPL,QUOTE,0.0,0,271.71,272.38
1766142677202598026,AAPL,TRADE,272.06,1,0.0,0.0
1766142680006966562,AAPL,TRADE,272.04,2,0.0,0.0
1766142681979713654,AAPL,QUOTE,0.0,0,271.71,272.5
1766142681983299791,AAPL,QUOTE,0.0,0,271.71,272.36
1766142691981564541,AAPL,QUOTE,0.0,0,271.71,272.5
1766142691983919628,AAPL,QUOTE,0.0,0,271.71,272.34
1766142693957594145,AAPL,QUOTE,0.0,0,271.71,272.5
1766142693957776657,AAPL,QUOTE,0.0,0,271.69,272.5
1766142693960188723,AAPL,QUOTE,0.0,0,271.69,272.42
1766142693960587543,AAPL,QUOTE,0.0,0,271.83,272.42
1766142699546799569,AAPL,TRADE,272.03,1,0.0,0.0
1766142703959909057,AAPL,QUOTE,0.0,0,271.83,272.5
1766142703962266782,AAPL,QUOTE,0.0,0,271.83,272.4
1766142705623364501,AAPL,QUOTE,0.0,0,271.69,272.4
1766142705631681551,AAPL,QUOTE,0.0,0,271.82,272.4
1766142707006295605,AAPL,TRADE,272.03,1,0.0,0.0
1766142707295428425,AAPL,QUOTE,0.0,0,271.82,272.5
1766142707299563304,AAPL,QUOTE,0.0,0,271.82,272.42
1766142707309910611,AAPL,TRADE,271.97,2,0.0,0.0
1766142707309911745,AAPL,TRADE,271.92,27,0.0,0.0
1766142707309968670,AAPL,TRADE,271.92,1,0.0,0.0
1766142708705648724,AAPL,QUOTE,0.0,0,271.6,272.42
1766142708709484247,AAPL,QUOTE,0.0,0,271.81,272.42
1766142712805470037,AAPL,TRADE,272.06,2,0.0,0.0
1766142712844314390,AAPL,TRADE,272.04,52,0.0,0.0
1766142712846042291,AAPL,QUOTE,0.0,0,271.6,272.42
1766142712848465026,AAPL,QUOTE,0.0,0,271.72,272.42
1766142713920183050,AAPL,TRADE,272.12,2,0.0,0.0
1766142713920208635,AAPL,TRADE,272.12,4,0.0,0.0
1766142713920553959,AAPL,TRADE,272.04,2,0.0,0.0
1766142713920569773,AAPL,TRADE,272.05,2,0.0,0.0
1766142713955848649,AAPL,TRADE,272.04,1,0.0,0.0
1766142714481306009,AAPL,TRADE,272.04,3,0.0,0.0
1766142722466726774,AAPL,QUOTE,0.0,0,271.72,272.5
1766142722469542338,AAPL,QUOTE,0.0,0,271.72,272.4
1766142724930286746,AAPL,QUOTE,0.0,0,271.73,272.4
1766142736624207866,AAPL,QUOTE,0.0,0,271.73,272.5
1766142736626760115,AAPL,QUOTE,0.0,0,271.73,272.39
1766142738342782400,AAPL,QUOTE,0.0,0,271.73,272.5
1766142738345076056,AAPL,QUOTE,0.0,0,271.73,272.42
1766142748296854311,AAPL,TRADE,272.03,2,0.0,0.0
1766142748345289101,AAPL,QUOTE,0.0,0,271.73,272.5
1766142748347761327,AAPL,QUOTE,0.0,0,271.73,272.4
1766142755589071277,AAPL,TRADE,272.11,2,0.0,0.0
1766142755589072668,AAPL,TRADE,272.14,1,0.0,0.0
1766142755589124674,AAPL,TRADE,272.04,1,0.0,0.0
1766142755589147095,AAPL,TRADE,272.04,1,0.0,0.0
1766142756021399986,AAPL,TRADE,272.05,1,0.0,0.0
1766142756703211425,AAPL,QUOTE,0.0,0,271.73,272.5
1766142756705614034,AAPL,QUOTE,0.0,0,271.73,272.42
1766142760707922492,AAPL,TRADE,272.02,25,0.0,0.0
1766142768974291402,AAPL,QUOTE,0.0,0,271.73,272.5
1766142768976948344,AAPL,QUOTE,0.0,0,271.73,272.41
1766142771979783618,AAPL,QUOTE,0.0,0,271.73,272.53
1766142771982470793,AAPL,QUOTE,0.0,0,271.73,272.42
1766142782946416955,AAPL,QUOTE,0.0,0,271.81,272.42
1766142782948943727,AAPL,QUOTE,0.0,0,271.73,272.42
1766142784324962713,AAPL,QUOTE,0.0,0,271.76,272.42
1766142788421073511,AAPL,QUOTE,0.0,0,271.76,272.53
1766142788423401624,AAPL,QUOTE,0.0,0,271.76,272.4
1766142789011256734,AAPL,QUOTE,0.0,0,271.76,272.53
1766142789014666923,AAPL,QUOTE,0.0,0,271.76,272.4
1766142789293102046,AAPL,TRADE,272.05,4,0.0,0.0
1766142793096567268,AAPL,QUOTE,0.0,0,271.82,272.4
1766142793274631133,AAPL,QUOTE,0.0,0,271.82,272.53
1766142793277271881,AAPL,QUOTE,0.0,0,271.82,272.42
1766142808125281158,AAPL,TRADE,272.05,1,0.0,0.0
1766142808238089237,AAPL,TRADE,272.05,3,0.0,0.0
1766142808567105986,AAPL,QUOTE,0.0,0,271.82,272.53
1766142808569587011,AAPL,QUOTE,0.0,0,271.82,272.43
1766142811571856955,AAPL,QUOTE,0.0,0,271.82,272.53
1766142811574173451,AAPL,QUOTE,0.0,0,271.82,272.45
1766142817961163716,AAPL,TRADE,272.05,1,0.0,0.0
1766142819637715426,AAPL,QUOTE,0.0,0,271.8,272.45
1766142819640225577,AAPL,QUOTE,0.0,0,271.9,272.45
1766142830084677461,AAPL,TRADE,272.11,9,0.0,0.0
1766142830292127858,AAPL,QUOTE,0.0,0,271.9,272.53
1766142830295707858,AAPL,QUOTE,0.0,0,271.9,272.43
1766142833298100093,AAPL,QUOTE,0.0,0,271.9,272.53
1766142833300481042,AAPL,QUOTE,0.0,0,271.9,272.45
1766142838465019927,AAPL,TRADE,272.18,1,0.0,0.0
1766142845790099282,AAPL,QUOTE,0.0,0,271.9,272.53
1766142845792571201,AAPL,QUOTE,0.0,0,271.9,272.43
1766142852801714497,AAPL,QUOTE,0.0,0,271.9,272.53
1766142852804149913,AAPL,QUOTE,0.0,0,271.9,272.45
1766142862804115680,AAPL,QUOTE,0.0,0,271.9,272.53
1766142862807212737,AAPL,QUOTE,0.0,0,271.9,272.42
1766142870903390278,AAPL,QUOTE,0.0,0,271.7,272.42
1766142870906135324,AAPL,QUOTE,0.0,0,271.82,272.42
1766142872022707548,AAPL,TRADE,272.18,5,0.0,0.0
1766142872022801860,AAPL,TRADE,272.18,15,0.0,0.0
1766142889356071038,AAPL,TRADE,272.12,1,0.0,0.0
1766142895245814027,AAPL,TRADE,272.18,3,0.0,0.0
1766142895245874692,AAPL,TRADE,272.18,2,0.0,0.0
1766142895246230239,AAPL,TRADE,272.18,5,0.0,0.0
1766142899387237237,AAPL,TRADE,272.19,1,0.0,0.0
1766142913364541200,AAPL,TRADE,272.18,1,0.0,0.0
1766142957623979498,AAPL,TRADE,272.13,2,0.0,0.0
1766142957672630814,AAPL,TRADE,272.13,1,0.0,0.0
1766142960012040764,AAPL,TRADE,272.16,100,0.0,0.0
1766142960012298627,AAPL,TRADE,272.16,100,0.0,0.0
1766142960017687042,AAPL,TRADE,272.18,36,0.0,0.0
1766142960017688661,AAPL,TRADE,272.18,1,0.0,0.0
1766142960017688706,AAPL,TRADE,272.18,20,0.0,0.0
1766142960017742711,AAPL,TRADE,272.19,2,0.0,0.0
1766142960017771758,AAPL,TRADE,272.2,1,0.0,0.0
1766142960017779912,AAPL,TRADE,272.19,2,0.0,0.0
1766142960017825062,AAPL,TRADE,272.19,1,0.0,0.0
1766142960017825599,AAPL,TRADE,272.2,1,0.0,0.0
1766142960017865240,AAPL,TRADE,272.19,1,0.0,0.0
1766142960017871073,AAPL,TRADE,272.2,14,0.0,0.0
1766142960017900901,AAPL,TRADE,272.2,2,0.0,0.0
1766142960017902748,AAPL,TRADE,272.22,1,0.0,0.0
1766142963294793851,AAPL,TRADE,272.22,5,0.0,0.0
1766142963295506605,AAPL,TRADE,272.23,3,0.0,0.0
1766142963295610086,AAPL,QUOTE,0.0,0,272.12,272.42
1766142963295621655,AAPL,TRADE,272.25,1,0.0,0.0
1766142963295695179,AAPL,TRADE,272.27,1,0.0,0.0
1766142963295704206,AAPL,QUOTE,0.0,0,271.82,272.42
1766142963295763694,AAPL,TRADE,272.27,1,0.0,0.0
1766142963295843123,AAPL,TRADE,272.3,25,0.0,0.0
1766142963295849623,AAPL,TRADE,272.29,25,0.0,0.0
1766142963295933549,AAPL,TRADE,272.3,25,0.0,0.0
1766142963297096886,AAPL,QUOTE,0.0,0,271.82,272.53
1766142963297184335,AAPL,QUOTE,0.0,0,271.8,272.53
1766142963299606737,AAPL,QUOTE,0.0,0,271.8,272.43
1766142963299637252,AAPL,QUOTE,0.0,0,272.13,272.43
1766142963363945787,AAPL,QUOTE,0.0,0,272.13,272.48
1766142967807389461,AAPL,QUOTE,0.0,0,271.8,272.48
1766142967810603651,AAPL,QUOTE,0.0,0,272.12,272.48
1766142969037188623,AAPL,QUOTE,0.0,0,271.8,272.48
1766142969037264855,AAPL,QUOTE,0.0,0,271.8,272.48
1766142969039681592,AAPL,QUOTE,0.0,0,272.11,272.48
1766142970677602727,AAPL,QUOTE,0.0,0,271.8,272.48
1766142970679928185,AAPL,QUOTE,0.0,0,271.82,272.48
1766142980193027623,AAPL,TRADE,272.2,1,0.0,0.0
1766142980679767308,AAPL,QUOTE,0.0,0,271.77,272.48
1766142980682636009,AAPL,QUOTE,0.0,0,271.95,272.48
1766142983786179565,AAPL,QUOTE,0.0,0,271.95,272.47
1766142985741005489,AAPL,QUOTE,0.0,0,272.18,272.47
1766142986359391051,AAPL,TRADE,272.2,40,0.0,0.0
1766142986359391107,AAPL,TRADE,272.19,40,0.0,0.0
1766142986359391298,AAPL,TRADE,272.19,19,0.0,0.0
1766142998471672574,AAPL,TRADE,272.19,40,0.0,0.0
1766142998471674455,AAPL,TRADE,272.19,34,0.0,0.0
1766142998471674497,AAPL,TRADE,272.19,26,0.0,0.0
1766142998607850247,AAPL,QUOTE,0.0,0,272.12,272.47
1766142998607963816,AAPL,QUOTE,0.0,0,272.18,272.47
1766143007072284797,AAPL,TRADE,272.18,66,0.0,0.0
1766143007072285958,AAPL,TRADE,272.18,15,0.0,0.0
1766143007072288279,AAPL,QUOTE,0.0,0,271.95,272.47
1766143007072380610,AAPL,TRADE,272.18,1,0.0,0.0
1766143007072391128,AAPL,TRADE,272.18,10,0.0,0.0
1766143019291208848,AAPL,QUOTE,0.0,0,271.95,272.41
1766143020900715283,AAPL,QUOTE,0.0,0,271.8,272.41
1766143020903560356,AAPL,QUOTE,0.0,0,271.94,272.41
1766143023906180827,AAPL,QUOTE,0.0,0,271.8,272.41
1766143023911662766,AAPL,QUOTE,0.0,0,271.82,272.41
1766143033912227198,AAPL,QUOTE,0.0,0,271.8,272.41
1766143033915905202,AAPL,QUOTE,0.0,0,271.95,272.41
1766143038654179238,AAPL,QUOTE,0.0,0,271.8,272.41
1766143038656836968,AAPL,QUOTE,0.0,0,271.95,272.41
1766143038719869604,AAPL,QUOTE,0.0,0,271.8,272.41
1766143038722198390,AAPL,QUOTE,0.0,0,271.94,272.41
1766143041724590423,AAPL,QUOTE,0.0,0,271.8,272.41
1766143041727455518,AAPL,QUOTE,0.0,0,271.82,272.41
1766143041804754094,AAPL,QUOTE,0.0,0,271.82,272.47
1766143041807382770,AAPL,QUOTE,0.0,0,271.82,272.37
1766143042458517089,AAPL,QUOTE,0.0,0,271.82,272.47
1766143042460782360,AAPL,QUOTE,0.0,0,271.82,272.41
1766143042558884289,AAPL,QUOTE,0.0,0,271.82,272.47
1766143042561615142,AAPL,QUOTE,0.0,0,271.82,272.45
1766143051726830962,AAPL,QUOTE,0.0,0,271.8,272.45
1766143051729619180,AAPL,QUOTE,0.0,0,271.95,272.45
1766143053064520905,AAPL,QUOTE,0.0,0,271.95,272.47
1766143053066873471,AAPL,QUOTE,0.0,0,271.95,272.42
1766143063191635017,AAPL,TRADE,272.2,1,0.0,0.0
1766143071975767613,AAPL,QUOTE,0.0,0,271.95,272.47
1766143071978458085,AAPL,QUOTE,0.0,0,271.95,272.37
1766143073123997556,AAPL,QUOTE,0.0,0,271.95,272.47
1766143073127140916,AAPL,QUOTE,0.0,0,271.95,272.42
1766143083126555642,AAPL,QUOTE,0.0,0,271.95,272.47
1766143083129754444,AAPL,QUOTE,0.0,0,271.95,272.37
1766143083963147794,AAPL,QUOTE,0.0,0,271.95,272.47
1766143083971891324,AAPL,QUOTE,0.0,0,271.95,272.42
1766143091672331795,AAPL,QUOTE,0.0,0,271.95,272.47
1766143091675046853,AAPL,QUOTE,0.0,0,271.95,272.43
1766143094677850436,AAPL,QUOTE,0.0,0,271.95,272.47
1766143094680133340,AAPL,QUOTE,0.0,0,271.95,272.45
1766143104679480377,AAPL,QUOTE,0.0,0,271.95,272.47
1766143104681876167,AAPL,QUOTE,0.0,0,271.95,272.42
1766143113639251526,AAPL,TRADE,272.2,4,0.0,0.0
1766143114272382216,AAPL,TRADE,272.19,1,0.0,0.0
1766143119412810303,AAPL,QUOTE,0.0,0,271.95,272.47
1766143119415556421,AAPL,QUOTE,0.0,0,271.95,272.42
1766143119631446951,AAPL,QUOTE,0.0,0,271.95,272.47
1766143119634891017,AAPL,QUOTE,0.0,0,271.95,272.43
1766143122637896891,AAPL,QUOTE,0.0,0,271.95,272.47
1766143122640526684,AAPL,QUOTE,0.0,0,271.95,272.45
1766143134185518862,AAPL,QUOTE,0.0,0,271.95,272.47
1766143134188123406,AAPL,QUOTE,0.0,0,271.95,272.42
1766143177452597228,AAPL,TRADE,272.2,20,0.0,0.0
1766143195099536844,AAPL,QUOTE,0.0,0,271.95,272.47
1766143195102423253,AAPL,QUOTE,0.0,0,271.95,272.36
1766143195108852178,AAPL,QUOTE,0.0,0,271.95,272.47
1766143195111199873,AAPL,QUOTE,0.0,0,271.95,272.42
1766143197033567811,AAPL,TRADE,272.2,2,0.0,0.0
1766143197033569143,AAPL,TRADE,272.2,33,0.0,0.0
1766143197036093274,AAPL,QUOTE,0.0,0,271.95,272.47
1766143197038928946,AAPL,QUOTE,0.0,0,271.95,272.43
1766143200042528699,AAPL,QUOTE,0.0,0,271.95,272.47
1766143200044921948,AAPL,QUOTE,0.0,0,271.95,272.45
1766143203122262872,AAPL,QUOTE,0.0,0,271.8,272.45
1766143203135562933,AAPL,QUOTE,0.0,0,271.82,272.45
1766143210044601303,AAPL,QUOTE,0.0,0,271.82,272.47
1766143210047129509,AAPL,QUOTE,0.0,0,271.82,272.42
1766143211683904426,AAPL,TRADE,272.19,2,0.0,0.0
1766143211683905596,AAPL,TRADE,272.19,3,0.0,0.0
1766143213129283767,AAPL,QUOTE,0.0,0,271.8,272.42
1766143213131924822,AAPL,QUOTE,0.0,0,271.96,272.42
1766143213547586627,AAPL,TRADE,272.2,1,0.0,0.0
1766143238493428204,AAPL,QUOTE,0.0,0,271.96,272.47
1766143238493893439,AAPL,QUOTE,0.0,0,271.8,272.47
1766143238497194239,AAPL,QUOTE,0.0,0,271.8,272.35
1766143238498731526,AAPL,QUOTE,0.0,0,271.95,272.35
1766143241500854157,AAPL,QUOTE,0.0,0,271.8,272.35
1766143241503440438,AAPL,QUOTE,0.0,0,271.82,272.35
1766143241530379165,AAPL,QUOTE,0.0,0,271.82,272.47
1766143241532934571,AAPL,QUOTE,0.0,0,271.82,272.36
1766143251532613137,AAPL,QUOTE,0.0,0,271.82,272.47
1766143251535363460,AAPL,QUOTE,0.0,0,271.82,272.34
1766143253476926020,AAPL,QUOTE,0.0,0,271.8,272.34
1766143253481818735,AAPL,QUOTE,0.0,0,271.96,272.34
1766143254540841379,AAPL,QUOTE,0.0,0,271.96,272.47
1766143254543415422,AAPL,QUOTE,0.0,0,271.96,272.36
1766143262476825092,AAPL,TRADE,272.2,5,0.0,0.0
1766143262476857295,AAPL,TRADE,272.2,4,0.0,0.0
1766143262476960409,AAPL,TRADE,272.2,1,0.0,0.0
1766143262477149103,AAPL,TRADE,272.2,1,0.0,0.0
1766143262477538129,AAPL,TRADE,272.2,1,0.0,0.0
1766143262477557847,AAPL,TRADE,272.2,1,0.0,0.0
1766143262479298599,AAPL,QUOTE,0.0,0,271.96,272.47
1766143262482732913,AAPL,QUOTE,0.0,0,271.96,272.42
1766143283943683287,AAPL,QUOTE,0.0,0,271.96,272.53
1766143283946120879,AAPL,QUOTE,0.0,0,271.96,272.42
1766143300464210020,AAPL,TRADE,272.2,1,0.0,0.0
1766143310652117830,AAPL,QUOTE,0.0,0,271.96,272.53
1766143310655224116,AAPL,QUOTE,0.0,0,271.96,272.42
1766143313644964975,AAPL,TRADE,272.2,1,0.0,0.0
1766143323867918364,AAPL,TRADE,272.11,1,0.0,0.0
1766143323867919595,AAPL,TRADE,272.11,4,0.0,0.0
1766143324226967529,AAPL,QUOTE,0.0,0,271.96,272.53
1766143324229376545,AAPL,QUOTE,0.0,0,271.96,272.36
1766143329537151851,AAPL,QUOTE,0.0,0,271.96,272.53
1766143329539921781,AAPL,QUOTE,0.0,0,271.96,272.36
1766143331587174081,AAPL,QUOTE,0.0,0,271.96,272.53
1766143331589801630,AAPL,QUOTE,0.0,0,271.96,272.37
1766143334592344252,AAPL,QUOTE,0.0,0,271.96,272.53
1766143334596565369,AAPL,QUOTE,0.0,0,271.96,272.42
1766143344596668840,AAPL,QUOTE,0.0,0,271.96,272.53
1766143344599283246,AAPL,QUOTE,0.0,0,271.96,272.36
1766143356784826923,AAPL,QUOTE,0.0,0,271.96,272.53
1766143356787673887,AAPL,QUOTE,0.0,0,271.96,272.34
1766143357306596197,AAPL,QUOTE,0.0,0,271.96,272.53
1766143357309474477,AAPL,QUOTE,0.0,0,271.96,272.36
1766143360190206519,AAPL,QUOTE,0.0,0,271.96,272.53
1766143360195629585,AAPL,QUOTE,0.0,0,271.96,272.42
1766143371953609404,AAPL,TRADE,272.13,4,0.0,0.0
1766143372033104532,AAPL,QUOTE,0.0,0,271.96,272.49
1766143372035650325,AAPL,QUOTE,0.0,0,271.96,272.41
1766143372108663831,AAPL,QUOTE,0.0,0,271.8,272.41
1766143372111120597,AAPL,QUOTE,0.0,0,271.95,272.41
1766143372684430590,AAPL,TRADE,272.11,11,0.0,0.0
1766143372684469683,AAPL,TRADE,272.09,3,0.0,0.0
1766143372684490879,AAPL,TRADE,272.11,10,0.0,0.0
1766143372684491578,AAPL,TRADE,272.09,3,0.0,0.0
1766143372684495688,AAPL,TRADE,272.11,10,0.0,0.0
1766143372684507863,AAPL,TRADE,272.11,1,0.0,0.0
1766143372695234905,AAPL,QUOTE,0.0,0,271.6,272.41
1766143372698562505,AAPL,QUOTE,0.0,0,271.82,272.41
1766143375038574240,AAPL,QUOTE,0.0,0,271.82,272.49
1766143375041805048,AAPL,QUOTE,0.0,0,271.82,272.42
1766143380920710576,AAPL,TRADE,272.12,2,0.0,0.0
1766143387035489312,AAPL,QUOTE,0.0,0,271.82,272.49
1766143387038383228,AAPL,QUOTE,0.0,0,271.82,272.4
1766143396072704755,AAPL,TRADE,272.01,2,0.0,0.0
1766143396072706078,AAPL,TRADE,272.0,1,0.0,0.0
1766143396073031163,AAPL,TRADE,272.06,30,0.0,0.0
1766143400315951569,AAPL,QUOTE,0.0,0,271.82,272.49
1766143400318508540,AAPL,QUOTE,0.0,0,271.82,272.37
1766143400797683546,AAPL,QUOTE,0.0,0,271.82,272.49
1766143400801034520,AAPL,QUOTE,0.0,0,271.82,272.38
1766143412625534935,AAPL,TRADE,272.06,12,0.0,0.0
1766143413278784812,AAPL,QUOTE,0.0,0,271.82,272.5
1766143413281712877,AAPL,QUOTE,0.0,0,271.82,272.36
1766143423281750254,AAPL,QUOTE,0.0,0,271.82,272.49
1766143423284296003,AAPL,QUOTE,0.0,0,271.82,272.35
1766143426287221973,AAPL,QUOTE,0.0,0,271.82,272.5
1766143426289974019,AAPL,QUOTE,0.0,0,271.82,272.36
1766143429029023400,AAPL,QUOTE,0.0,0,271.6,272.36
1766143429035120598,AAPL,QUOTE,0.0,0,271.81,272.36
1766143432040067470,AAPL,QUOTE,0.0,0,271.6,272.36
1766143432042746776,AAPL,QUOTE,0.0,0,271.75,272.36
1766143434778981841,AAPL,TRADE,272.0,1,0.0,0.0
1766143434778983281,AAPL,TRADE,271.95,2,0.0,0.0
1766143434779045491,AAPL,TRADE,272.0,1,0.0,0.0
1766143434779051565,AAPL,TRADE,272.0,1,0.0,0.0
1766143434779104569,AAPL,TRADE,272.0,3,0.0,0.0
1766143434779145101,AAPL,TRADE,272.0,3,0.0,0.0
1766143436289814239,AAPL,QUOTE,0.0,0,271.75,272.49
1766143436292151634,AAPL,QUOTE,0.0,0,271.75,272.34
1766143439247774968,AAPL,QUOTE,0.0,0,271.75,272.49
1766143439250462038,AAPL,QUOTE,0.0,0,271.75,272.35
1766143442252909010,AAPL,QUOTE,0.0,0,271.75,272.5
1766143442259061817,AAPL,QUOTE,0.0,0,271.75,272.36
1766143445063057449,AAPL,QUOTE,0.0,0,271.6,272.36
1766143445066166548,AAPL,QUOTE,0.0,0,271.81,272.36
1766143445969361061,AAPL,TRADE,271.96,1,0.0,0.0
1766143452259229720,AAPL,QUOTE,0.0,0,271.81,272.49
1766143452262118992,AAPL,QUOTE,0.0,0,271.81,272.35
1766143455264923584,AAPL,QUOTE,0.0,0,271.81,272.5
1766143455267407026,AAPL,QUOTE,0.0,0,271.81,272.36
1766143458058372634,AAPL,QUOTE,0.0,0,271.6,272.36
1766143458062194537,AAPL,QUOTE,0.0,0,271.83,272.36
1766143458226571327,AAPL,QUOTE,0.0,0,271.6,272.36
1766143458229315133,AAPL,QUOTE,0.0,0,271.82,272.36
1766143464779116982,AAPL,QUOTE,0.0,0,271.82,272.49
1766143464781614662,AAPL,QUOTE,0.0,0,271.82,272.36
1766143464910452206,AAPL,QUOTE,0.0,0,271.82,272.49
1766143464913083992,AAPL,QUOTE,0.0,0,271.82,272.37
1766143472273755927,AAPL,TRADE,271.96,1,0.0,0.0
1766143474912515194,AAPL,QUOTE,0.0,0,271.82,272.49
1766143474915076491,AAPL,QUOTE,0.0,0,271.82,272.21
1766143484910930974,AAPL,QUOTE,0.0,0,271.6,272.21
1766143484913340119,AAPL,QUOTE,0.0,0,271.86,272.21
1766143485023270413,AAPL,QUOTE,0.0,0,271.6,272.21
1766143485158624346,AAPL,QUOTE,0.0,0,271.82,272.21
1766143492271974073,AAPL,QUOTE,0.0,0,271.82,272.49
1766143492274280701,AAPL,QUOTE,0.0,0,271.82,272.2
1766143492492031832,AAPL,QUOTE,0.0,0,271.82,272.49
1766143492496034036,AAPL,QUOTE,0.0,0,271.82,272.21
1766143501057355478,AAPL,QUOTE,0.0,0,271.82,272.49
1766143501060100398,AAPL,QUOTE,0.0,0,271.82,272.22
1766143511059828609,AAPL,QUOTE,0.0,0,271.82,272.49
1766143511062619663,AAPL,QUOTE,0.0,0,271.82,272.21
1766143511921997541,AAPL,TRADE,272.05,1,0.0,0.0
1766143515067755822,AAPL,QUOTE,0.0,0,271.82,272.49
1766143515070222183,AAPL,QUOTE,0.0,0,271.82,272.21
1766143515078134343,AAPL,QUOTE,0.0,0,271.6,272.21
1766143515080995461,AAPL,QUOTE,0.0,0,271.85,272.21
1766143515186030803,AAPL,QUOTE,0.0,0,271.6,272.21
1766143515189305909,AAPL,QUOTE,0.0,0,271.82,272.21
1766143521956021165,AAPL,QUOTE,0.0,0,271.6,272.21
1766143521958537074,AAPL,QUOTE,0.0,0,271.81,272.21
1766143524961750849,AAPL,QUOTE,0.0,0,271.6,272.21
1766143524964649012,AAPL,QUOTE,0.0,0,271.76,272.21
1766143530292438567,AAPL,QUOTE,0.0,0,271.76,272.49
1766143530295353849,AAPL,QUOTE,0.0,0,271.76,272.2
1766143533297753737,AAPL,QUOTE,0.0,0,271.76,272.5
1766143533300068545,AAPL,QUOTE,0.0,0,271.76,272.21
1766143534383258518,AAPL,TRADE,272.04,1,0.0,0.0
1766143534964935248,AAPL,QUOTE,0.0,0,271.6,272.21
1766143534967212752,AAPL,QUOTE,0.0,0,271.81,272.21
1766143535396467446,AAPL,QUOTE,0.0,0,271.81,272.49
1766143535398854099,AAPL,QUOTE,0.0,0,271.81,272.22
1766143535408446794,AAPL,QUOTE,0.0,0,271.81,272.49
1766143535410934940,AAPL,QUOTE,0.0,0,271.81,272.23
1766143536388510287,AAPL,QUOTE,0.0,0,271.81,272.49
1766143536391059024,AAPL,QUOTE,0.0,0,271.81,272.3
1766143537969428457,AAPL,QUOTE,0.0,0,271.6,272.3
1766143537971561470,AAPL,QUOTE,0.0,0,271.76,272.3
1766143547971880614,AAPL,QUOTE,0.0,0,271.6,272.3
1766143547974491894,AAPL,QUOTE,0.0,0,271.82,272.3
1766143549299586751,AAPL,QUOTE,0.0,0,271.82,272.49
1766143549302085019,AAPL,QUOTE,0.0,0,271.82,272.28
1766143557975049557,AAPL,QUOTE,0.0,0,271.6,272.28
1766143557977875498,AAPL,QUOTE,0.0,0,271.87,272.28
1766143559301385073,AAPL,QUOTE,0.0,0,271.87,272.49
1766143559303828948,AAPL,QUOTE,0.0,0,271.87,272.26
1766143560980878392,AAPL,QUOTE,0.0,0,271.6,272.26
1766143560983992019,AAPL,QUOTE,0.0,0,271.82,272.26
1766143561483008883,AAPL,QUOTE,0.0,0,271.83,272.26
1766143569391422697,AAPL,QUOTE,0.0,0,271.83,272.49
1766143569394370469,AAPL,QUOTE,0.0,0,271.83,272.3
1766143572387732283,AAPL,QUOTE,0.0,0,271.93,272.3
1766143572744479074,AAPL,QUOTE,0.0,0,271.83,272.3
1766143572746973262,AAPL,QUOTE,0.0,0,271.92,272.3
1766143575251724613,AAPL,TRADE,272.0,10,0.0,0.0
1766143575501725514,AAPL,TRADE,272.06,46,0.0,0.0
1766143575501746660,AAPL,QUOTE,0.0,0,271.96,272.3
1766143575502139532,AAPL,QUOTE,0.0,0,271.96,272.3
1766143575502143868,AAPL,TRADE,272.05,2,0.0,0.0
1766143575502145097,AAPL,TRADE,272.06,3,0.0,0.0
1766143575502220466,AAPL,TRADE,272.06,1,0.0,0.0
1766143575502232608,AAPL,QUOTE,0.0,0,271.96,272.3
1766143575502278754,AAPL,TRADE,272.06,1,0.0,0.0
1766143575503749290,AAPL,QUOTE,0.0,0,271.92,272.3
1766143575503871706,AAPL,QUOTE,0.0,0,271.92,272.53
1766143575506433066,AAPL,QUOTE,0.0,0,271.92,272.36
1766143575508587752,AAPL,QUOTE,0.0,0,271.92,272.53
1766143575511662573,AAPL,QUOTE,0.0,0,271.92,272.42
1766143575749516487,AAPL,QUOTE,0.0,0,271.85,272.42
1766143575752274608,AAPL,QUOTE,0.0,0,271.96,272.42
1766143579622696756,AAPL,QUOTE,0.0,0,271.96,272.53
1766143579625167028,AAPL,QUOTE,0.0,0,271.96,272.43
1766143582627698800,AAPL,QUOTE,0.0,0,271.96,272.53
1766143582630340115,AAPL,QUOTE,0.0,0,271.96,272.45
1766143592630405267,AAPL,QUOTE,0.0,0,271.96,272.53
1766143592633241714,AAPL,QUOTE,0.0,0,271.96,272.42
1766143615331636459,AAPL,QUOTE,0.0,0,271.96,272.53
1766143615334252771,AAPL,QUOTE,0.0,0,271.96,272.42
1766143615510856005,AAPL,QUOTE,0.0,0,271.96,272.53
1766143615513527918,AAPL,QUOTE,0.0,0,271.96,272.43
1766143618516284336,AAPL,QUOTE,0.0,0,271.96,272.53
1766143618518401922,AAPL,QUOTE,0.0,0,271.96,272.45
1766143622904378697,AAPL,QUOTE,0.0,0,271.85,272.45
1766143622906891399,AAPL,QUOTE,0.0,0,271.99,272.45
1766143631436408264,AAPL,QUOTE,0.0,0,271.86,272.45
1766143631436477285,AAPL,QUOTE,0.0,0,271.86,272.53
1766143631439278253,AAPL,QUOTE,0.0,0,271.93,272.53
1766143631440561829,AAPL,QUOTE,0.0,0,271.93,272.42
1766143648126181714,AAPL,QUOTE,0.0,0,271.98,272.42
1766143648128342548,AAPL,QUOTE,0.0,0,271.93,272.42
1766143650132391718,AAPL,QUOTE,0.0,0,271.94,272.42
1766143650136756828,AAPL,QUOTE,0.0,0,271.94,272.42
1766143652901175807,AAPL,QUOTE,0.0,0,271.94,272.42
1766143653140180695,AAPL,QUOTE,0.0,0,271.86,272.42
1766143653142815351,AAPL,QUOTE,0.0,0,271.93,272.42
1766143659182509500,AAPL,QUOTE,0.0,0,271.93,272.53
1766143659186199453,AAPL,QUOTE,0.0,0,271.93,272.37
1766143662189799949,AAPL,QUOTE,0.0,0,271.93,272.53
1766143662192709009,AAPL,QUOTE,0.0,0,271.93,272.42
1766143665138880859,AAPL,QUOTE,0.0,0,271.86,272.42
1766143665142310344,AAPL,QUOTE,0.0,0,271.94,272.42
1766143666364143837,AAPL,QUOTE,0.0,0,271.86,272.42
1766143666366951219,AAPL,QUOTE,0.0,0,271.93,272.42
1766143679144577620,AAPL,QUOTE,0.0,0,271.86,272.42
1766143679147049204,AAPL,QUOTE,0.0,0,271.95,272.42
1766143680033243609,AAPL,QUOTE,0.0,0,271.86,272.42
1766143680036460087,AAPL,QUOTE,0.0,0,271.95,272.42
1766143686147342284,AAPL,QUOTE,0.0,0,271.86,272.42
1766143686150042611,AAPL,QUOTE,0.0,0,271.93,272.42
1766143699720467267,AAPL,QUOTE,0.0,0,271.86,272.42
1766143699723535197,AAPL,QUOTE,0.0,0,271.96,272.42
1766143708859768585,AAPL,TRADE,272.18,15,0.0,0.0
1766143714280758792,AAPL,QUOTE,0.0,0,271.92,272.42
1766143714283631841,AAPL,QUOTE,0.0,0,271.92,272.53
1766143714284681386,AAPL,QUOTE,0.0,0,271.93,272.53
1766143714293480606,AAPL,QUOTE,0.0,0,271.93,272.35
1766143714436533219,AAPL,QUOTE,0.0,0,271.92,272.35
1766143714438985151,AAPL,QUOTE,0.0,0,271.93,272.35
1766143714448592274,AAPL,QUOTE,0.0,0,271.92,272.35
1766143714450785743,AAPL,QUOTE,0.0,0,271.92,272.35
1766143714799087774,AAPL,QUOTE,0.0,0,271.92,272.35
1766143718160732714,AAPL,QUOTE,0.0,0,271.82,272.35
1766143719703670698,AAPL,QUOTE,0.0,0,271.82,272.53
1766143719706478033,AAPL,QUOTE,0.0,0,271.82,272.35
1766143720120940566,AAPL,QUOTE,0.0,0,271.82,272.53
1766143720123394606,AAPL,QUOTE,0.0,0,271.82,272.36
1766143724802232335,AAPL,QUOTE,0.0,0,271.6,272.36
1766143724804866112,AAPL,QUOTE,0.0,0,271.93,272.36
1766143725087928031,AAPL,QUOTE,0.0,0,271.6,272.36
1766143725090821599,AAPL,QUOTE,0.0,0,271.92,272.36
1766143728093670985,AAPL,QUOTE,0.0,0,271.6,272.36
1766143728096258576,AAPL,QUOTE,0.0,0,271.82,272.36
1766143738653760234,AAPL,QUOTE,0.0,0,271.6,272.36
1766143738656238989,AAPL,QUOTE,0.0,0,271.92,272.36
1766143741659884303,AAPL,QUOTE,0.0,0,271.6,272.36
1766143741662481378,AAPL,QUOTE,0.0,0,271.82,272.36
1766143744182653025,AAPL,TRADE,272.07,2,0.0,0.0
1766143744182890593,AAPL,TRADE,272.07,6,0.0,0.0
1766143744182990443,AAPL,TRADE,272.08,2,0.0,0.0
1766143744182990488,AAPL,TRADE,272.07,18,0.0,0.0
1766143744183519085,AAPL,TRADE,272.07,14,0.0,0.0
1766143744183870744,AAPL,TRADE,272.07,38,0.0,0.0
1766143747041071016,AAPL,TRADE,272.18,2,0.0,0.0
1766143747041302067,AAPL,TRADE,272.18,13,0.0,0.0
1766143751662781423,AAPL,QUOTE,0.0,0,271.6,272.36
1766143751665955759,AAPL,QUOTE,0.0,0,271.93,272.36
1766143753927323643,AAPL,QUOTE,0.0,0,271.6,272.36
1766143753930447928,AAPL,QUOTE,0.0,0,271.92,272.36
1766143756932804637,AAPL,QUOTE,0.0,0,271.6,272.36
1766143756935587422,AAPL,QUOTE,0.0,0,271.82,272.36
1766143767533859016,AAPL,QUOTE,0.0,0,271.6,272.36
1766143767536486180,AAPL,QUOTE,0.0,0,271.92,272.36
1766143767605991085,AAPL,QUOTE,0.0,0,271.6,272.36
1766143767608463247,AAPL,QUOTE,0.0,0,271.82,272.36
1766143774576136388,AAPL,TRADE,272.18,5,0.0,0.0
1766143775441455021,AAPL,QUOTE,0.0,0,271.82,272.53
1766143775450797365,AAPL,QUOTE,0.0,0,271.82,272.42
1766143780232674616,AAPL,QUOTE,0.0,0,271.6,272.42
1766143780235372767,AAPL,QUOTE,0.0,0,271.99,272.42
1766143780637365500,AAPL,QUOTE,0.0,0,271.6,272.42
1766143780641062467,AAPL,QUOTE,0.0,0,271.98,272.42
1766143782240266093,AAPL,QUOTE,0.0,0,271.99,272.42
1766143787239349105,AAPL,QUOTE,0.0,0,271.96,272.42
1766143789242205435,AAPL,QUOTE,0.0,0,271.97,272.42
1766143793650565016,AAPL,QUOTE,0.0,0,271.99,272.42
1766143794596002347,AAPL,QUOTE,0.0,0,271.6,272.42
1766143794598732870,AAPL,QUOTE,0.0,0,271.98,272.42
1766143796245744358,AAPL,QUOTE,0.0,0,271.99,272.42
1766143801245644055,AAPL,QUOTE,0.0,0,271.96,272.42
1766143803248533802,AAPL,QUOTE,0.0,0,271.97,272.42
1766143806914476232,AAPL,QUOTE,0.0,0,271.97,272.42
1766143806931005680,AAPL,QUOTE,0.0,0,271.97,272.42
1766143808248430409,AAPL,QUOTE,0.0,0,271.96,272.42
1766143810251425335,AAPL,QUOTE,0.0,0,271.97,272.42
1766143815250925606,AAPL,QUOTE,0.0,0,271.96,272.42
1766143817253513470,AAPL,QUOTE,0.0,0,271.97,272.42
1766143818151172848,AAPL,QUOTE,0.0,0,271.97,272.42
1766143818161058080,AAPL,QUOTE,0.0,0,271.97,272.42
1766143822253141148,AAPL,QUOTE,0.0,0,271.96,272.42
1766143824256917801,AAPL,QUOTE,0.0,0,271.97,272.42
1766143829256576489,AAPL,QUOTE,0.0,0,271.96,272.42
1766143831259708441,AAPL,QUOTE,0.0,0,271.97,272.42
1766143833854251421,AAPL,QUOTE,0.0,0,272.0,272.42
1766143833945964055,AAPL,QUOTE,0.0,0,271.97,272.42
1766143833948514259,AAPL,QUOTE,0.0,0,271.99,272.42
1766143838262070877,AAPL,QUOTE,0.0,0,272.0,272.42
1766143843262784218,AAPL,QUOTE,0.0,0,271.99,272.42
1766143843949220451,AAPL,QUOTE,0.0,0,271.6,272.42
1766143843952585012,AAPL,QUOTE,0.0,0,272.01,272.42
1766143844248350470,AAPL,QUOTE,0.0,0,271.6,272.42
1766143844248435930,AAPL,QUOTE,0.0,0,271.6,272.42
1766143844251167144,AAPL,QUOTE,0.0,0,272.0,272.42
1766143845265920384,AAPL,QUOTE,0.0,0,272.0,272.42
1766143846869549938,AAPL,QUOTE,0.0,0,272.0,272.42
1766143846964733526,AAPL,QUOTE,0.0,0,272.0,272.53
1766143846967470149,AAPL,QUOTE,0.0,0,272.0,272.39
1766143849970071079,AAPL,QUOTE,0.0,0,272.0,272.53
1766143849972520688,AAPL,QUOTE,0.0,0,272.0,272.42
1766143850265789758,AAPL,QUOTE,0.0,0,271.99,272.42
1766143851176254534,AAPL,QUOTE,0.0,0,271.6,272.42
1766143851179151194,AAPL,QUOTE,0.0,0,271.98,272.42
1766143852268474093,AAPL,QUOTE,0.0,0,271.99,272.42
1766143857267907464,AAPL,QUOTE,0.0,0,271.98,272.42
1766143859270584132,AAPL,QUOTE,0.0,0,271.99,272.42
1766143859972527025,AAPL,QUOTE,0.0,0,271.99,272.53
1766143859975032106,AAPL,QUOTE,0.0,0,271.99,272.39
1766143861647039318,AAPL,QUOTE,0.0,0,271.99,272.53
1766143861649572621,AAPL,QUOTE,0.0,0,271.99,272.42
1766143862016350156,AAPL,QUOTE,0.0,0,271.99,272.42
1766143864270280949,AAPL,QUOTE,0.0,0,271.99,272.42
1766143866272889174,AAPL,QUOTE,0.0,0,272.0,272.42
1766143871273423878,AAPL,QUOTE,0.0,0,271.99,272.42
1766143872016521136,AAPL,QUOTE,0.0,0,271.6,272.42
1766143872020010204,AAPL,QUOTE,0.0,0,272.01,272.42
1766143882020665717,AAPL,QUOTE,0.0,0,272.0,272.42
1766143882023420786,AAPL,QUOTE,0.0,0,272.03,272.42
1766143883437232035,AAPL,QUOTE,0.0,0,272.0,272.42
1766143883440835573,AAPL,QUOTE,0.0,0,272.03,272.42
1766143885006100849,AAPL,QUOTE,0.0,0,272.0,272.42
1766143885008886693,AAPL,QUOTE,0.0,0,272.02,272.42
1766143887889979585,AAPL,QUOTE,0.0,0,271.93,272.42
1766143887892586837,AAPL,QUOTE,0.0,0,272.01,272.42
1766143891660139739,AAPL,QUOTE,0.0,0,272.0,272.42
1766143891662667852,AAPL,QUOTE,0.0,0,272.01,272.42
1766143893141020978,AAPL,QUOTE,0.0,0,272.0,272.42
1766143893146866762,AAPL,QUOTE,0.0,0,272.01,272.42
1766143893160146399,AAPL,QUOTE,0.0,0,272.0,272.42
1766143893163043352,AAPL,QUOTE,0.0,0,272.0,272.42
1766143894010507101,AAPL,QUOTE,0.0,0,272.0,272.42
1766143896013325308,AAPL,QUOTE,0.0,0,272.0,272.42
1766143899843352395,AAPL,TRADE,272.18,1,0.0,0.0
1766143900847764695,AAPL,QUOTE,0.0,0,272.01,272.42
1766143901013201333,AAPL,QUOTE,0.0,0,272.0,272.42
1766143903015957181,AAPL,QUOTE,0.0,0,272.06,272.42
1766143903758697199,AAPL,QUOTE,0.0,0,272.06,272.53
1766143903761521673,AAPL,QUOTE,0.0,0,272.06,272.39
1766143903859035359,AAPL,QUOTE,0.0,0,272.06,272.53
1766143903861530932,AAPL,QUOTE,0.0,0,272.06,272.42
1766143907854651300,AAPL,TRADE,272.12,1,0.0,0.0
1766143918908736241,AAPL,QUOTE,0.0,0,272.06,272.53
1766143918911234181,AAPL,QUOTE,0.0,0,272.06,272.35
1766143920944938167,AAPL,QUOTE,0.0,0,272.06,272.53
1766143920954903126,AAPL,QUOTE,0.0,0,272.06,272.36
1766143922062883113,AAPL,QUOTE,0.0,0,272.06,272.53
1766143922066738237,AAPL,QUOTE,0.0,0,272.06,272.36
1766143922075568133,AAPL,QUOTE,0.0,0,272.06,272.53
1766143922078101262,AAPL,QUOTE,0.0,0,272.06,272.36
1766143922135174824,AAPL,QUOTE,0.0,0,272.06,272.53
1766143922141747021,AAPL,QUOTE,0.0,0,272.06,272.37
1766143930334908412,AAPL,TRADE,272.18,1,0.0,0.0
1766143930336912489,AAPL,QUOTE,0.0,0,272.06,272.53
1766143930342104084,AAPL,QUOTE,0.0,0,272.06,272.38
1766143930434097794,AAPL,QUOTE,0.0,0,272.06,272.53
1766143930437472796,AAPL,QUOTE,0.0,0,272.06,272.39
1766143933440170596,AAPL,QUOTE,0.0,0,272.06,272.53
1766143933443433478,AAPL,QUOTE,0.0,0,272.06,272.42
1766143943443339696,AAPL,QUOTE,0.0,0,272.06,272.53
1766143943445693578,AAPL,QUOTE,0.0,0,272.06,272.39
1766143945210734367,AAPL,QUOTE,0.0,0,272.06,272.53
1766143945218972788,AAPL,QUOTE,0.0,0,272.06,272.42
1766143949338863457,AAPL,TRADE,272.12,1,0.0,0.0
1766143955218778694,AAPL,QUOTE,0.0,0,272.06,272.53
1766143955221658055,AAPL,QUOTE,0.0,0,272.06,272.37
1766143958224375454,AAPL,QUOTE,0.0,0,272.06,272.53
1766143958228008685,AAPL,QUOTE,0.0,0,272.06,272.38
1766143968228186760,AAPL,QUOTE,0.0,0,272.06,272.53
1766143968230786937,AAPL,QUOTE,0.0,0,272.06,272.37
1766143972814162786,AAPL,QUOTE,0.0,0,272.06,272.53
1766143972816537056,AAPL,QUOTE,0.0,0,272.06,272.38
1766143979255365051,AAPL,TRADE,272.18,2,0.0,0.0
1766143979401639966,AAPL,QUOTE,0.0,0,272.06,272.53
1766143979404403880,AAPL,QUOTE,0.0,0,272.06,272.39
1766143982406891653,AAPL,QUOTE,0.0,0,272.06,272.53
1766143982409911753,AAPL,QUOTE,0.0,0,272.06,272.42
1766143992516737915,AAPL,QUOTE,0.0,0,272.06,272.53
1766143992519423450,AAPL,QUOTE,0.0,0,272.06,272.37
1766143995911136683,AAPL,QUOTE,0.0,0,272.06,272.53
1766143995914365613,AAPL,QUOTE,0.0,0,272.06,272.38
1766143995985549535,AAPL,QUOTE,0.0,0,272.06,272.53
1766143995988065998,AAPL,QUOTE,0.0,0,272.06,272.39
1766144005644697294,AAPL,QUOTE,0.0,0,272.06,272.53
1766144005647903449,AAPL,QUOTE,0.0,0,272.06,272.41
1766144023179348624,AAPL,QUOTE,0.0,0,272.06,272.53
1766144023182096620,AAPL,QUOTE,0.0,0,272.06,272.42
1766144034243898176,AAPL,QUOTE,0.0,0,272.06,272.53
1766144034246657371,AAPL,QUOTE,0.0,0,272.06,272.43
1766144053065073925,AAPL,QUOTE,0.0,0,272.06,272.53
1766144053067844865,AAPL,QUOTE,0.0,0,272.06,272.42
1766144062190805086,AAPL,TRADE,272.12,1,0.0,0.0
1766144067642779317,AAPL,TRADE,272.18,1,0.0,0.0
1766144113298597050,AAPL,QUOTE,0.0,0,272.06,272.53
1766144113301203775,AAPL,QUOTE,0.0,0,272.06,272.43
1766144120322468607,AAPL,QUOTE,0.0,0,272.06,272.53
1766144129934381797,AAPL,QUOTE,0.0,0,272.06,272.53
1766144130328694328,AAPL,QUOTE,0.0,0,272.06,272.43
1766144133331354463,AAPL,QUOTE,0.0,0,272.06,272.53
1766144143336898949,AAPL,QUOTE,0.0,0,272.06,272.43
1766144143366284464,AAPL,QUOTE,0.0,0,272.01,272.43
1766144143366474584,AAPL,QUOTE,0.0,0,271.82,272.43
1766144143367462636,AAPL,QUOTE,0.0,0,271.81,272.43
1766144143367508502,AAPL,QUOTE,0.0,0,271.6,272.43
1766144143370259158,AAPL,QUOTE,0.0,0,272.06,272.43
1766144145369094590,AAPL,QUOTE,0.0,0,272.06,272.43
1766144146339436935,AAPL,QUOTE,0.0,0,272.06,272.53
1766144146373192373,AAPL,QUOTE,0.0,0,272.06,272.53
1766144150369563542,AAPL,QUOTE,0.0,0,272.01,272.53
1766144150369713628,AAPL,QUOTE,0.0,0,272.01,272.53
1766144152371909275,AAPL,QUOTE,0.0,0,272.02,272.53
1766144154831935933,AAPL,QUOTE,0.0,0,272.02,272.53
1766144156344302123,AAPL,QUOTE,0.0,0,272.02,272.42
1766144156379116467,AAPL,QUOTE,0.0,0,272.03,272.42
1766144159375405960,AAPL,QUOTE,0.0,0,272.04,272.42
1766144164376857305,AAPL,QUOTE,0.0,0,272.03,272.42
1766144166379708080,AAPL,QUOTE,0.0,0,272.04,272.42
1766144171379760905,AAPL,QUOTE,0.0,0,272.03,272.42
1766144173382470831,AAPL,QUOTE,0.0,0,272.04,272.42
1766144174383724531,AAPL,QUOTE,0.0,0,272.04,272.42
1766144177387230891,AAPL,QUOTE,0.0,0,272.04,272.42
1766144178381843784,AAPL,QUOTE,0.0,0,272.01,272.42
1766144180384732527,AAPL,QUOTE,0.0,0,272.02,272.42
1766144185384501580,AAPL,QUOTE,0.0,0,272.01,272.42
1766144187387214519,AAPL,QUOTE,0.0,0,272.02,272.42
1766144188388468841,AAPL,QUOTE,0.0,0,272.03,272.42
1766144194390963034,AAPL,QUOTE,0.0,0,272.04,272.42
1766144195230226613,AAPL,TRADE,272.13,1,0.0,0.0
1766144198391287467,AAPL,QUOTE,0.0,0,272.04,272.42
1766144199391419032,AAPL,QUOTE,0.0,0,272.04,272.42
1766144201393840158,AAPL,QUOTE,0.0,0,271.8,272.42
1766144201394053244,AAPL,QUOTE,0.0,0,271.8,272.42
1766144201394290664,AAPL,QUOTE,0.0,0,272.05,272.42
1766144201844329448,AAPL,QUOTE,0.0,0,272.05,272.53
1766144201846903405,AAPL,QUOTE,0.0,0,272.05,272.42
1766144202372219845,AAPL,TRADE,272.16,1,0.0,0.0
1766144206394556946,AAPL,QUOTE,0.0,0,272.01,272.42
1766144208398115684,AAPL,QUOTE,0.0,0,272.02,272.42
1766144209602418659,AAPL,TRADE,272.15,2,0.0,0.0
1766144210920752532,AAPL,TRADE,272.13,2,0.0,0.0
1766144210922217923,AAPL,TRADE,272.12,1,0.0,0.0
1766144210922219982,AAPL,TRADE,272.12,18,0.0,0.0
1766144210922220025,AAPL,TRADE,272.12,1,0.0,0.0
1766144210922220055,AAPL,QUOTE,0.0,0,272.01,272.42
1766144210924244823,AAPL,QUOTE,0.0,0,271.92,272.42
1766144210924500263,AAPL,TRADE,272.11,33,0.0,0.0
1766144210926826095,AAPL,QUOTE,0.0,0,271.99,272.42
1766144210949249702,AAPL,QUOTE,0.0,0,271.92,272.42
1766144210951625103,AAPL,QUOTE,0.0,0,271.98,272.42
1766144213953923027,AAPL,QUOTE,0.0,0,271.75,272.42
1766144213953969437,AAPL,TRADE,272.1,5,0.0,0.0
1766144213953970680,AAPL,TRADE,272.1,2,0.0,0.0
1766144213954003355,AAPL,TRADE,272.09,1,0.0,0.0
1766144213957041667,AAPL,QUOTE,0.0,0,271.96,272.42
1766144220931976598,AAPL,TRADE,272.09,2,0.0,0.0
1766144222448877278,AAPL,QUOTE,0.0,0,271.96,272.46
1766144222450138255,AAPL,QUOTE,0.0,0,271.96,272.53
1766144222451344862,AAPL,QUOTE,0.0,0,271.96,272.35
1766144231987155029,AAPL,QUOTE,0.0,0,271.92,272.35
1766144231987175575,AAPL,TRADE,272.09,2,0.0,0.0
1766144231987198242,AAPL,TRADE,272.09,2,0.0,0.0
1766144231987198513,AAPL,TRADE,272.08,2,0.0,0.0
1766144231990164836,AAPL,QUOTE,0.0,0,271.95,272.35
1766144234993674657,AAPL,QUOTE,0.0,0,271.75,272.35
1766144234996694854,AAPL,QUOTE,0.0,0,271.93,272.35
1766144246759603205,AAPL,QUOTE,0.0,0,271.75,272.35
1766144246762321732,AAPL,QUOTE,0.0,0,271.96,272.35
1766144256316265998,AAPL,QUOTE,0.0,0,271.81,272.35
1766144256318874479,AAPL,QUOTE,0.0,0,271.95,272.35
1766144256471237669,AAPL,QUOTE,0.0,0,271.81,272.35
1766144256475790096,AAPL,QUOTE,0.0,0,271.93,272.35
1766144267704626530,AAPL,QUOTE,0.0,0,271.93,272.53
1766144267706895372,AAPL,QUOTE,0.0,0,271.93,272.31
1766144267737322190,AAPL,QUOTE,0.0,0,271.93,272.53
1766144267739601415,AAPL,QUOTE,0.0,0,271.93,272.35
1766144276747217140,AAPL,QUOTE,0.0,0,271.82,272.35
1766144276748455177,AAPL,QUOTE,0.0,0,271.75,272.35
1766144276750144628,AAPL,QUOTE,0.0,0,271.95,272.35
1766144277739888565,AAPL,QUOTE,0.0,0,271.95,272.53
1766144277742463859,AAPL,QUOTE,0.0,0,271.95,272.3
1766144279557918561,AAPL,QUOTE,0.0,0,271.95,272.53
1766144279560308578,AAPL,QUOTE,0.0,0,271.95,272.31
1766144282563851611,AAPL,QUOTE,0.0,0,271.95,272.53
1766144282566189299,AAPL,QUOTE,0.0,0,271.95,272.35
1766144285075121561,AAPL,QUOTE,0.0,0,271.75,272.35
1766144285078490878,AAPL,QUOTE,0.0,0,271.93,272.35
1766144287463697817,AAPL,QUOTE,0.0,0,271.93,272.53
1766144287468373174,AAPL,QUOTE,0.0,0,271.93,272.36
1766144290614554769,AAPL,QUOTE,0.0,0,271.93,272.53
1766144290617232647,AAPL,QUOTE,0.0,0,271.93,272.37
1766144293620310267,AAPL,QUOTE,0.0,0,271.93,272.53
1766144293623021176,AAPL,QUOTE,0.0,0,271.93,272.38
1766144295079137841,AAPL,QUOTE,0.0,0,271.75,272.38
1766144295082466570,AAPL,QUOTE,0.0,0,272.01,272.38
1766144301267726266,AAPL,TRADE,272.15,1,0.0,0.0
1766144304479891011,AAPL,QUOTE,0.0,0,272.01,272.53
1766144304482296932,AAPL,QUOTE,0.0,0,272.01,272.39
1766144305088055906,AAPL,QUOTE,0.0,0,271.81,272.39
1766144305090600154,AAPL,QUOTE,0.0,0,272.03,272.39
1766144307274906140,AAPL,QUOTE,0.0,0,271.81,272.39
1766144307278224568,AAPL,QUOTE,0.0,0,271.96,272.39
1766144314482542709,AAPL,QUOTE,0.0,0,271.96,272.53
1766144314486027591,AAPL,QUOTE,0.0,0,271.96,272.35
1766144317277857137,AAPL,QUOTE,0.0,0,271.75,272.35
1766144317280336265,AAPL,QUOTE,0.0,0,271.99,272.35
1766144328156554946,AAPL,QUOTE,0.0,0,271.81,272.35
1766144328159283605,AAPL,QUOTE,0.0,0,271.99,272.35
1766144337249571176,AAPL,QUOTE,0.0,0,271.81,272.35
1766144337252306456,AAPL,QUOTE,0.0,0,271.82,272.35
1766144338341862256,AAPL,TRADE,272.17,22,0.0,0.0
1766144338342207329,AAPL,TRADE,272.17,22,0.0,0.0
1766144338362064555,AAPL,TRADE,272.17,22,0.0,0.0
1766144351252592210,AAPL,TRADE,272.09,20,0.0,0.0
1766144351252857603,AAPL,TRADE,272.09,2,0.0,0.0
1766144355617002440,AAPL,QUOTE,0.0,0,271.75,272.35
1766144355619382966,AAPL,QUOTE,0.0,0,271.92,272.35
1766144358060747900,AAPL,QUOTE,0.0,0,271.75,272.35
1766144358069666014,AAPL,QUOTE,0.0,0,271.82,272.35
1766144376843134555,AAPL,QUOTE,0.0,0,271.82,272.42
1766144376845851186,AAPL,QUOTE,0.0,0,271.82,272.3
1766144379573325815,AAPL,TRADE,272.15,1,0.0,0.0
1766144385451818553,AAPL,TRADE,272.15,1,0.0,0.0
1766144390027342820,AAPL,TRADE,272.15,1,0.0,0.0
1766144396795050395,AAPL,TRADE,272.05,28,0.0,0.0
1766144396795065221,AAPL,TRADE,272.05,12,0.0,0.0
1766144396795066548,AAPL,TRADE,272.05,17,0.0,0.0
1766144396795119430,AAPL,TRADE,272.08,20,0.0,0.0
1766144396795125168,AAPL,TRADE,272.06,1,0.0,0.0
1766144396795134546,AAPL,TRADE,272.06,1,0.0,0.0
1766144396795162936,AAPL,TRADE,271.99,1,0.0,0.0
1766144396795474578,AAPL,TRADE,272.06,20,0.0,0.0
1766144396795514771,AAPL,TRADE,272.06,2,0.0,0.0
1766144396795516793,AAPL,TRADE,272.0,10,0.0,0.0
1766144396795516837,AAPL,TRADE,272.0,1,0.0,0.0
1766144396797421079,AAPL,QUOTE,0.0,0,271.75,272.3
1766144396797741641,AAPL,TRADE,272.0,9,0.0,0.0
1766144396797982720,AAPL,TRADE,272.01,1,0.0,0.0
1766144396800556164,AAPL,QUOTE,0.0,0,271.8,272.3
1766144406800099537,AAPL,QUOTE,0.0,0,271.75,272.3
1766144406802986959,AAPL,QUOTE,0.0,0,271.81,272.3
1766144415032556145,AAPL,TRADE,272.05,2,0.0,0.0
1766144415032557451,AAPL,TRADE,272.0,41,0.0,0.0
1766144415032559657,AAPL,TRADE,272.0,1,0.0,0.0
1766144415032560771,AAPL,TRADE,272.0,7,0.0,0.0
1766144415032563125,AAPL,TRADE,271.99,4,0.0,0.0
1766144415032580041,AAPL,QUOTE,0.0,0,271.81,272.16
1766144415032636395,AAPL,QUOTE,0.0,0,271.81,272.3
1766144415032898349,AAPL,TRADE,272.05,1,0.0,0.0
1766144415032901530,AAPL,TRADE,272.05,2,0.0,0.0
1766144415032902885,AAPL,TRADE,272.05,2,0.0,0.0
1766144415032978674,AAPL,TRADE,272.05,2,0.0,0.0
1766144415032981204,AAPL,TRADE,272.02,1,0.0,0.0
1766144415032981257,AAPL,TRADE,272.0,1,0.0,0.0
1766144415032981447,AAPL,TRADE,272.0,1,0.0,0.0
1766144415035121655,AAPL,QUOTE,0.0,0,271.6,272.3
1766144415108369349,AAPL,QUOTE,0.0,0,271.6,272.42
1766144415110885213,AAPL,QUOTE,0.0,0,271.6,272.19
1766144418167568985,AAPL,QUOTE,0.0,0,271.6,272.42
1766144418170112261,AAPL,QUOTE,0.0,0,271.6,272.2
1766144422782917523,AAPL,TRADE,271.98,6,0.0,0.0
1766144422782925109,AAPL,TRADE,271.98,25,0.0,0.0
1766144422782930353,AAPL,TRADE,272.0,7,0.0,0.0
1766144422782941393,AAPL,TRADE,271.98,6,0.0,0.0
1766144422782957598,AAPL,TRADE,271.98,6,0.0,0.0
1766144422782989473,AAPL,TRADE,271.98,6,0.0,0.0
1766144422782993579,AAPL,TRADE,271.98,25,0.0,0.0
1766144422783019287,AAPL,TRADE,271.98,6,0.0,0.0
1766144422783042529,AAPL,TRADE,271.93,25,0.0,0.0
1766144422783049149,AAPL,TRADE,271.98,6,0.0,0.0
1766144422783074661,AAPL,TRADE,271.98,14,0.0,0.0
1766144422783076182,AAPL,TRADE,271.97,6,0.0,0.0
1766144422783312156,AAPL,TRADE,271.98,1,0.0,0.0
1766144422783320296,AAPL,TRADE,271.95,1,0.0,0.0
1766144431301148807,AAPL,QUOTE,0.0,0,271.69,272.2
1766144435783571209,AAPL,QUOTE,0.0,0,271.69,272.24
1766144435787083047,AAPL,QUOTE,0.0,0,271.69,272.18
1766144441301252316,AAPL,QUOTE,0.0,0,271.6,272.18
1766144441305054614,AAPL,QUOTE,0.0,0,271.71,272.18
1766144445786914622,AAPL,QUOTE,0.0,0,271.71,272.24
1766144445789458274,AAPL,QUOTE,0.0,0,271.71,272.16
1766144450784699539,AAPL,QUOTE,0.0,0,271.71,272.24
1766144450787422723,AAPL,QUOTE,0.0,0,271.71,272.19
1766144459135934309,AAPL,QUOTE,0.0,0,271.71,272.0
1766144461758416307,AAPL,TRADE,271.92,15,0.0,0.0
1766144461758476934,AAPL,TRADE,271.92,45,0.0,0.0
1766144461758486156,AAPL,TRADE,271.91,25,0.0,0.0
1766144461758830203,AAPL,TRADE,271.94,1,0.0,0.0
1766144461758860491,AAPL,TRADE,271.94,1,0.0,0.0
1766144461758864757,AAPL,TRADE,271.94,1,0.0,0.0
1766144461758889199,AAPL,TRADE,271.94,1,0.0,0.0
1766144461758899591,AAPL,TRADE,271.94,1,0.0,0.0
1766144461758947792,AAPL,TRADE,271.94,1,0.0,0.0
1766144461759023431,AAPL,TRADE,271.94,1,0.0,0.0
1766144461759073212,AAPL,TRADE,271.94,1,0.0,0.0
1766144461759079532,AAPL,TRADE,271.94,1,0.0,0.0
1766144461759115953,AAPL,TRADE,271.94,1,0.0,0.0
1766144461759134487,AAPL,TRADE,271.94,1,0.0,0.0
1766144461759173350,AAPL,TRADE,271.94,1,0.0,0.0
1766144461759186179,AAPL,TRADE,271.94,1,0.0,0.0
1766144461759239640,AAPL,TRADE,271.92,1,0.0,0.0
1766144461763580953,AAPL,QUOTE,0.0,0,271.6,272.0
1766144461764586514,AAPL,QUOTE,0.0,0,271.6,272.19
1766144481864971491,AAPL,TRADE,271.91,8,0.0,0.0
1766144481864981772,AAPL,TRADE,271.91,12,0.0,0.0
1766144489750299556,AAPL,QUOTE,0.0,0,271.7,272.19
1766144492753236981,AAPL,QUOTE,0.0,0,271.6,272.19
1766144500328459129,AAPL,TRADE,271.89,1,0.0,0.0
1766144502758282574,AAPL,QUOTE,0.0,0,271.71,272.19
1766144509106832806,AAPL,TRADE,271.91,5,0.0,0.0
1766144510068417807,AAPL,QUOTE,0.0,0,271.71,272.21
1766144510076384768,AAPL,QUOTE,0.0,0,271.71,272.2
1766144520669170792,AAPL,QUOTE,0.0,0,271.6,272.2
1766144536193895882,AAPL,TRADE,271.9,100,0.0,0.0
1766144536193897014,AAPL,TRADE,271.9,2,0.0,0.0
1766144536464945639,AAPL,TRADE,271.91,9,0.0,0.0
1766144558727872519,AAPL,TRADE,271.88,2,0.0,0.0
1766144558727873905,AAPL,TRADE,271.81,4,0.0,0.0
1766144558727926546,AAPL,TRADE,271.91,7,0.0,0.0
1766144558727930913,AAPL,TRADE,271.87,10,0.0,0.0
1766144558727943123,AAPL,TRADE,271.87,21,0.0,0.0
1766144558728318334,AAPL,TRADE,271.9,2,0.0,0.0
1766144558728318841,AAPL,TRADE,271.89,24,0.0,0.0
1766144558728331217,AAPL,TRADE,271.89,1,0.0,0.0
1766144558820610627,AAPL,QUOTE,0.0,0,271.6,272.2
1766144575934257342,AAPL,TRADE,271.87,2,0.0,0.0
1766144575934258936,AAPL,TRADE,271.82,17,0.0,0.0
1766144577229379214,AAPL,TRADE,271.83,1,0.0,0.0
1766144609520449186,AAPL,TRADE,271.87,2,0.0,0.0
1766144609520510272,AAPL,TRADE,271.88,2,0.0,0.0
1766144609520511196,AAPL,TRADE,271.88,2,0.0,0.0
1766144609522097912,AAPL,QUOTE,0.0,0,271.6,272.21
1766144609524593741,AAPL,QUOTE,0.0,0,271.6,272.0
1766144611136127164,AAPL,TRADE,271.83,10,0.0,0.0
1766144612526954709,AAPL,QUOTE,0.0,0,271.6,272.21
1766144612529375928,AAPL,QUOTE,0.0,0,271.6,272.19
1766144615118996327,AAPL,TRADE,271.82,1,0.0,0.0
1766144615120259337,AAPL,TRADE,271.8,8,0.0,0.0
1766144615120283028,AAPL,TRADE,271.82,1,0.0,0.0
1766144615120317046,AAPL,TRADE,271.82,1,0.0,0.0
1766144615120604250,AAPL,TRADE,271.81,10,0.0,0.0
1766144615120623000,AAPL,TRADE,271.8,9,0.0,0.0
1766144615120628461,AAPL,TRADE,271.8,1,0.0,0.0
1766144615120635505,AAPL,TRADE,271.79,1,0.0,0.0
1766144615120944157,AAPL,TRADE,271.81,1,0.0,0.0
1766144615120977373,AAPL,TRADE,271.8,7,0.0,0.0
1766144615120977420,AAPL,TRADE,271.8,1,0.0,0.0
1766144615120979161,AAPL,QUOTE,0.0,0,271.57,272.19
1766144618902021052,AAPL,QUOTE,0.0,0,271.6,272.19
1766144622530204570,AAPL,QUOTE,0.0,0,271.6,272.21
1766144622532797018,AAPL,QUOTE,0.0,0,271.6,272.0
1766144625535809253,AAPL,QUOTE,0.0,0,271.6,272.21
1766144625538896720,AAPL,QUOTE,0.0,0,271.6,272.19
1766144629467729553,AAPL,TRADE,271.89,4,0.0,0.0
1766144635185021226,AAPL,TRADE,271.87,2,0.0,0.0
1766144635538956845,AAPL,QUOTE,0.0,0,271.6,272.21
1766144635541543681,AAPL,QUOTE,0.0,0,271.6,272.0
1766144638544135854,AAPL,QUOTE,0.0,0,271.6,272.21
1766144638546737866,AAPL,QUOTE,0.0,0,271.6,272.19
1766144646784202702,AAPL,TRADE,271.87,2,0.0,0.0
1766144646784204013,AAPL,TRADE,271.78,63,0.0,0.0
1766144646784253220,AAPL,TRADE,271.87,2,0.0,0.0
1766144646784257857,AAPL,TRADE,271.8,4,0.0,0.0
1766144646784266960,AAPL,TRADE,271.79,11,0.0,0.0
1766144646784372131,AAPL,TRADE,271.87,2,0.0,0.0
1766144646784610230,AAPL,TRADE,271.87,2,0.0,0.0
1766144646784611517,AAPL,QUOTE,0.0,0,271.57,272.19
1766144646784611938,AAPL,TRADE,271.79,23,0.0,0.0
1766144646784612001,AAPL,TRADE,271.79,57,0.0,0.0
1766144648468858163,AAPL,TRADE,271.83,2,0.0,0.0
1766144648547364219,AAPL,QUOTE,0.0,0,271.57,272.2
1766144648550452839,AAPL,QUOTE,0.0,0,271.57,272.0
1766144648739335847,AAPL,QUOTE,0.0,0,271.5,272.0
1766144648739335878,AAPL,TRADE,271.75,50,0.0,0.0
1766144648739357322,AAPL,QUOTE,0.0,0,271.5,271.9
1766144648739406720,AAPL,QUOTE,0.0,0,271.5,272.0
1766144648739738003,AAPL,TRADE,271.75,1,0.0,0.0
1766144648739788256,AAPL,TRADE,271.71,6,0.0,0.0
1766144648739834319,AAPL,TRADE,271.7,1,0.0,0.0
1766144648739842632,AAPL,TRADE,271.7,1,0.0,0.0
1766144648740008257,AAPL,TRADE,271.77,4,0.0,0.0
1766144648740040722,AAPL,TRADE,271.75,1,0.0,0.0
1766144648740040768,AAPL,TRADE,271.75,1,0.0,0.0
1766144648740041339,AAPL,TRADE,271.75,1,0.0,0.0
1766144648740064794,AAPL,TRADE,271.74,7,0.0,0.0
1766144648740067582,AAPL,TRADE,271.74,1,0.0,0.0
1766144648740067647,AAPL,TRADE,271.74,3,0.0,0.0
1766144648740110204,AAPL,TRADE,271.72,1,0.0,0.0
1766144648740158175,AAPL,TRADE,271.71,1,0.0,0.0
1766144648740162621,AAPL,TRADE,271.7,10,0.0,0.0
1766144648742496899,AAPL,QUOTE,0.0,0,271.5,272.08
1766144648742755475,AAPL,QUOTE,0.0,0,271.5,272.2
1766144648745951242,AAPL,QUOTE,0.0,0,271.5,272.19
1766144649232471175,AAPL,TRADE,271.77,4,0.0,0.0
1766144649629870453,AAPL,TRADE,271.75,1,0.0,0.0
1766144657953700725,AAPL,TRADE,271.76,2,0.0,0.0
1766144657954077394,AAPL,TRADE,271.76,2,0.0,0.0
1766144657954081026,AAPL,TRADE,271.76,2,0.0,0.0
1766144658695578116,AAPL,TRADE,271.79,1,0.0,0.0
1766144675400461961,AAPL,TRADE,271.77,2,0.0,0.0
1766144675400467001,AAPL,TRADE,271.77,2,0.0,0.0
1766144675466686454,AAPL,TRADE,271.77,1,0.0,0.0
1766144679118247645,AAPL,QUOTE,0.0,0,271.5,272.2
1766144679120684894,AAPL,QUOTE,0.0,0,271.5,272.0
1766144679188349388,AAPL,QUOTE,0.0,0,271.5,272.2
1766144679191063588,AAPL,QUOTE,0.0,0,271.5,272.19
1766144685650391535,AAPL,TRADE,271.77,2,0.0,0.0
1766144685650425173,AAPL,TRADE,271.77,2,0.0,0.0
1766144685650774126,AAPL,TRADE,271.77,2,0.0,0.0
1766144689943143940,AAPL,TRADE,271.76,1,0.0,0.0
1766144689944769205,AAPL,QUOTE,0.0,0,271.5,272.2
1766144689951193498,AAPL,QUOTE,0.0,0,271.5,272.19
1766144700699149755,AAPL,TRADE,271.78,1,0.0,0.0
1766144701255735557,AAPL,TRADE,271.78,4,0.0,0.0
1766144702390459918,AAPL,QUOTE,0.0,0,271.5,272.21
1766144702394001767,AAPL,QUOTE,0.0,0,271.5,272.0
1766144703073536981,AAPL,QUOTE,0.0,0,271.5,272.21
1766144703076400671,AAPL,QUOTE,0.0,0,271.5,272.19
1766144711920696843,AAPL,TRADE,271.84,15,0.0,0.0
1766144712915111323,AAPL,TRADE,271.77,2,0.0,0.0
1766144712915164618,AAPL,TRADE,271.77,2,0.0,0.0
1766144712915198605,AAPL,TRADE,271.76,2,0.0,0.0
1766144712915209755,AAPL,TRADE,271.77,2,0.0,0.0
1766144713123070249,AAPL,QUOTE,0.0,0,271.5,272.21
1766144713125767371,AAPL,QUOTE,0.0,0,271.5,272.0
1766144716128754726,AAPL,QUOTE,0.0,0,271.5,272.21
1766144716131798372,AAPL,QUOTE,0.0,0,271.5,272.19
1766144732861708039,AAPL,QUOTE,0.0,0,271.5,272.21
1766144732864893250,AAPL,QUOTE,0.0,0,271.5,272.0
1766144735867194741,AAPL,QUOTE,0.0,0,271.5,272.21
1766144735869578919,AAPL,QUOTE,0.0,0,271.5,272.19
1766144737408964578,AAPL,TRADE,271.78,1,0.0,0.0
1766144745870336961,AAPL,QUOTE,0.0,0,271.5,272.21
1766144745874235675,AAPL,QUOTE,0.0,0,271.5,271.99
1766144748948485463,AAPL,TRADE,271.87,20,0.0,0.0
1766144755873287235,AAPL,QUOTE,0.0,0,271.5,272.2
1766144755877668727,AAPL,QUOTE,0.0,0,271.5,271.97
1766144759142532474,AAPL,TRADE,271.86,5,0.0,0.0
1766144760044945925,AAPL,TRADE,271.77,1,0.0,0.0
1766144760045835345,AAPL,TRADE,271.77,9,0.0,0.0
1766144762385966386,AAPL,QUOTE,0.0,0,271.5,272.2
1766144762389094509,AAPL,QUOTE,0.0,0,271.5,271.98
1766144765391897764,AAPL,QUOTE,0.0,0,271.5,272.2
1766144765396296095,AAPL,QUOTE,0.0,0,271.5,271.99
1766144771299405623,AAPL,TRADE,271.86,1,0.0,0.0
1766144775395174177,AAPL,QUOTE,0.0,0,271.5,272.2
1766144775406792601,AAPL,QUOTE,0.0,0,271.5,271.97
1766144777947948531,AAPL,TRADE,271.77,2,0.0,0.0
1766144792419268152,AAPL,TRADE,271.77,5,0.0,0.0
1766144812797985839,AAPL,TRADE,271.76,1,0.0,0.0
1766144819410702457,AAPL,QUOTE,0.0,0,271.5,272.2
1766144819418947604,AAPL,QUOTE,0.0,0,271.5,271.9
1766144848676764615,AAPL,QUOTE,0.0,0,271.5,272.2
1766144848679326806,AAPL,QUOTE,0.0,0,271.5,271.85
1766144848700503334,AAPL,QUOTE,0.0,0,271.5,272.2
1766144848703357565,AAPL,QUOTE,0.0,0,271.5,271.9
1766144866092149093,AAPL,QUOTE,0.0,0,271.5,272.2
1766144866095168750,AAPL,QUOTE,0.0,0,271.5,271.86
1766144866406980711,AAPL,QUOTE,0.0,0,271.5,272.2
1766144866409731702,AAPL,QUOTE,0.0,0,271.5,271.9
1766144888341086388,AAPL,QUOTE,0.0,0,271.5,272.2
1766144888343909069,AAPL,QUOTE,0.0,0,271.5,271.85
1766144894042989771,AAPL,QUOTE,0.0,0,271.5,272.2
1766144894047918436,AAPL,QUOTE,0.0,0,271.5,271.9
1766144894054831622,AAPL,QUOTE,0.0,0,271.5,272.2
1766144894058329691,AAPL,QUOTE,0.0,0,271.5,271.91
1766144897060737899,AAPL,QUOTE,0.0,0,271.5,272.2
1766144897064035297,AAPL,QUOTE,0.0,0,271.5,272.19
1766144909950565891,AAPL,QUOTE,0.0,0,271.5,272.2
1766144909953636295,AAPL,QUOTE,0.0,0,271.5,271.9
1766144915098773405,AAPL,QUOTE,0.0,0,271.5,272.2
1766144915101234756,AAPL,QUOTE,0.0,0,271.5,271.9
1766144915342424467,AAPL,QUOTE,0.0,0,271.5,272.2
1766144915345266864,AAPL,QUOTE,0.0,0,271.5,271.91
1766144920124921132,AAPL,QUOTE,0.0,0,271.5,272.2
1766144920130124172,AAPL,QUOTE,0.0,0,271.5,272.19
1766144924252058750,AAPL,QUOTE,0.0,0,271.5,272.2
1766144924255500384,AAPL,QUOTE,0.0,0,271.5,271.84
1766144926598544666,AAPL,QUOTE,0.0,0,271.5,272.2
1766144926601215135,AAPL,QUOTE,0.0,0,271.5,271.9
1766144926902529790,AAPL,QUOTE,0.0,0,271.5,272.2
1766144926905856572,AAPL,QUOTE,0.0,0,271.5,271.83
1766144929909419856,AAPL,QUOTE,0.0,0,271.5,272.2
1766144929912209971,AAPL,QUOTE,0.0,0,271.5,271.85
1766144930211901838,AAPL,QUOTE,0.0,0,271.5,272.2
1766144930214540284,AAPL,QUOTE,0.0,0,271.5,271.82
1766144933218937855,AAPL,QUOTE,0.0,0,271.5,272.2
1766144933221316787,AAPL,QUOTE,0.0,0,271.5,271.85
1766144933522631292,AAPL,QUOTE,0.0,0,271.5,272.2
1766144933525089275,AAPL,QUOTE,0.0,0,271.5,271.81
1766144933676485320,AAPL,QUOTE,0.0,0,271.5,272.2
1766144933680063354,AAPL,QUOTE,0.0,0,271.5,272.19
1766144936341439211,AAPL,TRADE,271.8,1,0.0,0.0
1766144938966355248,AAPL,QUOTE,0.0,0,271.5,272.2
1766144938969243318,AAPL,QUOTE,0.0,0,271.5,271.85
1766144939676583295,AAPL,QUOTE,0.0,0,271.5,272.2
1766144939679739072,AAPL,QUOTE,0.0,0,271.5,272.19
1766144939979989517,AAPL,QUOTE,0.0,0,271.5,272.2
1766144939982376329,AAPL,QUOTE,0.0,0,271.5,271.85
1766144941655588549,AAPL,QUOTE,0.0,0,271.5,272.2
1766144941658361758,AAPL,QUOTE,0.0,0,271.5,271.9
1766144941917266885,AAPL,TRADE,271.69,32,0.0,0.0
1766144941917420809,AAPL,TRADE,271.68,2,0.0,0.0
1766144941917423752,AAPL,TRADE,271.67,6,0.0,0.0
1766144941917711041,AAPL,TRADE,271.69,2,0.0,0.0
1766144941917714139,AAPL,TRADE,271.68,7,0.0,0.0
1766144941917714194,AAPL,TRADE,271.68,3,0.0,0.0
1766144941917714410,AAPL,TRADE,271.68,40,0.0,0.0
1766144941917718126,AAPL,TRADE,271.68,28,0.0,0.0
1766144941926411097,AAPL,QUOTE,0.0,0,271.5,272.2
1766144941928736145,AAPL,QUOTE,0.0,0,271.5,271.91
1766144944931780580,AAPL,QUOTE,0.0,0,271.5,272.2
1766144944936255079,AAPL,QUOTE,0.0,0,271.5,272.19
1766144952778830632,AAPL,TRADE,271.69,3,0.0,0.0
1766144952778907364,AAPL,TRADE,271.68,2,0.0,0.0
1766144952778917576,AAPL,TRADE,271.68,2,0.0,0.0
1766144955781252290,AAPL,QUOTE,0.0,0,271.5,272.2
1766144955784381038,AAPL,QUOTE,0.0,0,271.5,271.91
1766144958397269767,AAPL,QUOTE,0.0,0,271.5,272.2
1766144958400310839,AAPL,QUOTE,0.0,0,271.5,271.98
1766144966259165910,AAPL,TRADE,271.67,1,0.0,0.0
1766144966928662232,AAPL,TRADE,271.67,2,0.0,0.0
1766144994365024678,AAPL,QUOTE,0.0,0,271.5,271.9
1766145002509533684,AAPL,TRADE,271.67,1,0.0,0.0
1766145007634244866,AAPL,TRADE,271.67,1,0.0,0.0
1766145012757781123,AAPL,TRADE,271.67,1,0.0,0.0
1766145017909074160,AAPL,TRADE,271.67,1,0.0,0.0
1766145045349662162,AAPL,TRADE,271.78,30,0.0,0.0
1766145045350055394,AAPL,TRADE,271.73,25,0.0,0.0
1766145045350214106,AAPL,TRADE,271.79,5,0.0,0.0
1766145046981001272,AAPL,TRADE,271.71,1,0.0,0.0
1766145046982896398,AAPL,TRADE,271.7,3,0.0,0.0
1766145046995791883,AAPL,TRADE,271.7,1,0.0,0.0
1766145056527738902,AAPL,TRADE,271.67,38,0.0,0.0
1766145061169274111,AAPL,TRADE,271.77,5,0.0,0.0
1766145072824261835,AAPL,TRADE,271.76,1,0.0,0.0
1766145082552852797,AAPL,QUOTE,0.0,0,271.5,271.9
1766145082719300467,AAPL,TRADE,271.68,5,0.0,0.0
1766145085228460662,AAPL,QUOTE,0.0,0,271.5,271.9
1766145085232791124,AAPL,QUOTE,0.0,0,271.5,271.85
1766145093470330884,AAPL,TRADE,271.67,1,0.0,0.0
1766145093470330943,AAPL,TRADE,271.67,2,0.0,0.0
1766145093470331068,AAPL,TRADE,271.67,1,0.0,0.0
1766145093470377135,AAPL,TRADE,271.66,2,0.0,0.0
1766145093470389215,AAPL,TRADE,271.66,2,0.0,0.0
1766145093470390389,AAPL,TRADE,271.65,14,0.0,0.0
1766145093470394610,AAPL,TRADE,271.66,2,0.0,0.0
1766145093470408152,AAPL,TRADE,271.65,1,0.0,0.0
1766145093470408203,AAPL,TRADE,271.65,1,0.0,0.0
1766145093470409583,AAPL,TRADE,271.65,14,0.0,0.0
1766145093470410756,AAPL,TRADE,271.65,16,0.0,0.0
1766145093470417088,AAPL,TRADE,271.65,1,0.0,0.0
1766145093470419359,AAPL,TRADE,271.65,1,0.0,0.0
1766145093470427315,AAPL,TRADE,271.65,50,0.0,0.0
1766145093470428446,AAPL,TRADE,271.67,1,0.0,0.0
1766145093470445275,AAPL,TRADE,271.67,1,0.0,0.0
1766145093470452598,AAPL,TRADE,271.66,1,0.0,0.0
1766145093470478044,AAPL,TRADE,271.65,4,0.0,0.0
1766145093470614828,AAPL,TRADE,271.65,2,0.0,0.0
1766145093470779830,AAPL,TRADE,271.65,2,0.0,0.0
1766145093575425223,AAPL,QUOTE,0.0,0,271.51,271.85
1766145095233237710,AAPL,QUOTE,0.0,0,271.51,271.9
1766145095236189773,AAPL,QUOTE,0.0,0,271.51,271.76
1766145097500265706,AAPL,TRADE,271.67,1,0.0,0.0
1766145105663650956,AAPL,TRADE,271.63,2,0.0,0.0
1766145108500682217,AAPL,TRADE,271.61,1,0.0,0.0
1766145115367715643,AAPL,QUOTE,0.0,0,271.5,271.76
1766145115443117711,AAPL,QUOTE,0.0,0,271.51,271.76
1766145131416954184,AAPL,QUOTE,0.0,0,271.5,271.76
1766145131492126344,AAPL,QUOTE,0.0,0,271.51,271.76
1766145131780184939,AAPL,QUOTE,0.0,0,271.5,271.76
1766145131780324532,AAPL,TRADE,271.65,9,0.0,0.0
1766145131780674299,AAPL,TRADE,271.65,56,0.0,0.0
1766145131849747019,AAPL,QUOTE,0.0,0,271.5,271.9
1766145131852607617,AAPL,QUOTE,0.0,0,271.5,271.85
1766145138625303562,AAPL,TRADE,271.67,4,0.0,0.0
1766145139008874898,AAPL,TRADE,271.67,1,0.0,0.0
1766145139271914152,AAPL,TRADE,271.65,4,0.0,0.0
1766145139272584146,AAPL,TRADE,271.65,1,0.0,0.0
1766145145977952561,AAPL,TRADE,271.65,5,0.0,0.0
1766145145980462693,AAPL,QUOTE,0.0,0,271.5,271.9
1766145145984227393,AAPL,QUOTE,0.0,0,271.5,271.85
1766145151435567803,AAPL,TRADE,271.66,1,0.0,0.0
1766145152716088524,AAPL,TRADE,271.65,2,0.0,0.0
1766145152718264989,AAPL,QUOTE,0.0,0,271.5,271.9
1766145152720856479,AAPL,QUOTE,0.0,0,271.5,271.76
1766145155501706389,AAPL,TRADE,271.65,3,0.0,0.0
1766145155501706475,AAPL,TRADE,271.65,4,0.0,0.0
1766145155503901764,AAPL,QUOTE,0.0,0,271.5,271.9
1766145155506365226,AAPL,QUOTE,0.0,0,271.5,271.85
1766145162212856081,AAPL,QUOTE,0.0,0,271.5,271.9
1766145162213382866,AAPL,TRADE,271.65,5,0.0,0.0
1766145162216030948,AAPL,QUOTE,0.0,0,271.5,271.85
1766145168948024578,AAPL,TRADE,271.65,5,0.0,0.0
1766145168949893853,AAPL,QUOTE,0.0,0,271.5,271.9
1766145168952534017,AAPL,QUOTE,0.0,0,271.5,271.85
1766145173663278860,AAPL,TRADE,271.65,5,0.0,0.0
1766145173664863828,AAPL,QUOTE,0.0,0,271.5,271.9
1766145173667736794,AAPL,QUOTE,0.0,0,271.5,271.85
1766145205470489886,AAPL,TRADE,271.65,5,0.0,0.0
1766145205472244448,AAPL,QUOTE,0.0,0,271.5,271.9
1766145205480492401,AAPL,QUOTE,0.0,0,271.5,271.85
1766145212180519561,AAPL,TRADE,271.66,1,0.0,0.0
1766145223538425924,AAPL,TRADE,271.65,2,0.0,0.0
1766145223540684555,AAPL,QUOTE,0.0,0,271.5,271.9
1766145223543378207,AAPL,QUOTE,0.0,0,271.5,271.85
1766145229072366767,AAPL,TRADE,271.65,2,0.0,0.0
1766145229073172338,AAPL,QUOTE,0.0,0,271.5,271.9
1766145229075887435,AAPL,QUOTE,0.0,0,271.5,271.85
1766145234601840803,AAPL,TRADE,271.65,2,0.0,0.0
1766145240142805507,AAPL,TRADE,271.66,5,0.0,0.0
1766145240144654172,AAPL,QUOTE,0.0,0,271.5,271.9
1766145240147586319,AAPL,QUOTE,0.0,0,271.5,271.85
1766145246851549459,AAPL,TRADE,271.66,5,0.0,0.0
1766145246853217394,AAPL,QUOTE,0.0,0,271.5,271.9
1766145246855803710,AAPL,QUOTE,0.0,0,271.5,271.85
1766145253586821058,AAPL,TRADE,271.66,5,0.0,0.0
1766145253589264782,AAPL,QUOTE,0.0,0,271.5,271.9
1766145253592449154,AAPL,QUOTE,0.0,0,271.5,271.85
1766145260332069427,AAPL,TRADE,271.66,5,0.0,0.0
1766145260332460390,AAPL,QUOTE,0.0,0,271.5,271.9
1766145260334955497,AAPL,QUOTE,0.0,0,271.5,271.85
1766145267040727405,AAPL,TRADE,271.66,5,0.0,0.0
1766145267046060107,AAPL,QUOTE,0.0,0,271.5,271.9
1766145267048996875,AAPL,QUOTE,0.0,0,271.5,271.85
1766145277733647640,AAPL,TRADE,271.72,20,0.0,0.0
1766145282453292304,AAPL,TRADE,271.67,2,0.0,0.0
1766145293223950664,AAPL,QUOTE,0.0,0,271.5,271.9
1766145293226949219,AAPL,QUOTE,0.0,0,271.5,271.75
1766145293226991190,AAPL,TRADE,271.66,5,0.0,0.0
1766145293227024282,AAPL,TRADE,271.65,2,0.0,0.0
1766145298111027827,AAPL,TRADE,271.64,25,0.0,0.0
1766145301089105005,AAPL,QUOTE,0.0,0,271.5,271.9
1766145301092323344,AAPL,QUOTE,0.0,0,271.5,271.85
1766145306720946242,AAPL,TRADE,271.66,1,0.0,0.0
1766145309058352439,AAPL,TRADE,271.67,4,0.0,0.0
1766145309401112687,AAPL,TRADE,271.67,2,0.0,0.0
1766145309927269260,AAPL,TRADE,271.66,2,0.0,0.0
1766145309927269307,AAPL,TRADE,271.65,1,0.0,0.0
1766145319539880642,AAPL,TRADE,271.66,16,0.0,0.0
1766145323530621152,AAPL,TRADE,271.66,5,0.0,0.0
1766145330604957644,AAPL,TRADE,271.66,16,0.0,0.0
1766145336014916028,AAPL,TRADE,271.67,1,0.0,0.0
1766145341693263681,AAPL,TRADE,271.67,2,0.0,0.0
1766145341693264933,AAPL,TRADE,271.66,14,0.0,0.0
1766145352760288220,AAPL,TRADE,271.66,2,0.0,0.0
1766145352760289384,AAPL,TRADE,271.65,15,0.0,0.0
1766145364276070689,AAPL,TRADE,271.66,2,0.0,0.0
1766145364276073457,AAPL,TRADE,271.65,1,0.0,0.0
1766145367983704107,AAPL,TRADE,271.73,10,0.0,0.0
1766145370199943668,AAPL,TRADE,271.65,1,0.0,0.0
1766145370199944897,AAPL,TRADE,271.65,1,0.0,0.0
1766145403649726856,AAPL,TRADE,271.65,4,0.0,0.0
1766145410433893844,AAPL,TRADE,271.65,2,0.0,0.0
1766145432796137304,AAPL,TRADE,271.7,3,0.0,0.0
1766145433650816841,AAPL,TRADE,271.65,5,0.0,0.0
1766145449694121438,AAPL,TRADE,271.66,1,0.0,0.0
1766145449695127260,AAPL,TRADE,271.66,3,0.0,0.0
1766145449695654629,AAPL,TRADE,271.66,1,0.0,0.0
1766145451819842335,AAPL,TRADE,271.66,2,0.0,0.0
1766145457339874129,AAPL,TRADE,271.66,2,0.0,0.0
1766145462870680064,AAPL,TRADE,271.66,2,0.0,0.0
1766145465361519599,AAPL,TRADE,271.66,1,0.0,0.0
1766145465361594828,AAPL,TRADE,271.66,4,0.0,0.0
1766145468414215197,AAPL,TRADE,271.66,7,0.0,0.0
1766145475917544010,AAPL,TRADE,271.66,11,0.0,0.0
1766145480185443510,AAPL,TRADE,271.65,1,0.0,0.0
1766145480185445199,AAPL,TRADE,271.65,5,0.0,0.0
1766145480185445322,AAPL,TRADE,271.65,10,0.0,0.0
1766145480185495260,AAPL,TRADE,271.65,4,0.0,0.0
1766145480185568873,AAPL,TRADE,271.65,1,0.0,0.0
1766145480187531425,AAPL,QUOTE,0.0,0,271.5,271.9
1766145480190303306,AAPL,QUOTE,0.0,0,271.5,271.76
1766145486527999070,AAPL,QUOTE,0.0,0,271.5,271.9
1766145486530680119,AAPL,QUOTE,0.0,0,271.5,271.85
1766145501096376301,AAPL,TRADE,271.65,2,0.0,0.0
1766145511192968469,AAPL,TRADE,271.62,71,0.0,0.0
1766145525146969827,AAPL,TRADE,271.65,3,0.0,0.0
1766145530180168264,AAPL,QUOTE,0.0,0,271.5,271.9
1766145530183047302,AAPL,QUOTE,0.0,0,271.5,271.77
1766145531593890245,AAPL,TRADE,271.65,1,0.0,0.0
1766145533186386669,AAPL,QUOTE,0.0,0,271.5,271.9
1766145533189115822,AAPL,QUOTE,0.0,0,271.5,271.85
1766145533994621619,AAPL,TRADE,271.61,2,0.0,0.0
1766145533994621684,AAPL,TRADE,271.61,57,0.0,0.0
1766145533994739688,AAPL,TRADE,271.61,5,0.0,0.0
1766145533995037377,AAPL,TRADE,271.62,29,0.0,0.0
1766145533995039434,AAPL,TRADE,271.61,2,0.0,0.0
1766145533995039477,AAPL,TRADE,271.61,25,0.0,0.0
1766145534048240570,AAPL,QUOTE,0.0,0,271.5,271.9
1766145534051517203,AAPL,QUOTE,0.0,0,271.5,271.76
1766145534722810543,AAPL,TRADE,271.6,10,0.0,0.0
1766145534722810645,AAPL,TRADE,271.6,1,0.0,0.0
1766145534722875033,AAPL,TRADE,271.6,1,0.0,0.0
1766145534722877727,AAPL,TRADE,271.59,25,0.0,0.0
1766145534722881302,AAPL,TRADE,271.6,3,0.0,0.0
1766145534722889495,AAPL,TRADE,271.6,1,0.0,0.0
1766145534723523625,AAPL,TRADE,271.6,50,0.0,0.0
1766145534723523674,AAPL,TRADE,271.6,2,0.0,0.0
1766145534723525552,AAPL,TRADE,271.6,1,0.0,0.0
1766145534723525597,AAPL,TRADE,271.6,2,0.0,0.0
1766145534723530697,AAPL,TRADE,271.6,1,0.0,0.0
1766145534760512660,AAPL,TRADE,271.6,100,0.0,0.0
1766145535653144949,AAPL,TRADE,271.58,54,0.0,0.0
1766145536281105158,AAPL,TRADE,271.59,15,0.0,0.0
1766145536281137566,AAPL,TRADE,271.59,13,0.0,0.0
1766145536281222395,AAPL,TRADE,271.59,3,0.0,0.0
1766145536281352875,AAPL,TRADE,271.59,1,0.0,0.0
1766145536333101847,AAPL,TRADE,271.59,6,0.0,0.0
1766145536333129526,AAPL,TRADE,271.59,3,0.0,0.0
1766145536591815824,AAPL,TRADE,271.59,1,0.0,0.0
1766145539117370997,AAPL,TRADE,271.59,2,0.0,0.0
1766145539117718378,AAPL,TRADE,271.59,6,0.0,0.0
1766145539747616237,AAPL,TRADE,271.57,1,0.0,0.0
1766145543231052748,AAPL,QUOTE,0.0,0,271.5,271.9
1766145543234196170,AAPL,QUOTE,0.0,0,271.5,271.85
1766145545143386039,AAPL,TRADE,271.59,5,0.0,0.0
1766145545143962119,AAPL,TRADE,271.57,2,0.0,0.0
1766145545143984353,AAPL,TRADE,271.56,2,0.0,0.0
1766145545144074596,AAPL,TRADE,271.56,25,0.0,0.0
1766145545144087660,AAPL,TRADE,271.56,2,0.0,0.0
1766145546853446535,AAPL,QUOTE,0.0,0,271.5,271.89
1766145546854424108,AAPL,QUOTE,0.0,0,271.5,271.9
1766145546854437990,AAPL,QUOTE,0.0,0,271.5,271.9
1766145546858268281,AAPL,QUOTE,0.0,0,271.5,271.75
1766145547076718290,AAPL,QUOTE,0.0,0,271.5,271.9
1766145547079611946,AAPL,QUOTE,0.0,0,271.5,271.85
1766145560379728180,AAPL,QUOTE,0.0,0,271.5,271.9
1766145560385763125,AAPL,QUOTE,0.0,0,271.5,271.76
1766145560443555964,AAPL,QUOTE,0.0,0,271.5,271.9
1766145560445835408,AAPL,QUOTE,0.0,0,271.5,271.85
1766145570445293430,AAPL,QUOTE,0.0,0,271.5,271.9
1766145570447631931,AAPL,QUOTE,0.0,0,271.5,271.77
1766145573450103423,AAPL,QUOTE,0.0,0,271.5,271.9
1766145573452679933,AAPL,QUOTE,0.0,0,271.5,271.85
1766145583827225558,AAPL,QUOTE,0.0,0,271.5,271.9
1766145583829754428,AAPL,QUOTE,0.0,0,271.5,271.77
1766145589031526164,AAPL,QUOTE,0.0,0,271.5,271.9
1766145589034331500,AAPL,QUOTE,0.0,0,271.5,271.85
1766145600088414886,AAPL,TRADE,271.6,100,0.0,0.0
1766145600088418276,AAPL,TRADE,271.58,40,0.0,0.0
1766145600088424269,AAPL,TRADE,271.58,40,0.0,0.0
1766145600088437027,AAPL,TRADE,271.57,20,0.0,0.0
1766145600090447661,AAPL,TRADE,271.57,1,0.0,0.0
1766145600098184805,AAPL,TRADE,271.63,1,0.0,0.0
1766145600103886387,AAPL,TRADE,271.57,6,0.0,0.0
1766145600106581692,AAPL,TRADE,271.63,2,0.0,0.0
1766145600108848357,AAPL,TRADE,271.57,1,0.0,0.0
1766145600109038387,AAPL,TRADE,271.57,18,0.0,0.0
1766145600109049995,AAPL,TRADE,271.57,2,0.0,0.0
1766145600111260265,AAPL,TRADE,271.63,6,0.0,0.0
1766145600112593343,AAPL,TRADE,271.63,1,0.0,0.0
1766145600121804294,AAPL,TRADE,271.57,3,0.0,0.0
1766145600122239827,AAPL,TRADE,271.63,1,0.0,0.0
1766145600122344016,AAPL,TRADE,271.63,30,0.0,0.0
1766145600122739144,AAPL,TRADE,271.57,1,0.0,0.0
1766145600123234062,AAPL,TRADE,271.63,40,0.0,0.0
1766145600123264806,AAPL,TRADE,271.57,24,0.0,0.0
1766145600123266975,AAPL,TRADE,271.57,40,0.0,0.0
1766145600123270516,AAPL,TRADE,271.56,100,0.0,0.0
1766145600123275042,AAPL,TRADE,271.56,100,0.0,0.0
1766145600123280117,AAPL,TRADE,271.55,2,0.0,0.0
1766145600123284703,AAPL,TRADE,271.51,10,0.0,0.0
1766145600123299929,AAPL,TRADE,271.51,24,0.0,0.0
1766145600123315061,AAPL,QUOTE,0.0,0,271.56,271.85
1766145600130566144,AAPL,TRADE,271.63,1,0.0,0.0
1766145600130766265,AAPL,TRADE,271.56,2,0.0,0.0
1766145600131239692,AAPL,TRADE,271.62,10,0.0,0.0
1766145600133650102,AAPL,TRADE,271.56,2,0.0,0.0
1766145600133681316,AAPL,TRADE,271.59,10,0.0,0.0
1766145600134244087,AAPL,TRADE,271.58,10,0.0,0.0
1766145600136049540,AAPL,TRADE,271.61,1,0.0,0.0
1766145600141540110,AAPL,TRADE,271.56,92,0.0,0.0
1766145600141541534,AAPL,QUOTE,0.0,0,271.5,271.85
1766145600260262209,AAPL,TRADE,271.61,12,0.0,0.0
1766145600267164525,AAPL,TRADE,271.62,12,0.0,0.0
1766145600456580691,AAPL,TRADE,271.64,12,0.0,0.0
1766145600534205968,AAPL,TRADE,271.56,3,0.0,0.0
1766145600534234099,AAPL,TRADE,271.56,21,0.0,0.0
1766145614055650709,AAPL,TRADE,271.66,22,0.0,0.0
1766145626928433260,AAPL,TRADE,271.65,1,0.0,0.0
1766145646506831335,AAPL,TRADE,271.68,2,0.0,0.0
1766145647853335796,AAPL,QUOTE,0.0,0,271.5,271.88
1766145647857995729,AAPL,QUOTE,0.0,0,271.5,271.76
1766145648000944203,AAPL,QUOTE,0.0,0,271.5,271.88
1766145648003803367,AAPL,QUOTE,0.0,0,271.5,271.85
1766145649979196456,AAPL,TRADE,271.58,1,0.0,0.0
1766145661725559712,AAPL,TRADE,271.57,5,0.0,0.0
1766145661725561179,AAPL,TRADE,271.57,1,0.0,0.0
1766145661725620083,AAPL,TRADE,271.57,1,0.0,0.0
1766145661725667133,AAPL,TRADE,271.57,1,0.0,0.0
1766145661729300226,AAPL,QUOTE,0.0,0,271.5,271.88
1766145661740391695,AAPL,QUOTE,0.0,0,271.5,271.85
1766145673733933091,AAPL,TRADE,271.56,6,0.0,0.0
1766145673735631857,AAPL,QUOTE,0.0,0,271.5,271.88
1766145673740156130,AAPL,QUOTE,0.0,0,271.5,271.85
1766145676806191939,AAPL,QUOTE,0.0,0,271.5,271.57
1766145676806213330,AAPL,QUOTE,0.0,0,271.5,271.57
1766145676806214737,AAPL,TRADE,271.57,12,0.0,0.0
1766145676806230688,AAPL,TRADE,271.5,15,0.0,0.0
1766145676806231894,AAPL,TRADE,271.5,50,0.0,0.0
1766145676806238557,AAPL,QUOTE,0.0,0,271.5,271.57
1766145676806239197,AAPL,TRADE,271.57,400,0.0,0.0
1766145676806252870,AAPL,QUOTE,0.0,0,271.5,271.55
1766145676806274948,AAPL,QUOTE,0.0,0,271.5,271.55
1766145676806298323,AAPL,QUOTE,0.0,0,271.5,271.55
1766145676806326411,AAPL,QUOTE,0.0,0,271.5,271.57
1766145676806540743,AAPL,TRADE,271.56,6,0.0,0.0
1766145676806557712,AAPL,TRADE,271.54,1,0.0,0.0
1766145676806569941,AAPL,TRADE,271.51,1,0.0,0.0
1766145676806660864,AAPL,TRADE,271.5,1,0.0,0.0
1766145676806676862,AAPL,TRADE,271.5,2,0.0,0.0
1766145676806682183,AAPL,TRADE,271.5,2,0.0,0.0
1766145676806688127,AAPL,TRADE,271.5,1,0.0,0.0
1766145676806692107,AAPL,TRADE,271.5,1,0.0,0.0
1766145676806709178,AAPL,TRADE,271.5,3,0.0,0.0
1766145676806718328,AAPL,TRADE,271.5,1,0.0,0.0
1766145676806722031,AAPL,TRADE,271.5,77,0.0,0.0
1766145676806722483,AAPL,QUOTE,0.0,0,271.5,271.57
1766145676806768157,AAPL,TRADE,271.5,1,0.0,0.0
1766145676806772304,AAPL,TRADE,271.5,122,0.0,0.0
1766145676806773222,AAPL,QUOTE,0.0,0,271.37,271.57
1766145676806777117,AAPL,TRADE,271.5,1,0.0,0.0
1766145676806797769,AAPL,TRADE,271.5,1,0.0,0.0
1766145676806809918,AAPL,TRADE,271.5,1,0.0,0.0
1766145676806835340,AAPL,QUOTE,0.0,0,271.37,271.57
1766145676806838837,AAPL,TRADE,271.49,1,0.0,0.0
1766145676806856282,AAPL,TRADE,271.49,3,0.0,0.0
1766145676806935423,AAPL,TRADE,271.5,5,0.0,0.0
1766145676806937411,AAPL,TRADE,271.5,1,0.0,0.0
1766145676806937453,AAPL,TRADE,271.5,1,0.0,0.0
1766145676806939573,AAPL,TRADE,271.5,21,0.0,0.0
1766145676806941882,AAPL,TRADE,271.5,2,0.0,0.0
1766145676806945656,AAPL,TRADE,271.5,1,0.0,0.0
1766145676806945700,AAPL,TRADE,271.5,3,0.0,0.0
1766145676806987024,AAPL,TRADE,271.5,3,0.0,0.0
1766145676806991441,AAPL,TRADE,271.5,1,0.0,0.0
1766145676806991501,AAPL,TRADE,271.5,1,0.0,0.0
1766145676806991693,AAPL,TRADE,271.5,1,0.0,0.0
1766145676806993456,AAPL,TRADE,271.5,1,0.0,0.0
1766145676806999511,AAPL,TRADE,271.5,1,0.0,0.0
1766145676806999558,AAPL,TRADE,271.5,1,0.0,0.0
1766145676807088212,AAPL,TRADE,271.5,40,0.0,0.0
1766145676807088742,AAPL,QUOTE,0.0,0,271.5,271.57
1766145676807146245,AAPL,TRADE,271.5,160,0.0,0.0
1766145676807146304,AAPL,QUOTE,0.0,0,271.37,271.57
1766145676807334520,AAPL,TRADE,271.47,1,0.0,0.0
1766145676807661512,AAPL,QUOTE,0.0,0,271.5,271.57
1766145676807706663,AAPL,TRADE,271.5,200,0.0,0.0
1766145676807706842,AAPL,QUOTE,0.0,0,271.37,271.57
1766145676808234599,AAPL,QUOTE,0.0,0,271.5,271.57
1766145676808269395,AAPL,QUOTE,0.0,0,271.5,271.57
1766145676808277873,AAPL,TRADE,271.5,200,0.0,0.0
1766145676808277986,AAPL,QUOTE,0.0,0,271.38,271.57
1766145676808458964,AAPL,QUOTE,0.0,0,271.5,271.57
1766145676808579195,AAPL,TRADE,271.5,22,0.0,0.0
1766145676808580772,AAPL,QUOTE,0.0,0,271.5,271.57
1766145676808888255,AAPL,QUOTE,0.0,0,271.38,271.57
1766145676808888270,AAPL,TRADE,271.5,178,0.0,0.0
1766145676811689051,AAPL,QUOTE,0.0,0,271.37,271.57
1766145676915938865,AAPL,QUOTE,0.0,0,271.38,271.57
1766145676927989868,AAPL,QUOTE,0.0,0,271.42,271.57
1766145677017096644,AAPL,QUOTE,0.0,0,271.42,271.57
1766145677017096929,AAPL,TRADE,271.53,100,0.0,0.0
1766145677017101145,AAPL,TRADE,271.53,40,0.0,0.0
1766145677017101203,AAPL,TRADE,271.54,100,0.0,0.0
1766145677017101381,AAPL,TRADE,271.55,40,0.0,0.0
1766145677017104153,AAPL,TRADE,271.56,100,0.0,0.0
1766145677017107859,AAPL,TRADE,271.56,30,0.0,0.0
1766145677017109167,AAPL,TRADE,271.57,678,0.0,0.0
1766145691202833165,AAPL,TRADE,271.55,184,0.0,0.0
1766145691202835053,AAPL,TRADE,271.56,40,0.0,0.0
1766145691202835106,AAPL,TRADE,271.58,40,0.0,0.0
1766145691202836638,AAPL,TRADE,271.6,100,0.0,0.0
1766145691202837081,AAPL,QUOTE,0.0,0,271.6,271.57
1766145691202839767,AAPL,TRADE,271.6,40,0.0,0.0
1766145691202894062,AAPL,TRADE,271.6,146,0.0,0.0
1766145691202894330,AAPL,QUOTE,0.0,0,271.42,271.57
1766145691202902028,AAPL,QUOTE,0.0,0,271.42,271.57
1766145691202902339,AAPL,TRADE,271.56,100,0.0,0.0
1766145691202903532,AAPL,TRADE,271.57,350,0.0,0.0
1766145691202933743,AAPL,QUOTE,0.0,0,271.42,271.76
1766145691203018932,AAPL,TRADE,271.56,40,0.0,0.0
1766145691281268997,AAPL,QUOTE,0.0,0,271.42,271.88
1766145691548496957,AAPL,QUOTE,0.0,0,271.42,271.85
1766145691930609582,AAPL,QUOTE,0.0,0,271.42,271.88
1766145691933920908,AAPL,QUOTE,0.0,0,271.42,271.75
1766145702244004733,AAPL,QUOTE,0.0,0,271.43,271.75
1766145736657193751,AAPL,TRADE,271.47,40,0.0,0.0
1766145736657194997,AAPL,TRADE,271.46,5,0.0,0.0
1766145744383269840,AAPL,TRADE,271.55,10,0.0,0.0
1766145752644522574,AAPL,TRADE,271.46,8,0.0,0.0
1766145755204249390,AAPL,TRADE,271.46,46,0.0,0.0
1766145760521842157,AAPL,QUOTE,0.0,0,271.43,271.88
1766145760524138805,AAPL,QUOTE,0.0,0,271.43,271.76
1766145771185054681,AAPL,TRADE,271.53,1,0.0,0.0
1766145773050393386,AAPL,TRADE,271.55,2,0.0,0.0
1766145773050505802,AAPL,TRADE,271.57,1,0.0,0.0
1766145773050506976,AAPL,TRADE,271.57,53,0.0,0.0
1766145773050534025,AAPL,TRADE,271.57,7,0.0,0.0
1766145773050534629,AAPL,TRADE,271.57,2,0.0,0.0
1766145773050553946,AAPL,TRADE,271.57,1,0.0,0.0
1766145773050555683,AAPL,QUOTE,0.0,0,271.46,271.76
1766145773050567466,AAPL,QUOTE,0.0,0,271.46,271.76
1766145773050570333,AAPL,QUOTE,0.0,0,271.46,271.76
1766145773050582561,AAPL,QUOTE,0.0,0,271.43,271.76
1766145773123580747,AAPL,QUOTE,0.0,0,271.43,271.88
1766145773125909190,AAPL,QUOTE,0.0,0,271.43,271.85
1766145776199414040,AAPL,QUOTE,0.0,0,271.43,271.88
1766145776202745238,AAPL,QUOTE,0.0,0,271.43,271.76
1766145776390291143,AAPL,TRADE,271.55,26,0.0,0.0
1766145779414405464,AAPL,QUOTE,0.0,0,271.43,271.88
1766145779417289140,AAPL,QUOTE,0.0,0,271.43,271.76
1766145779554461580,AAPL,QUOTE,0.0,0,271.43,271.88
1766145779557002040,AAPL,QUOTE,0.0,0,271.43,271.76
1766145779876444542,AAPL,QUOTE,0.0,0,271.43,271.88
1766145779879088105,AAPL,QUOTE,0.0,0,271.43,271.85
1766145780548230635,AAPL,QUOTE,0.0,0,271.43,271.88
1766145780551316536,AAPL,QUOTE,0.0,0,271.43,271.76
1766145786780096765,AAPL,QUOTE,0.0,0,271.43,271.88
1766145786783246857,AAPL,QUOTE,0.0,0,271.43,271.85
1766145794471659333,AAPL,QUOTE,0.0,0,271.43,271.88
1766145794475332862,AAPL,QUOTE,0.0,0,271.43,271.86
1766145794553325475,AAPL,QUOTE,0.0,0,271.43,271.88
1766145794674780078,AAPL,TRADE,271.74,184,0.0,0.0
1766145794674781975,AAPL,TRADE,271.76,40,0.0,0.0
1766145794674782853,AAPL,TRADE,271.76,12,0.0,0.0
1766145794674912353,AAPL,TRADE,271.74,2,0.0,0.0
1766145794675201411,AAPL,TRADE,271.74,2,0.0,0.0
1766145794826562248,AAPL,TRADE,271.84,100,0.0,0.0
1766145794826563376,AAPL,TRADE,271.84,16,0.0,0.0
1766145794826706776,AAPL,TRADE,271.75,2,0.0,0.0
1766145794826987066,AAPL,TRADE,271.76,2,0.0,0.0
1766145804535351879,AAPL,TRADE,271.6,1,0.0,0.0
1766145804535540489,AAPL,TRADE,271.6,7,0.0,0.0
1766145805663348928,AAPL,QUOTE,0.0,0,271.43,271.85
1766145807244650881,AAPL,TRADE,271.56,1,0.0,0.0
1766145810037377410,AAPL,TRADE,271.64,1,0.0,0.0
1766145811487208334,AAPL,TRADE,271.56,1,0.0,0.0
1766145813647646348,AAPL,QUOTE,0.0,0,271.56,271.85
1766145816645420024,AAPL,TRADE,271.62,100,0.0,0.0
1766145816645422710,AAPL,TRADE,271.6,40,0.0,0.0
1766145816645422765,AAPL,TRADE,271.58,100,0.0,0.0
1766145816645422888,AAPL,TRADE,271.57,100,0.0,0.0
1766145816645426735,AAPL,TRADE,271.56,6,0.0,0.0
1766145816645430663,AAPL,TRADE,271.56,38,0.0,0.0
1766145816645430709,AAPL,TRADE,271.56,40,0.0,0.0
1766145816645491448,AAPL,QUOTE,0.0,0,271.56,271.72
1766145816645496291,AAPL,QUOTE,0.0,0,271.56,271.72
1766145816645497110,AAPL,TRADE,271.62,100,0.0,0.0
1766145816645498454,AAPL,TRADE,271.57,100,0.0,0.0
1766145816645499278,AAPL,QUOTE,0.0,0,271.43,271.72
1766145816645499956,AAPL,TRADE,271.56,382,0.0,0.0
1766145816645501546,AAPL,TRADE,271.56,618,0.0,0.0
1766145816645519473,AAPL,QUOTE,0.0,0,271.43,271.63
1766145816645562196,AAPL,QUOTE,0.0,0,271.43,271.63
1766145816645647998,AAPL,QUOTE,0.0,0,271.43,271.72
1766145816645848675,AAPL,QUOTE,0.0,0,271.43,271.85
1766145816645865578,AAPL,TRADE,271.56,1,0.0,0.0
1766145816645885635,AAPL,QUOTE,0.0,0,271.43,271.68
1766145816645895418,AAPL,TRADE,271.56,1,0.0,0.0
1766145816645917871,AAPL,QUOTE,0.0,0,271.43,271.68
1766145816645924746,AAPL,QUOTE,0.0,0,271.43,271.68
1766145816646786432,AAPL,QUOTE,0.0,0,271.43,271.85
1766145816715219550,AAPL,QUOTE,0.0,0,271.43,271.88
1766145816718259298,AAPL,QUOTE,0.0,0,271.43,271.86
1766145817018558280,AAPL,QUOTE,0.0,0,271.43,271.88
1766145818185455174,AAPL,QUOTE,0.0,0,271.5,271.88
1766145818185515396,AAPL,TRADE,271.63,25,0.0,0.0
1766145819722524223,AAPL,TRADE,271.67,1,0.0,0.0
1766145828230715242,AAPL,TRADE,271.68,22,0.0,0.0
1766145829315366368,AAPL,QUOTE,0.0,0,271.5,271.86
1766145830471289957,AAPL,TRADE,271.55,1,0.0,0.0
1766145833473294649,AAPL,QUOTE,0.0,0,271.5,271.88
1766145835596531065,AAPL,TRADE,271.6,1,0.0,0.0
1766145835597226540,AAPL,TRADE,271.61,25,0.0,0.0
1766145835597294747,AAPL,TRADE,271.61,25,0.0,0.0
1766145835597351845,AAPL,TRADE,271.61,25,0.0,0.0
1766145835602826360,AAPL,QUOTE,0.0,0,271.5,271.85
1766145840074562878,AAPL,QUOTE,0.0,0,271.5,271.88
1766145840086267992,AAPL,QUOTE,0.0,0,271.5,271.86
1766145840366237374,AAPL,QUOTE,0.0,0,271.43,271.86
1766145840366591196,AAPL,QUOTE,0.0,0,271.56,271.86
1766145840753089781,AAPL,TRADE,271.6,1,0.0,0.0
1766145843756157200,AAPL,QUOTE,0.0,0,271.56,271.88
1766145845876505931,AAPL,TRADE,271.6,1,0.0,0.0
1766145845876854987,AAPL,TRADE,271.61,25,0.0,0.0
1766145845876902029,AAPL,TRADE,271.61,25,0.0,0.0
1766145845876936086,AAPL,TRADE,271.61,25,0.0,0.0
1766145845876969244,AAPL,TRADE,271.61,25,0.0,0.0
1766145845877001936,AAPL,TRADE,271.61,25,0.0,0.0
1766145845877034991,AAPL,TRADE,271.61,25,0.0,0.0
1766145845898585318,AAPL,QUOTE,0.0,0,271.56,271.85
1766145851003969486,AAPL,TRADE,271.6,1,0.0,0.0
1766145851004008288,AAPL,TRADE,271.61,25,0.0,0.0
1766145851004055089,AAPL,TRADE,271.61,25,0.0,0.0
1766145851004241315,AAPL,TRADE,271.6,1,0.0,0.0
1766145851004340939,AAPL,TRADE,271.6,1,0.0,0.0
1766145851004411222,AAPL,TRADE,271.6,1,0.0,0.0
1766145851005221592,AAPL,TRADE,271.6,1,0.0,0.0
1766145851005233201,AAPL,TRADE,271.6,1,0.0,0.0
1766145851005586922,AAPL,QUOTE,0.0,0,271.56,271.88
1766145851008468525,AAPL,QUOTE,0.0,0,271.56,271.76
1766145854342228566,AAPL,TRADE,271.6,1,0.0,0.0
1766145854643314207,AAPL,TRADE,271.6,1,0.0,0.0
1766145854966681266,AAPL,TRADE,271.6,1,0.0,0.0
1766145855288085732,AAPL,TRADE,271.6,1,0.0,0.0
1766145855809276893,AAPL,TRADE,271.6,1,0.0,0.0
1766145855821179601,AAPL,TRADE,271.61,1,0.0,0.0
1766145855823352587,AAPL,QUOTE,0.0,0,271.56,271.88
1766145855826855065,AAPL,QUOTE,0.0,0,271.56,271.85
1766145860887212947,AAPL,TRADE,271.56,10,0.0,0.0
1766145860887324521,AAPL,QUOTE,0.0,0,271.45,271.85
1766145860955891449,AAPL,QUOTE,0.0,0,271.45,271.56
1766145860955946776,AAPL,TRADE,271.56,6,0.0,0.0
1766145860955998620,AAPL,TRADE,271.56,123,0.0,0.0
1766145860955998777,AAPL,QUOTE,0.0,0,271.45,271.85
1766145864659620167,AAPL,QUOTE,0.0,0,271.56,271.85
1766145868983460122,AAPL,QUOTE,0.0,0,271.45,271.85
1766145868983556048,AAPL,QUOTE,0.0,0,271.56,271.85
1766145877633660693,AAPL,QUOTE,0.0,0,271.56,271.85
1766145880731040859,AAPL,QUOTE,0.0,0,271.56,271.88
1766145880733665339,AAPL,QUOTE,0.0,0,271.56,271.77
1766145880741095332,AAPL,QUOTE,0.0,0,271.56,271.88
1766145880743508341,AAPL,QUOTE,0.0,0,271.56,271.85
1766145886906127983,AAPL,QUOTE,0.0,0,271.56,271.88
1766145886908863135,AAPL,QUOTE,0.0,0,271.56,271.76
1766145894717316457,AAPL,TRADE,271.64,20,0.0,0.0
1766145904340374850,AAPL,TRADE,271.61,3,0.0,0.0
1766145904340425497,AAPL,QUOTE,0.0,0,271.56,271.73
1766145904340679512,AAPL,QUOTE,0.0,0,271.56,271.76
1766145905897598225,AAPL,QUOTE,0.0,0,271.56,271.8
1766145909471340984,AAPL,QUOTE,0.0,0,271.56,271.76
1766145910568128524,AAPL,QUOTE,0.0,0,271.56,271.8
1766145910570920221,AAPL,QUOTE,0.0,0,271.56,271.77
1766145910582174409,AAPL,QUOTE,0.0,0,271.56,271.8
1766145916656230306,AAPL,QUOTE,0.0,0,271.6,271.8
1766145916971396761,AAPL,QUOTE,0.0,0,271.56,271.8
1766145916971397060,AAPL,TRADE,271.6,100,0.0,0.0
1766145916971420629,AAPL,QUOTE,0.0,0,271.56,271.67
1766145916971471172,AAPL,QUOTE,0.0,0,271.56,271.67
1766145916971575975,AAPL,QUOTE,0.0,0,271.56,271.8
1766145916971757276,AAPL,QUOTE,0.0,0,271.56,271.72
1766145916971821462,AAPL,QUOTE,0.0,0,271.56,271.72
1766145916971821527,AAPL,QUOTE,0.0,0,271.56,271.72
1766145916972681282,AAPL,QUOTE,0.0,0,271.56,271.8
1766145933761294399,AAPL,QUOTE,0.0,0,271.56,271.77
1766145936765061957,AAPL,QUOTE,0.0,0,271.56,271.8
1766145958564319586,AAPL,QUOTE,0.0,0,271.56,271.76
1766145963843935370,AAPL,TRADE,271.69,1,0.0,0.0
1766145963844506631,AAPL,TRADE,271.69,100,0.0,0.0
1766145963971499183,AAPL,TRADE,271.58,100,0.0,0.0
1766145963971501654,AAPL,TRADE,271.56,1,0.0,0.0
1766145963971501710,AAPL,TRADE,271.56,1,0.0,0.0
1766145963971501828,AAPL,TRADE,271.56,1,0.0,0.0
1766145963971597988,AAPL,QUOTE,0.0,0,271.56,271.76
1766145963971598575,AAPL,TRADE,271.56,152,0.0,0.0
1766145963971621629,AAPL,QUOTE,0.0,0,271.56,271.76
1766145963971622520,AAPL,TRADE,271.56,5,0.0,0.0
1766145963971651236,AAPL,TRADE,271.56,43,0.0,0.0
1766145963971652459,AAPL,TRADE,271.56,10,0.0,0.0
1766145963971675029,AAPL,QUOTE,0.0,0,271.56,271.65
1766145963971680135,AAPL,TRADE,271.56,90,0.0,0.0
1766145963971680444,AAPL,QUOTE,0.0,0,271.42,271.65
1766145963971684835,AAPL,QUOTE,0.0,0,271.42,271.65
1766145963971687299,AAPL,TRADE,271.56,34,0.0,0.0
1766145963971713547,AAPL,QUOTE,0.0,0,271.42,271.65
1766145963971738170,AAPL,QUOTE,0.0,0,271.42,271.65
1766145963971804347,AAPL,QUOTE,0.0,0,271.42,271.76
1766145963971998909,AAPL,QUOTE,0.0,0,271.42,271.72
1766145963972056396,AAPL,QUOTE,0.0,0,271.42,271.76
1766145963976611393,AAPL,QUOTE,0.0,0,271.42,271.8
1766145963982947486,AAPL,QUOTE,0.0,0,271.42,271.76
1766145972702215249,AAPL,QUOTE,0.0,0,271.42,271.8
1766145972704699691,AAPL,QUOTE,0.0,0,271.42,271.77
1766145978063119087,AAPL,QUOTE,0.0,0,271.42,271.8
1766145978066385256,AAPL,QUOTE,0.0,0,271.42,271.75
1766145980526982816,AAPL,QUOTE,0.0,0,271.42,271.8
1766145980529651765,AAPL,QUOTE,0.0,0,271.42,271.75
1766145980586114238,AAPL,QUOTE,0.0,0,271.42,271.8
1766145980588486114,AAPL,QUOTE,0.0,0,271.42,271.76
1766145985504052872,AAPL,TRADE,271.55,1,0.0,0.0
1766145985504831339,AAPL,TRADE,271.54,1,0.0,0.0
1766145985505196755,AAPL,TRADE,271.51,29,0.0,0.0
1766145985505218113,AAPL,QUOTE,0.0,0,271.42,271.6
1766145985505285042,AAPL,QUOTE,0.0,0,271.42,271.67
1766145985505306354,AAPL,QUOTE,0.0,0,271.42,271.76
1766145985505548108,AAPL,QUOTE,0.0,0,271.42,271.67
1766145985506201448,AAPL,TRADE,271.5,14,0.0,0.0
1766145985506265327,AAPL,TRADE,271.5,1,0.0,0.0
1766145985506313328,AAPL,QUOTE,0.0,0,271.42,271.76
1766145985506587678,AAPL,TRADE,271.5,1,0.0,0.0
1766145985506587721,AAPL,TRADE,271.5,10,0.0,0.0
1766145985506588885,AAPL,TRADE,271.5,3,0.0,0.0
1766145985506649079,AAPL,QUOTE,0.0,0,271.42,271.7
1766145985507076238,AAPL,QUOTE,0.0,0,271.42,271.76
1766145988508948694,AAPL,QUOTE,0.0,0,271.42,271.8
1766145988512404456,AAPL,QUOTE,0.0,0,271.42,271.74
1766145997324608040,AAPL,QUOTE,0.0,0,271.47,271.74
1766146007971786717,AAPL,TRADE,271.5,13,0.0,0.0
1766146009154193971,AAPL,TRADE,271.5,10,0.0,0.0
1766146010708864147,AAPL,TRADE,271.5,1,0.0,0.0
1766146010708865659,AAPL,TRADE,271.5,40,0.0,0.0
1766146010708866801,AAPL,TRADE,271.5,9,0.0,0.0
1766146010708886218,AAPL,QUOTE,0.0,0,271.47,271.58
1766146010708930536,AAPL,QUOTE,0.0,0,271.47,271.74
1766146011694208460,AAPL,TRADE,271.49,1,0.0,0.0
1766146011694209895,AAPL,TRADE,271.49,6,0.0,0.0
1766146011694229056,AAPL,QUOTE,0.0,0,271.47,271.63
1766146011694240051,AAPL,QUOTE,0.0,0,271.47,271.63
1766146011694243166,AAPL,QUOTE,0.0,0,271.47,271.63
1766146011694263104,AAPL,QUOTE,0.0,0,271.47,271.74
1766146011694942972,AAPL,TRADE,271.49,33,0.0,0.0
1766146013802110396,AAPL,QUOTE,0.0,0,271.47,271.8
1766146013804433461,AAPL,QUOTE,0.0,0,271.47,271.76
1766146021720736157,AAPL,QUOTE,0.0,0,271.47,271.8
1766146021723845951,AAPL,QUOTE,0.0,0,271.47,271.76
1766146026479146949,AAPL,TRADE,271.5,7,0.0,0.0
1766146029816393057,AAPL,TRADE,271.5,30,0.0,0.0
1766146029816725698,AAPL,QUOTE,0.0,0,271.5,271.76
1766146040634756462,AAPL,TRADE,271.5,37,0.0,0.0
1766146040634756585,AAPL,QUOTE,0.0,0,271.5,271.76
1766146040634759822,AAPL,TRADE,271.5,51,0.0,0.0
1766146040634852475,AAPL,TRADE,271.5,13,0.0,0.0
1766146040634867666,AAPL,TRADE,271.5,106,0.0,0.0
1766146040634869544,AAPL,QUOTE,0.0,0,271.47,271.76
1766146040644949884,AAPL,TRADE,271.48,1,0.0,0.0
1766146040644956084,AAPL,TRADE,271.48,1,0.0,0.0
1766146040644960560,AAPL,TRADE,271.47,20,0.0,0.0
1766146040644961377,AAPL,QUOTE,0.0,0,271.47,271.76
1766146043463732164,AAPL,TRADE,271.49,3,0.0,0.0
1766146043463791212,AAPL,QUOTE,0.0,0,271.47,271.7
1766146043464049548,AAPL,QUOTE,0.0,0,271.47,271.76
1766146049175395585,AAPL,TRADE,271.47,140,0.0,0.0
1766146049175397406,AAPL,QUOTE,0.0,0,271.39,271.76
1766146049175467894,AAPL,TRADE,271.47,13,0.0,0.0
1766146049175468553,AAPL,QUOTE,0.0,0,271.37,271.76
1766146049175565614,AAPL,TRADE,271.47,27,0.0,0.0
1766146059358167465,AAPL,TRADE,271.48,1,0.0,0.0
1766146060309239370,AAPL,TRADE,271.48,10,0.0,0.0
1766146063505161474,AAPL,TRADE,271.46,1,0.0,0.0
1766146063505162288,AAPL,QUOTE,0.0,0,271.28,271.76
1766146063505163011,AAPL,TRADE,271.42,50,0.0,0.0
1766146063505164441,AAPL,TRADE,271.42,10,0.0,0.0
1766146063505165904,AAPL,TRADE,271.4,1,0.0,0.0
1766146063505168409,AAPL,TRADE,271.4,1,0.0,0.0
1766146063505184070,AAPL,QUOTE,0.0,0,271.28,271.56
1766146063505194470,AAPL,QUOTE,0.0,0,271.28,271.56
1766146063505243430,AAPL,QUOTE,0.0,0,271.28,271.56
1766146063505262479,AAPL,QUOTE,0.0,0,271.28,271.56
1766146063505315688,AAPL,TRADE,271.45,25,0.0,0.0
1766146063505319563,AAPL,TRADE,271.4,10,0.0,0.0
1766146063505326220,AAPL,TRADE,271.4,6,0.0,0.0
1766146063505329992,AAPL,QUOTE,0.0,0,271.28,271.67
1766146063505330467,AAPL,TRADE,271.4,8,0.0,0.0
1766146063505342976,AAPL,QUOTE,0.0,0,271.28,271.76
1766146063505343366,AAPL,TRADE,271.43,1,0.0,0.0
1766146063505345873,AAPL,TRADE,271.4,5,0.0,0.0
1766146063505513353,AAPL,QUOTE,0.0,0,271.28,271.67
1766146063505614148,AAPL,TRADE,271.45,2,0.0,0.0
1766146063505619020,AAPL,TRADE,271.44,1,0.0,0.0
1766146063505619080,AAPL,TRADE,271.43,1,0.0,0.0
1766146063505619241,AAPL,TRADE,271.42,3,0.0,0.0
1766146063505620942,AAPL,TRADE,271.4,1,0.0,0.0
1766146063505627002,AAPL,TRADE,271.4,1,0.0,0.0
1766146063505627051,AAPL,TRADE,271.4,1,0.0,0.0
1766146063505628972,AAPL,TRADE,271.4,1,0.0,0.0
1766146063505629017,AAPL,TRADE,271.4,1,0.0,0.0
1766146063505715391,AAPL,QUOTE,0.0,0,271.28,271.69
1766146063505950625,AAPL,QUOTE,0.0,0,271.28,271.69
1766146063506007458,AAPL,QUOTE,0.0,0,271.28,271.76
1766146063506302956,AAPL,QUOTE,0.0,0,271.28,271.4
1766146063506368331,AAPL,TRADE,271.4,13,0.0,0.0
1766146063506385672,AAPL,TRADE,271.39,9,0.0,0.0
1766146063506726011,AAPL,TRADE,271.38,16,0.0,0.0
1766146063506733609,AAPL,TRADE,271.37,27,0.0,0.0
1766146063506735166,AAPL,TRADE,271.37,6,0.0,0.0
1766146063506755294,AAPL,TRADE,271.37,1,0.0,0.0
1766146063506755342,AAPL,TRADE,271.37,1,0.0,0.0
1766146063506758287,AAPL,TRADE,271.37,4,0.0,0.0
1766146063506771167,AAPL,TRADE,271.36,1,0.0,0.0
1766146063506773023,AAPL,TRADE,271.36,60,0.0,0.0
1766146063506773073,AAPL,TRADE,271.36,1,0.0,0.0
1766146063506773507,AAPL,QUOTE,0.0,0,271.24,271.4
1766146082094229908,AAPL,QUOTE,0.0,0,271.33,271.4
1766146107714121893,AAPL,TRADE,271.3,10,0.0,0.0
1766146107714174267,AAPL,TRADE,271.33,200,0.0,0.0
1766146107714175464,AAPL,QUOTE,0.0,0,271.24,271.4
1766146107714181895,AAPL,TRADE,271.33,1,0.0,0.0
1766146107714189957,AAPL,TRADE,271.3,1,0.0,0.0
1766146107714195636,AAPL,TRADE,271.3,2,0.0,0.0
1766146107714859860,AAPL,TRADE,271.3,1,0.0,0.0
1766146107714859907,AAPL,TRADE,271.3,1,0.0,0.0
1766146107721291701,AAPL,TRADE,271.28,22,0.0,0.0
1766146112102269182,AAPL,TRADE,271.28,28,0.0,0.0
1766146112102271802,AAPL,TRADE,271.28,4,0.0,0.0
1766146112102271855,AAPL,TRADE,271.26,2,0.0,0.0
1766146112102271924,AAPL,TRADE,271.26,14,0.0,0.0
1766146112102328008,AAPL,QUOTE,0.0,0,271.24,271.38
1766146112102668807,AAPL,QUOTE,0.0,0,271.24,271.4
1766146120240323070,AAPL,QUOTE,0.0,0,271.25,271.4
1766146131402477212,AAPL,TRADE,271.31,24,0.0,0.0
1766146138927329011,AAPL,QUOTE,0.0,0,271.25,271.39
1766146141930483476,AAPL,QUOTE,0.0,0,271.25,271.4
1766146142915599882,AAPL,QUOTE,0.0,0,271.25,271.38
1766146143299392095,AAPL,QUOTE,0.0,0,271.25,271.4
1766146146413860319,AAPL,TRADE,271.26,1,0.0,0.0
1766146159390287595,AAPL,TRADE,271.29,184,0.0,0.0
1766146159390301047,AAPL,TRADE,271.31,50,0.0,0.0
1766146159390827369,AAPL,TRADE,271.29,25,0.0,0.0
1766146159391820932,AAPL,TRADE,271.34,40,0.0,0.0
1766146159391823874,AAPL,TRADE,271.34,40,0.0,0.0
1766146159391828229,AAPL,TRADE,271.37,36,0.0,0.0
1766146161473051780,AAPL,TRADE,271.3,10,0.0,0.0
1766146161473175417,AAPL,TRADE,271.33,10,0.0,0.0
1766146170201889475,AAPL,TRADE,271.3,10,0.0,0.0
1766146171323272152,AAPL,TRADE,271.3,10,0.0,0.0
1766146171323276650,AAPL,TRADE,271.27,1,0.0,0.0
1766146175991821820,AAPL,QUOTE,0.0,0,271.25,271.7
1766146199351208250,AAPL,TRADE,271.3,2,0.0,0.0
1766146199351268388,AAPL,QUOTE,0.0,0,271.25,271.63
1766146199351553851,AAPL,QUOTE,0.0,0,271.25,271.7
1766146204872559912,AAPL,TRADE,271.3,10,0.0,0.0
1766146210786093154,AAPL,TRADE,271.3,5,0.0,0.0
1766146212448023447,AAPL,TRADE,271.4,1,0.0,0.0
1766146214882283548,AAPL,QUOTE,0.0,0,271.25,271.69
1766146214888619235,AAPL,QUOTE,0.0,0,271.25,271.68
1766146217524244735,AAPL,TRADE,271.3,5,0.0,0.0
1766146222733337673,AAPL,TRADE,271.3,5,0.0,0.0
1766146222733361254,AAPL,QUOTE,0.0,0,271.25,271.45
1766146222733371890,AAPL,QUOTE,0.0,0,271.25,271.45
1766146222733373111,AAPL,QUOTE,0.0,0,271.25,271.45
1766146222733390655,AAPL,QUOTE,0.0,0,271.25,271.68
1766146222733470473,AAPL,TRADE,271.25,10,0.0,0.0
1766146222733472915,AAPL,TRADE,271.27,3,0.0,0.0
1766146222733473632,AAPL,TRADE,271.25,3,0.0,0.0
1766146222733480618,AAPL,TRADE,271.25,1,0.0,0.0
1766146224170739513,AAPL,QUOTE,0.0,0,271.3,271.68
1766146244036369640,AAPL,QUOTE,0.0,0,271.3,271.68
1766146249429695405,AAPL,TRADE,271.38,2,0.0,0.0
1766146249429715858,AAPL,QUOTE,0.0,0,271.3,271.46
1766146249429726719,AAPL,QUOTE,0.0,0,271.3,271.46
1766146249429761330,AAPL,QUOTE,0.0,0,271.3,271.46
1766146249429774623,AAPL,QUOTE,0.0,0,271.3,271.68
1766146249429991292,AAPL,TRADE,271.3,3,0.0,0.0
1766146249430029108,AAPL,QUOTE,0.0,0,271.3,271.68
1766146259262253562,AAPL,QUOTE,0.0,0,271.3,271.68
1766146260473518230,AAPL,QUOTE,0.0,0,271.38,271.68
1766146262135080068,AAPL,TRADE,271.4,212,0.0,0.0
1766146265862083097,AAPL,TRADE,271.4,25,0.0,0.0
1766146273578358462,AAPL,TRADE,271.4,163,0.0,0.0
1766146273578360714,AAPL,QUOTE,0.0,0,271.38,271.68
1766146273578360720,AAPL,TRADE,271.39,2,0.0,0.0
1766146273578360823,AAPL,TRADE,271.38,5,0.0,0.0
1766146273578360866,AAPL,TRADE,271.38,42,0.0,0.0
1766146273599807552,AAPL,TRADE,271.38,165,0.0,0.0
1766146273599807663,AAPL,QUOTE,0.0,0,271.3,271.68
1766146273599861791,AAPL,QUOTE,0.0,0,271.3,271.62
1766146273599890107,AAPL,QUOTE,0.0,0,271.3,271.62
1766146273600188619,AAPL,QUOTE,0.0,0,271.3,271.68
1766146275313192986,AAPL,TRADE,271.33,3,0.0,0.0
1766146275313398639,AAPL,TRADE,271.33,37,0.0,0.0
1766146277431681833,AAPL,QUOTE,0.0,0,271.4,271.68
1766146277431741399,AAPL,QUOTE,0.0,0,271.4,271.68
1766146277431741718,AAPL,TRADE,271.4,21,0.0,0.0
1766146277437181546,AAPL,TRADE,271.4,179,0.0,0.0
1766146277437181924,AAPL,QUOTE,0.0,0,271.3,271.68
1766146281003324652,AAPL,TRADE,271.33,3,0.0,0.0
1766146281003570261,AAPL,TRADE,271.33,22,0.0,0.0
1766146289175907489,AAPL,TRADE,271.33,2,0.0,0.0
1766146318222011955,AAPL,TRADE,271.35,31,0.0,0.0
1766146333221689603,AAPL,QUOTE,0.0,0,271.31,271.68
1766146335215533929,AAPL,TRADE,271.4,1,0.0,0.0
1766146340353934401,AAPL,TRADE,271.4,1,0.0,0.0
1766146341618178883,AAPL,TRADE,271.4,9,0.0,0.0
1766146342343812442,AAPL,QUOTE,0.0,0,271.31,271.66
1766146352554622876,AAPL,TRADE,271.4,5,0.0,0.0
1766146354806325793,AAPL,QUOTE,0.0,0,271.4,271.66
1766146389920960449,AAPL,TRADE,271.42,1,0.0,0.0
1766146399810517682,AAPL,TRADE,271.41,1,0.0,0.0
1766146404972863938,AAPL,TRADE,271.41,1,0.0,0.0
1766146410106306125,AAPL,TRADE,271.42,4,0.0,0.0
1766146410106368781,AAPL,QUOTE,0.0,0,271.4,271.62
1766146410106740978,AAPL,QUOTE,0.0,0,271.4,271.66
1766146416419603714,AAPL,TRADE,271.41,10,0.0,0.0
1766146416420045639,AAPL,TRADE,271.41,10,0.0,0.0
1766146416420481815,AAPL,TRADE,271.41,10,0.0,0.0
1766146416957569038,AAPL,TRADE,271.42,10,0.0,0.0
1766146416957575268,AAPL,TRADE,271.42,1,0.0,0.0
1766146416957589816,AAPL,QUOTE,0.0,0,271.4,271.47
1766146416957602145,AAPL,QUOTE,0.0,0,271.4,271.47
1766146416957620501,AAPL,TRADE,271.42,1,0.0,0.0
1766146416957638921,AAPL,QUOTE,0.0,0,271.4,271.47
1766146416957657794,AAPL,QUOTE,0.0,0,271.4,271.66
1766146416957680087,AAPL,TRADE,271.42,1,0.0,0.0
1766146416958272351,AAPL,TRADE,271.41,1,0.0,0.0
1766146416958314579,AAPL,TRADE,271.4,1,0.0,0.0
1766146417704926393,AAPL,TRADE,271.41,12,0.0,0.0
1766146417749440419,AAPL,TRADE,271.41,5,0.0,0.0
1766146423506515699,AAPL,TRADE,271.41,7,0.0,0.0
1766146423506517290,AAPL,TRADE,271.41,8,0.0,0.0
1766146423591411590,AAPL,QUOTE,0.0,0,271.4,271.68
1766146423591896259,AAPL,TRADE,271.41,13,0.0,0.0
1766146423592369403,AAPL,TRADE,271.4,1,0.0,0.0
1766146423592372363,AAPL,TRADE,271.4,1,0.0,0.0
1766146423592372421,AAPL,TRADE,271.4,2,0.0,0.0
1766146423592372605,AAPL,TRADE,271.4,3,0.0,0.0
1766146423592408736,AAPL,QUOTE,0.0,0,271.31,271.68
1766146423592408859,AAPL,TRADE,271.41,35,0.0,0.0
1766146423592410413,AAPL,TRADE,271.4,65,0.0,0.0
1766146423592418991,AAPL,TRADE,271.4,10,0.0,0.0
1766146423593108908,AAPL,TRADE,271.4,25,0.0,0.0
1766146423593128871,AAPL,QUOTE,0.0,0,271.31,271.47
1766146423593140979,AAPL,QUOTE,0.0,0,271.31,271.68
1766146423593141997,AAPL,QUOTE,0.0,0,271.31,271.47
1766146423593160502,AAPL,QUOTE,0.0,0,271.31,271.68
1766146438223401466,AAPL,TRADE,271.4,3,0.0,0.0
1766146447670547783,AAPL,TRADE,271.37,40,0.0,0.0
1766146447670551630,AAPL,TRADE,271.37,30,0.0,0.0
1766146447670556495,AAPL,TRADE,271.36,23,0.0,0.0
1766146447670922604,AAPL,TRADE,271.38,2,0.0,0.0
1766146447670922651,AAPL,TRADE,271.38,24,0.0,0.0
1766146451064876234,AAPL,TRADE,271.4,25,0.0,0.0
1766146451064952210,AAPL,TRADE,271.4,25,0.0,0.0
1766146451065295592,AAPL,TRADE,271.4,25,0.0,0.0
1766146451066030851,AAPL,TRADE,271.41,1,0.0,0.0
1766146452400044495,AAPL,TRADE,271.37,2,0.0,0.0
1766146452400139151,AAPL,TRADE,271.38,28,0.0,0.0
1766146456708638017,AAPL,TRADE,271.4,1,0.0,0.0
1766146462223849985,AAPL,TRADE,271.4,17,0.0,0.0
1766146462723492285,AAPL,TRADE,271.39,1,0.0,0.0
1766146462723538942,AAPL,TRADE,271.4,35,0.0,0.0
1766146462723565490,AAPL,QUOTE,0.0,0,271.31,271.47
1766146462723576793,AAPL,QUOTE,0.0,0,271.31,271.47
1766146462723593227,AAPL,QUOTE,0.0,0,271.31,271.47
1766146462723601541,AAPL,QUOTE,0.0,0,271.31,271.68
1766146474865491645,AAPL,QUOTE,0.0,0,271.35,271.68
1766146476261550204,AAPL,TRADE,271.39,2,0.0,0.0
1766146476261561458,AAPL,TRADE,271.39,2,0.0,0.0
1766146476338161590,AAPL,TRADE,271.39,1,0.0,0.0
1766146476338601821,AAPL,TRADE,271.39,2,0.0,0.0
1766146476338620012,AAPL,TRADE,271.39,2,0.0,0.0
1766146476552957629,AAPL,QUOTE,0.0,0,271.35,271.66
1766146476874646661,AAPL,TRADE,271.39,2,0.0,0.0
1766146476874770902,AAPL,TRADE,271.39,2,0.0,0.0
1766146476886362449,AAPL,TRADE,271.39,2,0.0,0.0
1766146476886487311,AAPL,TRADE,271.39,2,0.0,0.0
1766146477013292428,AAPL,TRADE,271.39,2,0.0,0.0
1766146477276120318,AAPL,TRADE,271.4,2,0.0,0.0
1766146477276456861,AAPL,TRADE,271.4,2,0.0,0.0
1766146477276558223,AAPL,TRADE,271.4,25,0.0,0.0
1766146478785668907,AAPL,TRADE,271.46,100,0.0,0.0
1766146478785670074,AAPL,TRADE,271.46,40,0.0,0.0
1766146478785671413,AAPL,TRADE,271.46,30,0.0,0.0
1766146478785672692,AAPL,TRADE,271.47,4,0.0,0.0
1766146478785809661,AAPL,TRADE,271.45,40,0.0,0.0
1766146478785812395,AAPL,TRADE,271.46,26,0.0,0.0
1766146479488556456,AAPL,TRADE,271.43,40,0.0,0.0
1766146487473474839,AAPL,TRADE,271.41,1,0.0,0.0
1766146492607911012,AAPL,TRADE,271.4,1,0.0,0.0
1766146500393367777,AAPL,QUOTE,0.0,0,271.35,271.68
1766146501437653138,AAPL,QUOTE,0.0,0,271.35,271.65
1766146506416227938,AAPL,TRADE,271.48,100,0.0,0.0
1766146506416229327,AAPL,TRADE,271.49,4,0.0,0.0
1766146506416229562,AAPL,QUOTE,0.0,0,271.35,271.68
1766146506416370265,AAPL,TRADE,271.47,16,0.0,0.0
1766146506454038527,AAPL,TRADE,271.48,81,0.0,0.0
1766146506454186582,AAPL,TRADE,271.48,39,0.0,0.0
1766146510369717275,AAPL,TRADE,271.42,15,0.0,0.0
1766146511142461183,AAPL,TRADE,271.49,1,0.0,0.0
1766146514395945589,AAPL,QUOTE,0.0,0,271.35,271.65
1766146524545609091,AAPL,TRADE,271.49,2,0.0,0.0
1766146524545627492,AAPL,QUOTE,0.0,0,271.38,271.65
1766146524545639479,AAPL,QUOTE,0.0,0,271.38,271.65
1766146524545640508,AAPL,QUOTE,0.0,0,271.38,271.65
1766146524545653886,AAPL,TRADE,271.48,12,0.0,0.0
1766146524545662453,AAPL,TRADE,271.49,2,0.0,0.0
1766146524545687325,AAPL,QUOTE,0.0,0,271.35,271.65
1766146524546228940,AAPL,TRADE,271.49,9,0.0,0.0
1766146524723435898,AAPL,TRADE,271.43,22,0.0,0.0
1766146524723475403,AAPL,QUOTE,0.0,0,271.35,271.63
1766146524904208957,AAPL,QUOTE,0.0,0,271.35,271.65
1766146525502003797,AAPL,QUOTE,0.0,0,271.35,271.63
1766146525503701257,AAPL,QUOTE,0.0,0,271.35,271.65
1766146528308469948,AAPL,QUOTE,0.0,0,271.35,271.63
1766146529827276175,AAPL,QUOTE,0.0,0,271.35,271.62
1766146530108664922,AAPL,QUOTE,0.0,0,271.35,271.63
1766146533601535185,AAPL,QUOTE,0.0,0,271.35,271.65
1766146533601730952,AAPL,QUOTE,0.0,0,271.35,271.63
1766146533601849239,AAPL,TRADE,271.45,1,0.0,0.0
1766146533601922252,AAPL,TRADE,271.45,4,0.0,0.0
1766146533604118723,AAPL,QUOTE,0.0,0,271.35,271.65
1766146540002031067,AAPL,QUOTE,0.0,0,271.35,271.69
1766146542760396241,AAPL,QUOTE,0.0,0,271.35,271.68
1766146542879700029,AAPL,QUOTE,0.0,0,271.35,271.69
1766146542882956204,AAPL,QUOTE,0.0,0,271.35,271.69
1766146545151306910,AAPL,QUOTE,0.0,0,271.35,271.66
1766146546015236644,AAPL,TRADE,271.48,20,0.0,0.0
1766146560245733696,AAPL,TRADE,271.45,2,0.0,0.0
1766146560629225669,AAPL,TRADE,271.45,1,0.0,0.0
1766146569817209471,AAPL,TRADE,271.45,2,0.0,0.0
1766146569817211822,AAPL,TRADE,271.45,5,0.0,0.0
1766146569817225417,AAPL,TRADE,271.45,73,0.0,0.0
1766146569817552802,AAPL,TRADE,271.48,19,0.0,0.0
1766146569817574468,AAPL,TRADE,271.48,1,0.0,0.0
1766146572764797831,AAPL,TRADE,271.38,28,0.0,0.0
1766146572764900844,AAPL,TRADE,271.45,2,0.0,0.0
1766146572764948446,AAPL,QUOTE,0.0,0,271.35,271.59
1766146572765202135,AAPL,QUOTE,0.0,0,271.35,271.66
1766146579188739224,AAPL,TRADE,271.45,5,0.0,0.0
1766146588456853604,AAPL,TRADE,271.45,3,0.0,0.0
1766146592272783987,AAPL,TRADE,271.38,100,0.0,0.0
1766146592272786585,AAPL,TRADE,271.36,40,0.0,0.0
1766146592272786637,AAPL,TRADE,271.35,40,0.0,0.0
1766146592272786809,AAPL,TRADE,271.35,37,0.0,0.0
1766146596001923260,AAPL,QUOTE,0.0,0,271.35,271.69
1766146597568223357,AAPL,TRADE,271.44,1,0.0,0.0
1766146598889658767,AAPL,TRADE,271.43,12,0.0,0.0
1766146598889719678,AAPL,QUOTE,0.0,0,271.35,271.59
1766146598890018761,AAPL,QUOTE,0.0,0,271.35,271.69
1766146601003191827,AAPL,QUOTE,0.0,0,271.35,271.61
1766146614526022825,AAPL,TRADE,271.35,40,0.0,0.0
1766146614526205214,AAPL,TRADE,271.35,177,0.0,0.0
1766146614526206970,AAPL,QUOTE,0.0,0,271.31,271.61
1766146617617076950,AAPL,TRADE,271.35,5,0.0,0.0
1766146617617304720,AAPL,TRADE,271.35,23,0.0,0.0
1766146617617337283,AAPL,TRADE,271.35,2,0.0,0.0
1766146621488940797,AAPL,TRADE,271.37,25,0.0,0.0
1766146629593292098,AAPL,QUOTE,0.0,0,271.31,271.6
1766146630843768839,AAPL,QUOTE,0.0,0,271.31,271.61
1766146631001745976,AAPL,QUOTE,0.0,0,271.31,271.69
1766146631201789387,AAPL,QUOTE,0.0,0,271.31,271.69
1766146636986053852,AAPL,QUOTE,0.0,0,271.31,271.56
1766146642094781596,AAPL,TRADE,271.35,1,0.0,0.0
1766146645528906919,AAPL,TRADE,271.42,40,0.0,0.0
1766146647220058821,AAPL,TRADE,271.4,19,0.0,0.0
1766146647227841295,AAPL,QUOTE,0.0,0,271.31,271.55
1766146647804228048,AAPL,TRADE,271.4,6,0.0,0.0
1766146647808925227,AAPL,QUOTE,0.0,0,271.31,271.56
1766146649871177499,AAPL,QUOTE,0.0,0,271.31,271.55
1766146651805972171,AAPL,TRADE,271.42,100,0.0,0.0
1766146651806002603,AAPL,TRADE,271.42,40,0.0,0.0
1766146652555279551,AAPL,TRADE,271.4,25,0.0,0.0
1766146652555301121,AAPL,QUOTE,0.0,0,271.31,271.48
1766146652555311088,AAPL,QUOTE,0.0,0,271.31,271.48
1766146652555344435,AAPL,QUOTE,0.0,0,271.31,271.48
1766146652555363709,AAPL,QUOTE,0.0,0,271.31,271.54
1766146652555676043,AAPL,TRADE,271.35,1,0.0,0.0
1766146652555715150,AAPL,TRADE,271.35,19,0.0,0.0
1766146670333739826,AAPL,QUOTE,0.0,0,271.31,271.5
1766146687774341133,AAPL,TRADE,271.41,1,0.0,0.0
1766146688133169329,AAPL,TRADE,271.36,33,0.0,0.0
1766146690813426494,AAPL,TRADE,271.35,1,0.0,0.0
1766146690813426543,AAPL,TRADE,271.35,25,0.0,0.0
1766146690813427705,AAPL,TRADE,271.35,1,0.0,0.0
1766146690819693319,AAPL,QUOTE,0.0,0,271.31,271.49
1766146691737896084,AAPL,TRADE,271.35,1,0.0,0.0
1766146691737924930,AAPL,TRADE,271.35,13,0.0,0.0
1766146691738170925,AAPL,TRADE,271.35,3,0.0,0.0
1766146691738577381,AAPL,TRADE,271.35,22,0.0,0.0
1766146691738608284,AAPL,QUOTE,0.0,0,271.31,271.39
1766146691738621046,AAPL,TRADE,271.35,7,0.0,0.0
1766146691738645729,AAPL,QUOTE,0.0,0,271.31,271.49
1766146693196047168,AAPL,TRADE,271.34,100,0.0,0.0
1766146693833127120,AAPL,QUOTE,0.0,0,271.31,271.5
1766146696956598130,AAPL,TRADE,271.33,2,0.0,0.0
1766146696956613546,AAPL,TRADE,271.33,1,0.0,0.0
1766146696956926439,AAPL,TRADE,271.33,14,0.0,0.0
1766146696957012503,AAPL,TRADE,271.33,2,0.0,0.0
1766146697003915417,AAPL,TRADE,271.33,9,0.0,0.0
1766146711814867721,AAPL,TRADE,271.35,3,0.0,0.0
1766146711814957499,AAPL,TRADE,271.35,30,0.0,0.0
1766146711814960844,AAPL,TRADE,271.35,100,0.0,0.0
1766146711814974603,AAPL,TRADE,271.35,36,0.0,0.0
1766146711814990639,AAPL,TRADE,271.35,67,0.0,0.0
1766146711814993658,AAPL,TRADE,271.32,50,0.0,0.0
1766146711815064118,AAPL,TRADE,271.35,40,0.0,0.0
1766146711815087463,AAPL,TRADE,271.35,40,0.0,0.0
1766146711815103161,AAPL,TRADE,271.35,1,0.0,0.0
1766146711815331283,AAPL,TRADE,271.35,6,0.0,0.0
1766146711815400975,AAPL,TRADE,271.35,40,0.0,0.0
1766146711815415427,AAPL,TRADE,271.35,40,0.0,0.0
1766146713065759428,AAPL,TRADE,271.31,44,0.0,0.0
1766146713065763362,AAPL,QUOTE,0.0,0,271.3,271.5
1766146713065855684,AAPL,TRADE,271.33,4,0.0,0.0
1766146713065856851,AAPL,TRADE,271.33,2,0.0,0.0
1766146713065905909,AAPL,QUOTE,0.0,0,271.3,271.45
1766146713066177080,AAPL,QUOTE,0.0,0,271.3,271.5
1766146713684049774,AAPL,QUOTE,0.0,0,271.3,271.35
1766146713684079141,AAPL,TRADE,271.31,3,0.0,0.0
1766146713684098781,AAPL,QUOTE,0.0,0,271.3,271.34
1766146713684150398,AAPL,QUOTE,0.0,0,271.3,271.35
1766146713684428874,AAPL,TRADE,271.31,4,0.0,0.0
1766146713684460583,AAPL,TRADE,271.31,12,0.0,0.0
1766146713684803473,AAPL,TRADE,271.3,6,0.0,0.0
1766146716462884656,AAPL,TRADE,271.3,10,0.0,0.0
1766146716462885916,AAPL,TRADE,271.3,1,0.0,0.0
1766146716462928035,AAPL,QUOTE,0.0,0,271.3,271.34
1766146716462970810,AAPL,QUOTE,0.0,0,271.3,271.35
1766146716463241100,AAPL,TRADE,271.31,7,0.0,0.0
1766146716463254114,AAPL,TRADE,271.31,18,0.0,0.0
1766146716463261323,AAPL,TRADE,271.31,15,0.0,0.0
1766146716463268935,AAPL,TRADE,271.31,1,0.0,0.0
1766146716852302490,AAPL,TRADE,271.32,40,0.0,0.0
1766146719123366625,AAPL,QUOTE,0.0,0,271.3,271.35
1766146721934311982,AAPL,TRADE,271.32,98,0.0,0.0
1766146726003610203,AAPL,TRADE,271.3,30,0.0,0.0
1766146726003612735,AAPL,QUOTE,0.0,0,271.3,271.35
1766146727088988714,AAPL,TRADE,271.31,40,0.0,0.0
1766146729549773388,AAPL,TRADE,271.31,1,0.0,0.0
1766146729827998553,AAPL,TRADE,271.33,15,0.0,0.0
1766146729828526400,AAPL,TRADE,271.33,5,0.0,0.0
1766146740215067924,AAPL,TRADE,271.33,1,0.0,0.0
1766146746729509274,AAPL,TRADE,271.31,113,0.0,0.0
1766146746729510493,AAPL,TRADE,271.3,9,0.0,0.0
1766146746729687719,AAPL,TRADE,271.3,65,0.0,0.0
1766146746729758739,AAPL,QUOTE,0.0,0,271.25,271.35
1766146746729758999,AAPL,TRADE,271.3,102,0.0,0.0
1766146746729763094,AAPL,TRADE,271.3,1,0.0,0.0
1766146746729774275,AAPL,TRADE,271.3,10,0.0,0.0
1766146778474379811,AAPL,TRADE,271.3,1,0.0,0.0
1766146781662516027,AAPL,TRADE,271.3,1,0.0,0.0
1766146781662516625,AAPL,QUOTE,0.0,0,271.25,271.35
1766146781662517377,AAPL,TRADE,271.33,14,0.0,0.0
1766146781662518728,AAPL,TRADE,271.33,5,0.0,0.0
1766146781662520144,AAPL,TRADE,271.33,30,0.0,0.0
1766146781662524021,AAPL,TRADE,271.34,15,0.0,0.0
1766146781662524069,AAPL,TRADE,271.34,20,0.0,0.0
1766146781662526496,AAPL,TRADE,271.34,33,0.0,0.0
1766146781662538526,AAPL,QUOTE,0.0,0,271.27,271.35
1766146781662549893,AAPL,QUOTE,0.0,0,271.27,271.35
1766146781662560148,AAPL,QUOTE,0.0,0,271.27,271.35
1766146781662588935,AAPL,QUOTE,0.0,0,271.27,271.35
1766146781662590147,AAPL,QUOTE,0.0,0,271.27,271.35
1766146781662599924,AAPL,QUOTE,0.0,0,271.27,271.35
1766146781662605917,AAPL,TRADE,271.34,2,0.0,0.0
1766146781662607524,AAPL,TRADE,271.34,5,0.0,0.0
1766146781662609287,AAPL,QUOTE,0.0,0,271.27,271.35
1766146781662610005,AAPL,TRADE,271.34,23,0.0,0.0
1766146781662628881,AAPL,QUOTE,0.0,0,271.25,271.35
1766146781662922938,AAPL,TRADE,271.33,2,0.0,0.0
1766146789014919807,AAPL,QUOTE,0.0,0,271.25,271.47
1766146789014920136,AAPL,TRADE,271.34,40,0.0,0.0
1766146789014921204,AAPL,QUOTE,0.0,0,271.36,271.47
1766146789014921462,AAPL,TRADE,271.35,198,0.0,0.0
1766146789014922964,AAPL,TRADE,271.35,1,0.0,0.0
1766146789014924221,AAPL,TRADE,271.35,20,0.0,0.0
1766146789014927044,AAPL,TRADE,271.35,25,0.0,0.0
1766146789015598384,AAPL,QUOTE,0.0,0,271.36,271.48
1766146789084692012,AAPL,QUOTE,0.0,0,271.36,271.5
1766146800912406959,AAPL,TRADE,271.4,10,0.0,0.0
1766146800912412342,AAPL,TRADE,271.4,2,0.0,0.0
1766146807353821296,AAPL,QUOTE,0.0,0,271.36,271.5
1766146812280524787,AAPL,TRADE,271.42,4,0.0,0.0
1766146812280898963,AAPL,TRADE,271.42,1,0.0,0.0
1766146824397365265,AAPL,TRADE,271.42,80,0.0,0.0
1766146826770613513,AAPL,TRADE,271.42,1,0.0,0.0
1766146841041702697,AAPL,TRADE,271.42,30,0.0,0.0
1766146849726690962,AAPL,TRADE,271.41,1,0.0,0.0
1766146853471270586,AAPL,QUOTE,0.0,0,271.36,271.5
1766146857958785837,AAPL,TRADE,271.42,100,0.0,0.0
1766146859096775088,AAPL,TRADE,271.4,50,0.0,0.0
1766146859096776506,AAPL,TRADE,271.37,20,0.0,0.0
1766146861593857329,AAPL,TRADE,271.42,1,0.0,0.0
1766146865764258896,AAPL,QUOTE,0.0,0,271.41,271.5
1766146865764315116,AAPL,TRADE,271.41,7,0.0,0.0
1766146865764315396,AAPL,QUOTE,0.0,0,271.36,271.5
1766146865764336170,AAPL,TRADE,271.41,93,0.0,0.0
1766146879335508996,AAPL,QUOTE,0.0,0,271.36,271.48
1766146879335573986,AAPL,TRADE,271.41,8,0.0,0.0
1766146879335626853,AAPL,TRADE,271.41,2,0.0,0.0
1766146880150382945,AAPL,QUOTE,0.0,0,271.36,271.5
1766146892413633560,AAPL,QUOTE,0.0,0,271.37,271.5
1766146892420278543,AAPL,QUOTE,0.0,0,271.37,271.48
1766146892780125612,AAPL,TRADE,271.37,35,0.0,0.0
1766146892780613048,AAPL,TRADE,271.38,100,0.0,0.0
1766146894091083345,AAPL,QUOTE,0.0,0,271.37,271.5
1766146895187816195,AAPL,QUOTE,0.0,0,271.37,271.54
1766146895279436916,AAPL,QUOTE,0.0,0,271.37,271.5
1766146902846927412,AAPL,QUOTE,0.0,0,271.37,271.54
1766146905852426673,AAPL,QUOTE,0.0,0,271.37,271.55
1766146905855429096,AAPL,QUOTE,0.0,0,271.37,271.49
1766146908858151001,AAPL,QUOTE,0.0,0,271.37,271.55
1766146908859307015,AAPL,QUOTE,0.0,0,271.37,271.55
1766146908860594548,AAPL,QUOTE,0.0,0,271.37,271.54
1766146909161473272,AAPL,QUOTE,0.0,0,271.37,271.55
1766146909164082918,AAPL,QUOTE,0.0,0,271.37,271.48
1766146909808287449,AAPL,QUOTE,0.0,0,271.38,271.48
1766146909978208409,AAPL,TRADE,271.41,10,0.0,0.0
1766146909982094249,AAPL,TRADE,271.42,9,0.0,0.0
1766146909989498036,AAPL,TRADE,271.43,1,0.0,0.0
1766146910050852922,AAPL,QUOTE,0.0,0,271.38,271.55
1766146910053599724,AAPL,QUOTE,0.0,0,271.38,271.54
1766146915771015055,AAPL,TRADE,271.41,25,0.0,0.0
1766146925130709055,AAPL,TRADE,271.39,10,0.0,0.0
1766146925130710204,AAPL,TRADE,271.39,100,0.0,0.0
1766146925130711403,AAPL,TRADE,271.39,21,0.0,0.0
1766146938788862044,AAPL,QUOTE,0.0,0,271.37,271.54
1766146938788862422,AAPL,TRADE,271.38,100,0.0,0.0
1766146938788882754,AAPL,QUOTE,0.0,0,271.37,271.42
1766146938788924528,AAPL,QUOTE,0.0,0,271.37,271.44
1766146938788937546,AAPL,QUOTE,0.0,0,271.37,271.44
1766146938788947123,AAPL,QUOTE,0.0,0,271.37,271.54
1766146938789282224,AAPL,TRADE,271.37,1,0.0,0.0
1766146938789307865,AAPL,QUOTE,0.0,0,271.37,271.44
1766146938789620388,AAPL,TRADE,271.4,100,0.0,0.0
1766146938789653879,AAPL,TRADE,271.4,22,0.0,0.0
1766146938789653947,AAPL,TRADE,271.38,64,0.0,0.0
1766146938789695306,AAPL,TRADE,271.38,17,0.0,0.0
1766146938789696588,AAPL,TRADE,271.37,83,0.0,0.0
1766146938789696700,AAPL,QUOTE,0.0,0,271.25,271.44
1766146938789786444,AAPL,TRADE,271.37,17,0.0,0.0
1766146938789981900,AAPL,QUOTE,0.0,0,271.25,271.54
1766146938790736331,AAPL,TRADE,271.36,15,0.0,0.0
1766146938790742668,AAPL,TRADE,271.36,5,0.0,0.0
1766146938790755480,AAPL,QUOTE,0.0,0,271.25,271.44
1766146938790764521,AAPL,QUOTE,0.0,0,271.25,271.54
1766146938790766846,AAPL,QUOTE,0.0,0,271.25,271.44
1766146938790782606,AAPL,QUOTE,0.0,0,271.25,271.54
1766146938791259252,AAPL,QUOTE,0.0,0,271.25,271.36
1766146939523003097,AAPL,TRADE,271.33,7,0.0,0.0
1766146939523437025,AAPL,TRADE,271.33,2,0.0,0.0
1766146959051707406,AAPL,TRADE,271.36,4,0.0,0.0
1766146959051716472,AAPL,TRADE,271.36,41,0.0,0.0
1766146959051718147,AAPL,TRADE,271.36,30,0.0,0.0
1766146959051721014,AAPL,TRADE,271.36,35,0.0,0.0
1766146959051740535,AAPL,QUOTE,0.0,0,271.33,271.36
1766146959051754584,AAPL,TRADE,271.36,100,0.0,0.0
1766146959051757085,AAPL,QUOTE,0.0,0,271.33,271.36
1766146959051761235,AAPL,QUOTE,0.0,0,271.25,271.36
1766146959051855032,AAPL,TRADE,271.36,13,0.0,0.0
1766146959051855085,AAPL,TRADE,271.36,30,0.0,0.0
1766146959051855334,AAPL,TRADE,271.36,100,0.0,0.0
1766146959051861930,AAPL,QUOTE,0.0,0,271.25,271.36
1766146959051998408,AAPL,TRADE,271.37,100,0.0,0.0
1766146959051999945,AAPL,TRADE,271.37,10,0.0,0.0
1766146959052033590,AAPL,TRADE,271.36,100,0.0,0.0
1766146959052033701,AAPL,TRADE,271.36,40,0.0,0.0
1766146959052040290,AAPL,QUOTE,0.0,0,271.25,271.36
1766146959052040338,AAPL,QUOTE,0.0,0,271.25,271.47
1766146959126697876,AAPL,QUOTE,0.0,0,271.25,271.55
1766146959129320367,AAPL,QUOTE,0.0,0,271.25,271.48
1766146960279778400,AAPL,TRADE,271.37,1,0.0,0.0
1766146962444465985,AAPL,QUOTE,0.0,0,271.25,271.55
1766146962447319685,AAPL,QUOTE,0.0,0,271.25,271.49
1766146965450106002,AAPL,QUOTE,0.0,0,271.25,271.55
1766146965452982032,AAPL,QUOTE,0.0,0,271.25,271.54
1766146975535003949,AAPL,TRADE,271.38,5,0.0,0.0
1766146979209938244,AAPL,TRADE,271.38,1,0.0,0.0
1766146979335826302,AAPL,QUOTE,0.0,0,271.25,271.55
1766146979338441556,AAPL,QUOTE,0.0,0,271.25,271.49
1766146979475394811,AAPL,QUOTE,0.0,0,271.25,271.55
1766146979478351170,AAPL,QUOTE,0.0,0,271.25,271.54
1766146980667997170,AAPL,QUOTE,0.0,0,271.25,271.55
1766146980671396516,AAPL,QUOTE,0.0,0,271.25,271.55
1766146983674235396,AAPL,QUOTE,0.0,0,271.25,271.55
1766146984305620257,AAPL,TRADE,271.37,1,0.0,0.0
1766146984305993421,AAPL,TRADE,271.37,1,0.0,0.0
1766146989803984928,AAPL,TRADE,271.37,1,0.0,0.0
1766146989872114941,AAPL,TRADE,271.38,5,0.0,0.0
1766146993680077690,AAPL,QUOTE,0.0,0,271.25,271.54
1766146995764655568,AAPL,QUOTE,0.0,0,271.25,271.5
1766146995764679374,AAPL,QUOTE,0.0,0,271.25,271.54
1766146995764679891,AAPL,TRADE,271.37,29,0.0,0.0
1766146995764710161,AAPL,TRADE,271.37,1,0.0,0.0
1766146998331992684,AAPL,TRADE,271.41,1,0.0,0.0
1766147005960774208,AAPL,TRADE,271.37,10,0.0,0.0
1766147009444253489,AAPL,TRADE,271.38,5,0.0,0.0
1766147009459248323,AAPL,QUOTE,0.0,0,271.25,271.55
1766147009463146285,AAPL,QUOTE,0.0,0,271.25,271.55
1766147012465695696,AAPL,QUOTE,0.0,0,271.25,271.55
1766147020156192273,AAPL,TRADE,271.37,1,0.0,0.0
1766147029650605991,AAPL,QUOTE,0.0,0,271.25,271.55
1766147029659922300,AAPL,QUOTE,0.0,0,271.25,271.55
1766147030338508396,AAPL,TRADE,271.36,2,0.0,0.0
1766147031709987542,AAPL,TRADE,271.37,1,0.0,0.0
1766147032466119571,AAPL,TRADE,271.38,5,0.0,0.0
1766147036225867570,AAPL,TRADE,271.37,5,0.0,0.0
1766147041606651782,AAPL,TRADE,271.37,5,0.0,0.0
1766147042844532828,AAPL,QUOTE,0.0,0,271.4,271.55
1766147043457433039,AAPL,QUOTE,0.0,0,271.25,271.55
1766147043457433830,AAPL,TRADE,271.4,100,0.0,0.0
1766147043457455081,AAPL,QUOTE,0.0,0,271.25,271.43
1766147043457474578,AAPL,QUOTE,0.0,0,271.25,271.44
1766147043457482467,AAPL,QUOTE,0.0,0,271.25,271.44
1766147043457490891,AAPL,QUOTE,0.0,0,271.25,271.55
1766147048499043406,AAPL,TRADE,271.4,1,0.0,0.0
1766147051740517369,AAPL,TRADE,271.37,5,0.0,0.0
1766147054067854911,AAPL,QUOTE,0.0,0,271.25,271.55
1766147057071079671,AAPL,QUOTE,0.0,0,271.25,271.55
1766147059801011811,AAPL,TRADE,271.38,3,0.0,0.0
1766147060711409822,AAPL,TRADE,271.4,30,0.0,0.0
1766147060711411142,AAPL,TRADE,271.41,70,0.0,0.0
1766147067077628881,AAPL,QUOTE,0.0,0,271.25,271.54
1766147086446828502,AAPL,QUOTE,0.0,0,271.25,271.5
1766147090661440600,AAPL,TRADE,271.37,7,0.0,0.0
1766147090661469710,AAPL,QUOTE,0.0,0,271.25,271.55
1766147090661470185,AAPL,TRADE,271.37,27,0.0,0.0
1766147090661501546,AAPL,QUOTE,0.0,0,271.33,271.55
1766147090661519898,AAPL,QUOTE,0.0,0,271.25,271.55
1766147090661552164,AAPL,TRADE,271.37,5,0.0,0.0
1766147093026804394,AAPL,QUOTE,0.0,0,271.25,271.55
1766147101759770730,AAPL,TRADE,271.4,1,0.0,0.0
1766147103038031703,AAPL,QUOTE,0.0,0,271.25,271.54
1766147105583824065,AAPL,QUOTE,0.0,0,271.25,271.55
1766147105586737177,AAPL,QUOTE,0.0,0,271.25,271.54
1766147105598249886,AAPL,QUOTE,0.0,0,271.25,271.55
1766147105602202648,AAPL,QUOTE,0.0,0,271.25,271.55
1766147107213150311,AAPL,TRADE,271.32,28,0.0,0.0
1766147107213171109,AAPL,QUOTE,0.0,0,271.25,271.39
1766147107213183584,AAPL,QUOTE,0.0,0,271.25,271.39
1766147107213193147,AAPL,QUOTE,0.0,0,271.25,271.39
1766147107213230968,AAPL,QUOTE,0.0,0,271.25,271.5
1766147107213531446,AAPL,TRADE,271.33,3,0.0,0.0
1766147114026171233,AAPL,QUOTE,0.0,0,271.25,271.55
1766147114026203301,AAPL,TRADE,271.37,1,0.0,0.0
1766147115303929672,AAPL,QUOTE,0.0,0,271.25,271.5
1766147124181247983,AAPL,TRADE,271.32,2,0.0,0.0
1766147124181248042,AAPL,TRADE,271.32,1,0.0,0.0
1766147132959723468,AAPL,TRADE,271.33,30,0.0,0.0
1766147132959742586,AAPL,QUOTE,0.0,0,271.25,271.38
1766147132959753845,AAPL,QUOTE,0.0,0,271.25,271.38
1766147132959789751,AAPL,QUOTE,0.0,0,271.25,271.38
1766147132959796734,AAPL,QUOTE,0.0,0,271.25,271.41
1766147138618891713,AAPL,QUOTE,0.0,0,271.25,271.54
1766147159065234841,AAPL,TRADE,271.39,1,0.0,0.0
1766147170833622752,AAPL,TRADE,271.4,1,0.0,0.0
1766147186960153610,AAPL,TRADE,271.32,1,0.0,0.0
1766147197652443340,AAPL,TRADE,271.38,9,0.0,0.0
1766147206460200603,AAPL,TRADE,271.31,5,0.0,0.0
1766147206460222357,AAPL,QUOTE,0.0,0,271.25,271.37
1766147206460234703,AAPL,QUOTE,0.0,0,271.25,271.37
1766147206460273646,AAPL,QUOTE,0.0,0,271.25,271.37
1766147206460276467,AAPL,QUOTE,0.0,0,271.25,271.54
1766147212664863839,AAPL,QUOTE,0.0,0,271.25,271.54
1766147212698198703,AAPL,TRADE,271.31,40,0.0,0.0
1766147212698200953,AAPL,TRADE,271.3,10,0.0,0.0
1766147215637359804,AAPL,TRADE,271.37,10,0.0,0.0
1766147220962422880,AAPL,TRADE,271.31,1,0.0,0.0
1766147220962479679,AAPL,TRADE,271.31,10,0.0,0.0
1766147220962504193,AAPL,TRADE,271.31,5,0.0,0.0
1766147227032331305,AAPL,QUOTE,0.0,0,271.25,271.55
1766147227033498197,AAPL,QUOTE,0.0,0,271.25,271.32
1766147227033521802,AAPL,TRADE,271.32,19,0.0,0.0
1766147227033523088,AAPL,QUOTE,0.0,0,271.25,271.4
1766147227033523139,AAPL,QUOTE,0.0,0,271.25,271.55
1766147227033523337,AAPL,TRADE,271.32,81,0.0,0.0
1766147227033782224,AAPL,TRADE,271.31,40,0.0,0.0
1766147231349398422,AAPL,TRADE,271.38,22,0.0,0.0
1766147257612220594,AAPL,TRADE,271.38,4,0.0,0.0
1766147257612222418,AAPL,TRADE,271.39,40,0.0,0.0
1766147257612223654,AAPL,TRADE,271.39,25,0.0,0.0
1766147257612242222,AAPL,QUOTE,0.0,0,271.33,271.55
1766147257612256473,AAPL,QUOTE,0.0,0,271.33,271.55
1766147257612263096,AAPL,QUOTE,0.0,0,271.33,271.55
1766147257612304885,AAPL,QUOTE,0.0,0,271.25,271.55
1766147257612374895,AAPL,TRADE,271.39,33,0.0,0.0
1766147257612677723,AAPL,TRADE,271.37,18,0.0,0.0
1766147270534799226,AAPL,TRADE,271.38,1,0.0,0.0
1766147275961085899,AAPL,TRADE,271.33,1,0.0,0.0
1766147275961138826,AAPL,TRADE,271.33,10,0.0,0.0
1766147275961147248,AAPL,TRADE,271.34,5,0.0,0.0
1766147277665022710,AAPL,TRADE,271.4,64,0.0,0.0
1766147277665024208,AAPL,TRADE,271.42,2,0.0,0.0
1766147277665043647,AAPL,QUOTE,0.0,0,271.35,271.55
1766147277665064897,AAPL,QUOTE,0.0,0,271.32,271.55
1766147277665083307,AAPL,QUOTE,0.0,0,271.32,271.55
1766147277665100493,AAPL,QUOTE,0.0,0,271.25,271.55
1766147277665165669,AAPL,TRADE,271.4,2,0.0,0.0
1766147277665170317,AAPL,TRADE,271.41,1,0.0,0.0
1766147277665183194,AAPL,TRADE,271.42,40,0.0,0.0
1766147277665407466,AAPL,QUOTE,0.0,0,271.32,271.55
1766147277665446795,AAPL,TRADE,271.38,52,0.0,0.0
1766147277665449952,AAPL,TRADE,271.43,40,0.0,0.0
1766147277665449996,AAPL,TRADE,271.43,39,0.0,0.0
1766147277666309527,AAPL,QUOTE,0.0,0,271.25,271.55
1766147282100627362,AAPL,TRADE,271.4,1,0.0,0.0
1766147282102043629,AAPL,TRADE,271.38,4,0.0,0.0
1766147287004620059,AAPL,TRADE,271.37,20,0.0,0.0
1766147293694312495,AAPL,TRADE,271.45,10,0.0,0.0
1766147293694316274,AAPL,TRADE,271.45,10,0.0,0.0
1766147299646592033,AAPL,TRADE,271.39,5,0.0,0.0
1766147306328690031,AAPL,TRADE,271.39,5,0.0,0.0
1766147306329073510,AAPL,TRADE,271.39,10,0.0,0.0
1766147316969633368,AAPL,TRADE,271.39,5,0.0,0.0
1766147316970011958,AAPL,TRADE,271.39,10,0.0,0.0
1766147320030623591,AAPL,QUOTE,0.0,0,271.25,271.54
1766147321459920143,AAPL,TRADE,271.39,4,0.0,0.0
1766147321462327593,AAPL,QUOTE,0.0,0,271.25,271.55
1766147322029055732,AAPL,TRADE,271.39,1,0.0,0.0
1766147325113585232,AAPL,TRADE,271.42,22,0.0,0.0
1766147327633383756,AAPL,TRADE,271.37,5,0.0,0.0
1766147327633404606,AAPL,QUOTE,0.0,0,271.25,271.47
1766147327633414876,AAPL,QUOTE,0.0,0,271.25,271.47
1766147327633453912,AAPL,QUOTE,0.0,0,271.25,271.47
1766147327633458308,AAPL,QUOTE,0.0,0,271.25,271.55
1766147327633764583,AAPL,TRADE,271.37,10,0.0,0.0
1766147338285753537,AAPL,TRADE,271.385,2,0.0,0.0
1766147343806677567,AAPL,TRADE,271.37,1,0.0,0.0
1766147343806686501,AAPL,TRADE,271.37,1,0.0,0.0
1766147345101303725,AAPL,TRADE,271.39,4,0.0,0.0
1766147348529202891,AAPL,QUOTE,0.0,0,271.25,271.55
1766147348539184809,AAPL,TRADE,271.38,2,0.0,0.0
1766147348539392504,AAPL,TRADE,271.36,9,0.0,0.0
1766147348606375425,AAPL,QUOTE,0.0,0,271.25,271.55
1766147350759360376,AAPL,TRADE,271.4,50,0.0,0.0
1766147358208587038,AAPL,TRADE,271.37,16,0.0,0.0
1766147361503138470,AAPL,TRADE,271.37,1,0.0,0.0
1766147365043580992,AAPL,TRADE,271.37,4,0.0,0.0
1766147365043601422,AAPL,QUOTE,0.0,0,271.32,271.55
1766147365043612033,AAPL,QUOTE,0.0,0,271.32,271.55
1766147365043619270,AAPL,QUOTE,0.0,0,271.32,271.55
1766147365043636467,AAPL,QUOTE,0.0,0,271.25,271.55
1766147365043689704,AAPL,TRADE,271.4,5,0.0,0.0
1766147365043737904,AAPL,TRADE,271.44,11,0.0,0.0
1766147366486685748,AAPL,TRADE,271.39,1,0.0,0.0
1766147371607254761,AAPL,TRADE,271.39,1,0.0,0.0
1766147376700297126,AAPL,TRADE,271.39,1,0.0,0.0
1766147378107513262,AAPL,QUOTE,0.0,0,271.25,271.55
1766147381110288222,AAPL,QUOTE,0.0,0,271.25,271.55
1766147381800421149,AAPL,TRADE,271.38,44,0.0,0.0
1766147383136621163,AAPL,TRADE,271.39,25,0.0,0.0
1766147391654984141,AAPL,TRADE,271.39,5,0.0,0.0
1766147393865071755,AAPL,QUOTE,0.0,0,271.25,271.55
1766147396621281958,AAPL,TRADE,271.37,1,0.0,0.0
1766147396621283428,AAPL,TRADE,271.37,1,0.0,0.0
1766147396623831011,AAPL,QUOTE,0.0,0,271.25,271.55
1766147406629599025,AAPL,QUOTE,0.0,0,271.25,271.55
1766147406961247091,AAPL,TRADE,271.39,1,0.0,0.0
1766147407512230606,AAPL,QUOTE,0.0,0,271.25,271.55
1766147408279802345,AAPL,TRADE,271.37,1,0.0,0.0
1766147408279803904,AAPL,TRADE,271.36,40,0.0,0.0
1766147408279804959,AAPL,TRADE,271.35,2,0.0,0.0
1766147412061014518,AAPL,TRADE,271.37,1,0.0,0.0
1766147414304683370,AAPL,TRADE,271.39,2,0.0,0.0
1766147414304911153,AAPL,TRADE,271.39,6,0.0,0.0
1766147414305241390,AAPL,TRADE,271.39,6,0.0,0.0
1766147417176719220,AAPL,TRADE,271.37,2,0.0,0.0
1766147419133039949,AAPL,TRADE,271.37,5,0.0,0.0
1766147442540794965,AAPL,TRADE,271.37,5,0.0,0.0
1766147448335971774,AAPL,TRADE,271.38,5,0.0,0.0
1766147453291813420,AAPL,QUOTE,0.0,0,271.34,271.55
1766147453291950958,AAPL,TRADE,271.4,10,0.0,0.0
1766147459529603472,AAPL,QUOTE,0.0,0,271.34,271.4
1766147462753952826,AAPL,QUOTE,0.0,0,271.36,271.4
1766147465214102353,AAPL,TRADE,271.38,1,0.0,0.0
1766147470312531885,AAPL,TRADE,271.37,1,0.0,0.0
1766147474196570097,AAPL,QUOTE,0.0,0,271.36,271.4
1766147475432184557,AAPL,TRADE,271.38,2,0.0,0.0
1766147475689200263,AAPL,TRADE,271.38,13,0.0,0.0
1766147475689229468,AAPL,TRADE,271.38,12,0.0,0.0
1766147479276122122,AAPL,TRADE,271.37,2,0.0,0.0
1766147479872400136,AAPL,TRADE,271.37,13,0.0,0.0
1766147480038276620,AAPL,TRADE,271.37,12,0.0,0.0
1766147480189913413,AAPL,QUOTE,0.0,0,271.35,271.4
1766147480189913840,AAPL,TRADE,271.36,1,0.0,0.0
1766147480189915006,AAPL,TRADE,271.36,6,0.0,0.0
1766147480189952325,AAPL,QUOTE,0.0,0,271.34,271.4
1766147480189953030,AAPL,TRADE,271.36,94,0.0,0.0
1766147480189974178,AAPL,QUOTE,0.0,0,271.34,271.39
1766147480189992586,AAPL,QUOTE,0.0,0,271.34,271.4
1766147480190262614,AAPL,TRADE,271.35,1,0.0,0.0
1766147480190266538,AAPL,TRADE,271.35,5,0.0,0.0
1766147480190320670,AAPL,TRADE,271.35,9,0.0,0.0
1766147480190623989,AAPL,TRADE,271.35,1,0.0,0.0
1766147480190625368,AAPL,TRADE,271.35,5,0.0,0.0
1766147480191152672,AAPL,TRADE,271.35,11,0.0,0.0
1766147480191171643,AAPL,QUOTE,0.0,0,271.34,271.38
1766147480191184328,AAPL,QUOTE,0.0,0,271.34,271.4
1766147480435718318,AAPL,TRADE,271.36,100,0.0,0.0
1766147480957558972,AAPL,TRADE,271.34,70,0.0,0.0
1766147480957560600,AAPL,QUOTE,0.0,0,271.25,271.4
1766147480957580840,AAPL,TRADE,271.34,55,0.0,0.0
1766147481185760908,AAPL,QUOTE,0.0,0,271.25,271.4
1766147485129326709,AAPL,QUOTE,0.0,0,271.25,271.33
1766147485129350156,AAPL,TRADE,271.33,2,0.0,0.0
1766147501963805920,AAPL,TRADE,271.3,1,0.0,0.0
1766147501963807174,AAPL,TRADE,271.3,2,0.0,0.0
1766147501963831607,AAPL,TRADE,271.3,1,0.0,0.0
1766147501963834844,AAPL,TRADE,271.3,1,0.0,0.0
1766147501963908997,AAPL,TRADE,271.3,4,0.0,0.0
1766147501963936319,AAPL,TRADE,271.3,9,0.0,0.0
1766147504380312203,AAPL,TRADE,271.29,100,0.0,0.0
1766147509314160391,AAPL,TRADE,271.3,30,0.0,0.0
1766147509314180779,AAPL,TRADE,271.3,20,0.0,0.0
1766147510488483599,AAPL,TRADE,271.29,1,0.0,0.0
1766147515002319066,AAPL,QUOTE,0.0,0,271.25,271.4
1766147515622714218,AAPL,TRADE,271.27,1,0.0,0.0
1766147517758498202,AAPL,QUOTE,0.0,0,271.25,271.38
1766147524069416736,AAPL,TRADE,271.3,1,0.0,0.0
1766147525394349962,AAPL,TRADE,271.27,1,0.0,0.0
1766147530500955542,AAPL,TRADE,271.26,1,0.0,0.0
1766147532857881020,AAPL,TRADE,271.25,140,0.0,0.0
1766147532857886878,AAPL,QUOTE,0.0,0,271.25,271.38
1766147532858221840,AAPL,TRADE,271.25,1,0.0,0.0
1766147532858223180,AAPL,TRADE,271.25,1,0.0,0.0
1766147532858464834,AAPL,TRADE,271.25,2,0.0,0.0
1766147532858473810,AAPL,TRADE,271.25,2,0.0,0.0
1766147532858479783,AAPL,TRADE,271.25,2,0.0,0.0
1766147532858755234,AAPL,TRADE,271.25,2,0.0,0.0
1766147543976895590,AAPL,TRADE,271.27,65,0.0,0.0
1766147543976930530,AAPL,TRADE,271.27,40,0.0,0.0
1766147543976943138,AAPL,TRADE,271.27,16,0.0,0.0
1766147543976958292,AAPL,TRADE,271.25,58,0.0,0.0
1766147543977052164,AAPL,TRADE,271.27,25,0.0,0.0
1766147543977082120,AAPL,QUOTE,0.0,0,271.2,271.38
1766147543977082347,AAPL,TRADE,271.25,1,0.0,0.0
1766147543977082395,AAPL,TRADE,271.25,100,0.0,0.0
1766147543977275697,AAPL,TRADE,271.27,1,0.0,0.0
1766147543977311473,AAPL,TRADE,271.27,40,0.0,0.0
1766147547001806127,AAPL,QUOTE,0.0,0,271.2,271.4
1766147551808172017,AAPL,QUOTE,0.0,0,271.2,271.35
1766147556006431141,AAPL,TRADE,271.27,5,0.0,0.0
1766147566880840715,AAPL,TRADE,271.29,40,0.0,0.0
1766147569180631211,AAPL,TRADE,271.27,1,0.0,0.0
1766147576211855563,AAPL,TRADE,271.29,10,0.0,0.0
1766147580191053699,AAPL,TRADE,271.31,3,0.0,0.0
1766147580191079401,AAPL,TRADE,271.3,2,0.0,0.0
1766147580191081704,AAPL,TRADE,271.31,2,0.0,0.0
1766147580191083985,AAPL,TRADE,271.31,2,0.0,0.0
1766147580191101750,AAPL,QUOTE,0.0,0,271.27,271.35
1766147580191117102,AAPL,QUOTE,0.0,0,271.2,271.35
1766147580191123725,AAPL,QUOTE,0.0,0,271.27,271.35
1766147580191141124,AAPL,QUOTE,0.0,0,271.2,271.35
1766147580191164435,AAPL,TRADE,271.3,1,0.0,0.0
1766147581002103278,AAPL,QUOTE,0.0,0,271.2,271.47
1766147581002136555,AAPL,TRADE,271.32,5,0.0,0.0
1766147581002156139,AAPL,QUOTE,0.0,0,271.27,271.47
1766147581002165364,AAPL,TRADE,271.32,10,0.0,0.0
1766147581002166332,AAPL,TRADE,271.32,3,0.0,0.0
1766147581002169012,AAPL,QUOTE,0.0,0,271.27,271.47
1766147581002193325,AAPL,QUOTE,0.0,0,271.27,271.47
1766147581002200928,AAPL,TRADE,271.33,15,0.0,0.0
1766147581002201688,AAPL,QUOTE,0.0,0,271.2,271.47
1766147581002202256,AAPL,TRADE,271.33,10,0.0,0.0
1766147581002221826,AAPL,QUOTE,0.0,0,271.29,271.47
1766147581002233657,AAPL,QUOTE,0.0,0,271.29,271.47
1766147581002262921,AAPL,TRADE,271.34,20,0.0,0.0
1766147581002264074,AAPL,TRADE,271.34,20,0.0,0.0
1766147581002313516,AAPL,TRADE,271.34,30,0.0,0.0
1766147581002323396,AAPL,TRADE,271.34,40,0.0,0.0
1766147581002367019,AAPL,QUOTE,0.0,0,271.29,271.47
1766147581002407661,AAPL,QUOTE,0.0,0,271.25,271.47
1766147581004859765,AAPL,QUOTE,0.0,0,271.25,271.55
1766147581008638154,AAPL,QUOTE,0.0,0,271.25,271.49
1766147581076512658,AAPL,QUOTE,0.0,0,271.25,271.55
1766147581079133585,AAPL,QUOTE,0.0,0,271.25,271.55
1766147583312833041,AAPL,TRADE,271.35,25,0.0,0.0
1766147584081845691,AAPL,QUOTE,0.0,0,271.25,271.55
1766147584533352032,AAPL,TRADE,271.33,19,0.0,0.0
1766147587857475860,AAPL,QUOTE,0.0,0,271.25,271.4
1766147592687707889,AAPL,TRADE,271.29,1,0.0,0.0
1766147592687735379,AAPL,QUOTE,0.0,0,271.2,271.4
1766147614293213880,AAPL,QUOTE,0.0,0,271.2,271.31
1766147614293940284,AAPL,TRADE,271.3,2,0.0,0.0
1766147614293981049,AAPL,TRADE,271.3,25,0.0,0.0
1766147614293989582,AAPL,TRADE,271.3,30,0.0,0.0
1766147614294027208,AAPL,TRADE,271.3,25,0.0,0.0
1766147615919778941,AAPL,TRADE,271.29,5,0.0,0.0
1766147619990249477,AAPL,TRADE,271.28,2,0.0,0.0
1766147619990597557,AAPL,TRADE,271.28,3,0.0,0.0
1766147622145457772,AAPL,TRADE,271.29,10,0.0,0.0
1766147649670170118,AAPL,TRADE,271.3,1,0.0,0.0
1766147649970339218,AAPL,TRADE,271.27,10,0.0,0.0
1766147649970341108,AAPL,TRADE,271.27,1,0.0,0.0
1766147659050796228,AAPL,TRADE,271.27,66,0.0,0.0
1766147659050839941,AAPL,TRADE,271.27,15,0.0,0.0
1766147659051177040,AAPL,TRADE,271.27,3,0.0,0.0
1766147672229201303,AAPL,TRADE,271.29,1,0.0,0.0
1766147672234659547,AAPL,TRADE,271.3,4,0.0,0.0
1766147675689665193,AAPL,TRADE,271.27,1,0.0,0.0
1766147676920466329,AAPL,TRADE,271.27,66,0.0,0.0
1766147676920517245,AAPL,TRADE,271.27,15,0.0,0.0
1766147676920854660,AAPL,TRADE,271.27,4,0.0,0.0
1766147680303501174,AAPL,TRADE,271.29,5,0.0,0.0
1766147680307718724,AAPL,TRADE,271.3,10,0.0,0.0
1766147688757949201,AAPL,TRADE,271.27,2,0.0,0.0
1766147688851141090,AAPL,TRADE,271.26,30,0.0,0.0
1766147688851143073,AAPL,TRADE,271.26,11,0.0,0.0
1766147688851199733,AAPL,TRADE,271.27,14,0.0,0.0
1766147688851207350,AAPL,TRADE,271.26,15,0.0,0.0
1766147697001629157,AAPL,QUOTE,0.0,0,271.2,271.4
1766147699780411967,AAPL,TRADE,271.29,1,0.0,0.0
1766147699780760098,AAPL,TRADE,271.29,4,0.0,0.0
1766147699780782219,AAPL,QUOTE,0.0,0,271.26,271.4
1766147699780821473,AAPL,QUOTE,0.0,0,271.2,271.4
1766147700304712773,AAPL,TRADE,271.3,6,0.0,0.0
1766147700304714176,AAPL,TRADE,271.3,2,0.0,0.0
1766147700304756682,AAPL,QUOTE,0.0,0,271.26,271.4
1766147700304778099,AAPL,QUOTE,0.0,0,271.2,271.4
1766147700304785057,AAPL,QUOTE,0.0,0,271.25,271.4
1766147702237342745,AAPL,TRADE,271.29,21,0.0,0.0
1766147704034963932,AAPL,QUOTE,0.0,0,271.2,271.4
1766147713180901929,AAPL,TRADE,271.28,6,0.0,0.0
1766147716701079864,AAPL,QUOTE,0.0,0,271.25,271.4
1766147716701079914,AAPL,TRADE,271.3,5,0.0,0.0
1766147716701301323,AAPL,TRADE,271.31,3,0.0,0.0
1766147716962157869,AAPL,QUOTE,0.0,0,271.2,271.4
1766147716962158449,AAPL,TRADE,271.3,85,0.0,0.0
1766147722444031871,AAPL,TRADE,271.27,22,0.0,0.0
1766147722943551139,AAPL,QUOTE,0.0,0,271.29,271.4
1766147722943615442,AAPL,TRADE,271.29,13,0.0,0.0
1766147722943615774,AAPL,QUOTE,0.0,0,271.25,271.4
1766147722976427423,AAPL,TRADE,271.29,87,0.0,0.0
1766147722976428329,AAPL,QUOTE,0.0,0,271.2,271.4
1766147729414586568,AAPL,TRADE,271.25,49,0.0,0.0
1766147729414587757,AAPL,TRADE,271.25,6,0.0,0.0
1766147729414589313,AAPL,TRADE,271.25,6,0.0,0.0
1766147729414590703,AAPL,TRADE,271.25,5,0.0,0.0
1766147729414615949,AAPL,QUOTE,0.0,0,271.2,271.29
1766147729414640014,AAPL,QUOTE,0.0,0,271.2,271.4
1766147729414642649,AAPL,QUOTE,0.0,0,271.2,271.29
1766147729414665626,AAPL,QUOTE,0.0,0,271.2,271.4
1766147729414691435,AAPL,TRADE,271.27,22,0.0,0.0
1766147729414728689,AAPL,TRADE,271.27,39,0.0,0.0
1766147729414837588,AAPL,TRADE,271.25,2,0.0,0.0
1766147729414842095,AAPL,TRADE,271.25,1,0.0,0.0
1766147729414845513,AAPL,TRADE,271.25,5,0.0,0.0
1766147729414850017,AAPL,TRADE,271.25,1,0.0,0.0
1766147729414854908,AAPL,TRADE,271.25,10,0.0,0.0
1766147729414859647,AAPL,TRADE,271.25,1,0.0,0.0
1766147729414863452,AAPL,TRADE,271.22,1,0.0,0.0
1766147729414870614,AAPL,TRADE,271.22,1,0.0,0.0
1766147729414976867,AAPL,TRADE,271.25,1,0.0,0.0
1766147729414979489,AAPL,TRADE,271.25,2,0.0,0.0
1766147729414979553,AAPL,TRADE,271.25,1,0.0,0.0
1766147729414979680,AAPL,TRADE,271.24,1,0.0,0.0
1766147729419787228,AAPL,TRADE,271.21,21,0.0,0.0
1766147729420093499,AAPL,TRADE,271.22,1,0.0,0.0
1766147732026223287,AAPL,QUOTE,0.0,0,271.2,271.34
1766147732175504426,AAPL,TRADE,271.21,9,0.0,0.0
1766147732175529529,AAPL,TRADE,271.2,1,0.0,0.0
1766147732175532550,AAPL,TRADE,271.2,131,0.0,0.0
1766147732175535548,AAPL,QUOTE,0.0,0,271.2,271.34
1766147732175576238,AAPL,TRADE,271.21,9,0.0,0.0
1766147732175577552,AAPL,TRADE,271.2,91,0.0,0.0
1766147732175631876,AAPL,TRADE,271.2,13,0.0,0.0
1766147732175635459,AAPL,TRADE,271.2,9,0.0,0.0
1766147732175636912,AAPL,TRADE,271.2,1,0.0,0.0
1766147732175669919,AAPL,TRADE,271.2,13,0.0,0.0
1766147732175719739,AAPL,TRADE,271.2,2,0.0,0.0
1766147732175783767,AAPL,TRADE,271.2,1,0.0,0.0
1766147732175907170,AAPL,TRADE,271.21,18,0.0,0.0
1766147732175909645,AAPL,TRADE,271.2,1,0.0,0.0
1766147732175909913,AAPL,TRADE,271.2,100,0.0,0.0
1766147732175910107,AAPL,TRADE,271.2,1,0.0,0.0
1766147732175914091,AAPL,TRADE,271.2,78,0.0,0.0
1766147732175943481,AAPL,TRADE,271.2,10,0.0,0.0
1766147732175946901,AAPL,TRADE,271.2,1,0.0,0.0
1766147732175988256,AAPL,TRADE,271.2,4,0.0,0.0
1766147732175989389,AAPL,TRADE,271.2,1,0.0,0.0
1766147732175989442,AAPL,TRADE,271.2,1,0.0,0.0
1766147732175989630,AAPL,TRADE,271.2,5,0.0,0.0
1766147732175995193,AAPL,TRADE,271.2,7,0.0,0.0
1766147732176028600,AAPL,TRADE,271.2,7,0.0,0.0
1766147732176056622,AAPL,TRADE,271.2,7,0.0,0.0
1766147733659211816,AAPL,QUOTE,0.0,0,271.2,271.33
1766147733952302965,AAPL,QUOTE,0.0,0,271.2,271.34
1766147740378762904,AAPL,TRADE,271.22,30,0.0,0.0
1766147741489636869,AAPL,TRADE,271.23,3,0.0,0.0
1766147745129601593,AAPL,TRADE,271.25,40,0.0,0.0
1766147745129601639,AAPL,TRADE,271.26,40,0.0,0.0
1766147745129604058,AAPL,TRADE,271.26,100,0.0,0.0
1766147745129604106,AAPL,TRADE,271.26,40,0.0,0.0
1766147745129609458,AAPL,TRADE,271.27,40,0.0,0.0
1766147745129609527,AAPL,TRADE,271.28,60,0.0,0.0
1766147750678623996,AAPL,TRADE,271.23,35,0.0,0.0
1766147754072940809,AAPL,TRADE,271.22,27,0.0,0.0
1766147757038138647,AAPL,TRADE,271.27,3,0.0,0.0
1766147762002128752,AAPL,QUOTE,0.0,0,271.2,271.4
1766147762003575406,AAPL,TRADE,271.27,1,0.0,0.0
1766147762211750886,AAPL,TRADE,271.26,14,0.0,0.0
1766147762211791243,AAPL,TRADE,271.27,4,0.0,0.0
1766147762211816831,AAPL,TRADE,271.27,30,0.0,0.0
1766147762211819626,AAPL,TRADE,271.26,100,0.0,0.0
1766147762211824378,AAPL,TRADE,271.26,37,0.0,0.0
1766147762212145407,AAPL,TRADE,271.27,1,0.0,0.0
1766147763745184180,AAPL,TRADE,271.27,9,0.0,0.0
1766147763745222473,AAPL,TRADE,271.27,8,0.0,0.0
1766147763745244084,AAPL,QUOTE,0.0,0,271.22,271.4
1766147763745255405,AAPL,QUOTE,0.0,0,271.22,271.4
1766147763745256767,AAPL,QUOTE,0.0,0,271.22,271.4
1766147763745324963,AAPL,QUOTE,0.0,0,271.2,271.4
1766147771263301991,AAPL,TRADE,271.27,2,0.0,0.0
1766147771604958907,AAPL,TRADE,271.27,2,0.0,0.0
1766147781002028233,AAPL,TRADE,271.27,4,0.0,0.0
1766147783050753793,AAPL,TRADE,271.25,40,0.0,0.0
1766147789753358058,AAPL,TRADE,271.25,10,0.0,0.0
1766147803567880662,AAPL,TRADE,271.25,39,0.0,0.0
1766147803568268517,AAPL,TRADE,271.25,1,0.0,0.0
1766147804674432889,AAPL,TRADE,271.27,10,0.0,0.0
1766147806202159984,AAPL,TRADE,271.27,1,0.0,0.0
1766147811215417945,AAPL,TRADE,271.27,1,0.0,0.0
1766147825585290359,AAPL,QUOTE,0.0,0,271.2,271.4
1766147825714116278,AAPL,TRADE,271.24,40,0.0,0.0
1766147825714119078,AAPL,TRADE,271.23,20,0.0,0.0
1766147829432478696,AAPL,TRADE,271.25,3,0.0,0.0
1766147829432560213,AAPL,TRADE,271.25,2,0.0,0.0
1766147841226342726,AAPL,TRADE,271.23,94,0.0,0.0
1766147841226345506,AAPL,TRADE,271.22,4,0.0,0.0
1766147842520083991,AAPL,TRADE,271.21,40,0.0,0.0
1766147842520085531,AAPL,QUOTE,0.0,0,271.2,271.4
1766147851720437420,AAPL,QUOTE,0.0,0,271.2,271.39
1766147853576686989,AAPL,TRADE,271.23,1,0.0,0.0
1766147867821621360,AAPL,TRADE,271.23,20,0.0,0.0
1766147879988237212,AAPL,TRADE,271.21,2,0.0,0.0
1766147879988581383,AAPL,TRADE,271.23,30,0.0,0.0
1766147879991706054,AAPL,TRADE,271.21,18,0.0,0.0
1766147879991712887,AAPL,TRADE,271.2,4,0.0,0.0
1766147882465849976,AAPL,TRADE,271.2,12,0.0,0.0
1766147882465851286,AAPL,TRADE,271.2,2,0.0,0.0
1766147882465893503,AAPL,QUOTE,0.0,0,271.2,271.24
1766147882465893891,AAPL,TRADE,271.2,19,0.0,0.0
1766147882465896929,AAPL,TRADE,271.2,100,0.0,0.0
1766147882465897940,AAPL,QUOTE,0.0,0,271.19,271.24
1766147882465902379,AAPL,TRADE,271.2,5,0.0,0.0
1766147882465908891,AAPL,TRADE,271.2,1,0.0,0.0
1766147882465913649,AAPL,TRADE,271.2,1,0.0,0.0
1766147882465918423,AAPL,TRADE,271.2,1,0.0,0.0
1766147882465923291,AAPL,TRADE,271.2,1,0.0,0.0
1766147882465931696,AAPL,TRADE,271.2,1,0.0,0.0
1766147882465940668,AAPL,TRADE,271.2,10,0.0,0.0
1766147882465960051,AAPL,QUOTE,0.0,0,271.19,271.39
1766147882466252277,AAPL,TRADE,271.2,1,0.0,0.0
1766147900465928291,AAPL,TRADE,271.21,1,0.0,0.0
1766147916133706606,AAPL,TRADE,271.2,1,0.0,0.0
1766147921232116236,AAPL,TRADE,271.2,5,0.0,0.0
1766147927913647702,AAPL,TRADE,271.22,1,0.0,0.0
1766147933052823767,AAPL,TRADE,271.22,1,0.0,0.0
1766147938164912097,AAPL,TRADE,271.22,1,0.0,0.0
1766147943258101025,AAPL,TRADE,271.22,1,0.0,0.0
1766147946532654347,AAPL,TRADE,271.23,1,0.0,0.0
1766147947558888832,AAPL,TRADE,271.24,100,0.0,0.0
1766147947558890424,AAPL,TRADE,271.25,15,0.0,0.0
1766147947558910657,AAPL,QUOTE,0.0,0,271.21,271.39
1766147947558923313,AAPL,QUOTE,0.0,0,271.21,271.39
1766147947558927053,AAPL,QUOTE,0.0,0,271.21,271.39
1766147947558940013,AAPL,QUOTE,0.0,0,271.19,271.39
1766147947559113618,AAPL,TRADE,271.24,85,0.0,0.0
1766147947559610563,AAPL,TRADE,271.24,9,0.0,0.0
1766147947559663122,AAPL,TRADE,271.24,6,0.0,0.0
1766147947559666078,AAPL,TRADE,271.25,3,0.0,0.0
1766147948365756517,AAPL,TRADE,271.23,40,0.0,0.0
1766147950404776683,AAPL,TRADE,271.22,30,0.0,0.0
1766147963213482059,AAPL,TRADE,271.22,1,0.0,0.0
1766147968305041995,AAPL,TRADE,271.21,1,0.0,0.0
1766147973399971900,AAPL,TRADE,271.22,1,0.0,0.0
1766147978528839833,AAPL,TRADE,271.23,2,0.0,0.0
1766147978529186138,AAPL,TRADE,271.22,1,0.0,0.0
1766147984415088758,AAPL,TRADE,271.22,2,0.0,0.0
1766147984415428301,AAPL,TRADE,271.23,1,0.0,0.0
1766147985701330798,AAPL,TRADE,271.25,1,0.0,0.0
1766147985701388965,AAPL,TRADE,271.25,5,0.0,0.0
1766147990335241377,AAPL,TRADE,271.23,2,0.0,0.0
1766147990335583278,AAPL,TRADE,271.23,1,0.0,0.0
1766147994882811598,AAPL,TRADE,271.27,5,0.0,0.0
1766147994882817127,AAPL,TRADE,271.28,40,0.0,0.0
1766147994882824200,AAPL,TRADE,271.28,100,0.0,0.0
1766147994882827016,AAPL,TRADE,271.29,40,0.0,0.0
1766147994882832271,AAPL,TRADE,271.29,40,0.0,0.0
1766147994882837311,AAPL,TRADE,271.3,82,0.0,0.0
1766147994882837753,AAPL,TRADE,271.28,28,0.0,0.0
1766147994882838208,AAPL,QUOTE,0.0,0,271.19,271.4
1766147994882843032,AAPL,TRADE,271.3,40,0.0,0.0
1766147994882843845,AAPL,TRADE,271.3,6,0.0,0.0
1766147994882844908,AAPL,TRADE,271.3,40,0.0,0.0
1766147994882848002,AAPL,TRADE,271.33,100,0.0,0.0
1766147994882852491,AAPL,TRADE,271.36,5,0.0,0.0
1766147994882859387,AAPL,TRADE,271.3,99,0.0,0.0
1766147994882859435,AAPL,TRADE,271.31,1,0.0,0.0
1766147994882865986,AAPL,TRADE,271.38,48,0.0,0.0
1766147994882890938,AAPL,TRADE,271.31,100,0.0,0.0
1766147994882909258,AAPL,TRADE,271.31,6,0.0,0.0
1766147994882946341,AAPL,TRADE,271.31,40,0.0,0.0
1766147994883019851,AAPL,TRADE,271.33,16,0.0,0.0
1766147994883185304,AAPL,TRADE,271.27,3,0.0,0.0
1766147994883270939,AAPL,TRADE,271.3,2,0.0,0.0
1766147994894606772,AAPL,TRADE,271.31,6,0.0,0.0
1766148022746779972,AAPL,TRADE,271.25,2,0.0,0.0
1766148022747117352,AAPL,TRADE,271.25,1,0.0,0.0
1766148028634399421,AAPL,TRADE,271.25,2,0.0,0.0
1766148028634738436,AAPL,TRADE,271.25,1,0.0,0.0
1766148034559103290,AAPL,TRADE,271.25,40,0.0,0.0
1766148034559108582,AAPL,TRADE,271.25,30,0.0,0.0
1766148034559112864,AAPL,TRADE,271.24,8,0.0,0.0
1766148034559435145,AAPL,TRADE,271.27,1,0.0,0.0
1766148038022327567,AAPL,TRADE,271.23,2,0.0,0.0
1766148038022562756,AAPL,TRADE,271.23,98,0.0,0.0
1766148040249498523,AAPL,TRADE,271.31,2,0.0,0.0
1766148040249499085,AAPL,TRADE,271.31,8,0.0,0.0
1766148043962347910,AAPL,TRADE,271.24,40,0.0,0.0
1766148043962351065,AAPL,TRADE,271.24,38,0.0,0.0
1766148043962707598,AAPL,TRADE,271.24,1,0.0,0.0
1766148062389511975,AAPL,QUOTE,0.0,0,271.24,271.4
1766148065276817602,AAPL,TRADE,271.25,24,0.0,0.0
1766148065276818833,AAPL,TRADE,271.25,100,0.0,0.0
1766148065276820029,AAPL,TRADE,271.24,16,0.0,0.0
1766148065276846157,AAPL,QUOTE,0.0,0,271.19,271.4
1766148066762445668,AAPL,TRADE,271.24,6,0.0,0.0
1766148078253312081,AAPL,TRADE,271.29,1,0.0,0.0
1766148079936995814,AAPL,QUOTE,0.0,0,271.24,271.4
1766148085182425878,AAPL,TRADE,271.24,78,0.0,0.0
1766148085182426942,AAPL,TRADE,271.24,31,0.0,0.0
1766148085182428015,AAPL,QUOTE,0.0,0,271.2,271.4
1766148085182428297,AAPL,TRADE,271.24,17,0.0,0.0
1766148085182449106,AAPL,QUOTE,0.0,0,271.2,271.28
1766148085182460733,AAPL,QUOTE,0.0,0,271.2,271.28
1766148085182470883,AAPL,QUOTE,0.0,0,271.2,271.28
1766148085182491326,AAPL,QUOTE,0.0,0,271.2,271.28
1766148085182503280,AAPL,QUOTE,0.0,0,271.2,271.28
1766148085182518508,AAPL,QUOTE,0.0,0,271.2,271.31
1766148085182595918,AAPL,QUOTE,0.0,0,271.2,271.4
1766148085183221042,AAPL,QUOTE,0.0,0,271.2,271.4
1766148086054883276,AAPL,TRADE,271.27,25,0.0,0.0
1766148110808507330,AAPL,TRADE,271.27,1,0.0,0.0
1766148120579714755,AAPL,QUOTE,0.0,0,271.2,271.4
1766148133902084979,AAPL,TRADE,271.31,17,0.0,0.0
1766148133902086158,AAPL,TRADE,271.32,1,0.0,0.0
1766148135008963429,AAPL,TRADE,271.21,40,0.0,0.0
1766148135008968403,AAPL,TRADE,271.2,2,0.0,0.0
1766148135008974023,AAPL,TRADE,271.2,2,0.0,0.0
1766148135009323632,AAPL,TRADE,271.23,40,0.0,0.0
1766148135009325701,AAPL,TRADE,271.22,103,0.0,0.0
1766148135009325744,AAPL,TRADE,271.21,100,0.0,0.0
1766148135009327889,AAPL,TRADE,271.21,3,0.0,0.0
1766148135009328635,AAPL,QUOTE,0.0,0,271.2,271.4
1766148135009330055,AAPL,TRADE,271.21,40,0.0,0.0
1766148135009333086,AAPL,TRADE,271.2,1,0.0,0.0
1766148135009333129,AAPL,TRADE,271.2,78,0.0,0.0
1766148135350544877,AAPL,QUOTE,0.0,0,271.2,271.4
1766148135667497069,AAPL,QUOTE,0.0,0,271.2,271.4
1766148139293889213,AAPL,TRADE,271.2,40,0.0,0.0
1766148139294252731,AAPL,TRADE,271.2,200,0.0,0.0
1766148139294254200,AAPL,TRADE,271.2,22,0.0,0.0
1766148139294254736,AAPL,QUOTE,0.0,0,271.19,271.4
1766148139294530352,AAPL,QUOTE,0.0,0,271.2,271.4
1766148139294568682,AAPL,TRADE,271.22,25,0.0,0.0
1766148139294620895,AAPL,TRADE,271.22,15,0.0,0.0
1766148148687244018,AAPL,TRADE,271.24,99,0.0,0.0
1766148148687265017,AAPL,QUOTE,0.0,0,271.2,271.28
1766148148687285365,AAPL,QUOTE,0.0,0,271.2,271.31
1766148148687302000,AAPL,QUOTE,0.0,0,271.2,271.31
1766148148687306906,AAPL,QUOTE,0.0,0,271.2,271.4
1766148150623435757,AAPL,TRADE,271.25,40,0.0,0.0
1766148150623437222,AAPL,TRADE,271.27,40,0.0,0.0
1766148150623438399,AAPL,TRADE,271.27,17,0.0,0.0
1766148150623858197,AAPL,TRADE,271.24,3,0.0,0.0
1766148161251866346,AAPL,TRADE,271.21,4,0.0,0.0
1766148176400336573,AAPL,TRADE,271.24,1,0.0,0.0
1766148177013892964,AAPL,TRADE,271.23,1,0.0,0.0
1766148180315957918,AAPL,TRADE,271.24,7,0.0,0.0
1766148185713339399,AAPL,TRADE,271.2,1,0.0,0.0
1766148185713342958,AAPL,TRADE,271.21,40,0.0,0.0
1766148185713346295,AAPL,TRADE,271.2,165,0.0,0.0
1766148185713347591,AAPL,QUOTE,0.0,0,271.19,271.4
1766148185713470726,AAPL,TRADE,271.2,3,0.0,0.0
1766148185713675697,AAPL,TRADE,271.21,2,0.0,0.0
1766148185714071295,AAPL,QUOTE,0.0,0,271.2,271.4
1766148190734647941,AAPL,QUOTE,0.0,0,271.2,271.33
1766148190777213507,AAPL,QUOTE,0.0,0,271.2,271.4
1766148192593686646,AAPL,QUOTE,0.0,0,271.2,271.31
1766148214213048496,AAPL,TRADE,271.22,20,0.0,0.0
1766148214213049740,AAPL,TRADE,271.22,5,0.0,0.0
1766148214213099096,AAPL,QUOTE,0.0,0,271.2,271.26
1766148214213150755,AAPL,QUOTE,0.0,0,271.2,271.31
1766148222001929658,AAPL,QUOTE,0.0,0,271.2,271.4
1766148227338057155,AAPL,TRADE,271.22,1,0.0,0.0
1766148227338246557,AAPL,TRADE,271.2,5,0.0,0.0
1766148227338608764,AAPL,TRADE,271.2,2,0.0,0.0
1766148227338610115,AAPL,TRADE,271.2,200,0.0,0.0
1766148227338610439,AAPL,QUOTE,0.0,0,271.19,271.4
1766148227338686954,AAPL,QUOTE,0.0,0,271.19,271.25
1766148227338865628,AAPL,TRADE,271.2,22,0.0,0.0
1766148227338868562,AAPL,TRADE,271.2,30,0.0,0.0
1766148227338870753,AAPL,TRADE,271.2,40,0.0,0.0
1766148227338872551,AAPL,TRADE,271.2,3,0.0,0.0
1766148227338873864,AAPL,TRADE,271.2,5,0.0,0.0
1766148227338877807,AAPL,TRADE,271.19,12,0.0,0.0
1766148227338877850,AAPL,TRADE,271.19,1,0.0,0.0
1766148227338880940,AAPL,TRADE,271.19,4,0.0,0.0
1766148227338880990,AAPL,TRADE,271.19,5,0.0,0.0
1766148227338902364,AAPL,QUOTE,0.0,0,271.19,271.2
1766148227338960682,AAPL,TRADE,271.19,1,0.0,0.0
1766148227339237301,AAPL,TRADE,271.2,40,0.0,0.0
1766148227339261722,AAPL,TRADE,271.2,15,0.0,0.0
1766148227339264687,AAPL,TRADE,271.2,45,0.0,0.0
1766148227339266033,AAPL,TRADE,271.19,40,0.0,0.0
1766148227339266059,AAPL,QUOTE,0.0,0,271.16,271.2
1766148227339301742,AAPL,TRADE,271.19,60,0.0,0.0
1766148227339303989,AAPL,QUOTE,0.0,0,271.05,271.2
1766148227339303995,AAPL,TRADE,271.19,1,0.0,0.0
1766148227339304046,AAPL,TRADE,271.19,2,0.0,0.0
1766148227339304152,AAPL,TRADE,271.19,1,0.0,0.0
1766148227339309200,AAPL,TRADE,271.17,5,0.0,0.0
1766148227339311386,AAPL,TRADE,271.17,1,0.0,0.0
1766148227339319572,AAPL,TRADE,271.2,55,0.0,0.0
1766148227339320726,AAPL,TRADE,271.2,100,0.0,0.0
1766148227339321490,AAPL,QUOTE,0.0,0,271.12,271.2
1766148227339344483,AAPL,TRADE,271.2,4,0.0,0.0
1766148227339345273,AAPL,QUOTE,0.0,0,271.08,271.2
1766148227339345582,AAPL,TRADE,271.2,25,0.0,0.0
1766148227339359390,AAPL,TRADE,271.2,16,0.0,0.0
1766148227339359706,AAPL,QUOTE,0.0,0,271.05,271.2
1766148227339414304,AAPL,QUOTE,0.0,0,271.05,271.2
1766148227339418106,AAPL,TRADE,271.16,1,0.0,0.0
1766148227339422145,AAPL,TRADE,271.16,1,0.0,0.0
1766148227339422201,AAPL,TRADE,271.16,1,0.0,0.0
1766148227339422389,AAPL,TRADE,271.16,43,0.0,0.0
1766148227340077080,AAPL,TRADE,271.16,7,0.0,0.0
1766148227340077153,AAPL,TRADE,271.16,1,0.0,0.0
1766148227342656666,AAPL,TRADE,271.19,100,0.0,0.0
1766148227342658605,AAPL,TRADE,271.19,100,0.0,0.0
1766148227342659901,AAPL,TRADE,271.19,100,0.0,0.0
1766148227342715016,AAPL,QUOTE,0.0,0,271.05,271.2
1766148227343047752,AAPL,TRADE,271.18,100,0.0,0.0
1766148227343049225,AAPL,TRADE,271.19,40,0.0,0.0
1766148227343401390,AAPL,TRADE,271.19,20,0.0,0.0
1766148227343599444,AAPL,TRADE,271.19,20,0.0,0.0
1766148259670956189,AAPL,QUOTE,0.0,0,271.05,271.32
1766148259671321095,AAPL,TRADE,271.18,40,0.0,0.0
1766148259673207398,AAPL,QUOTE,0.0,0,271.05,271.33
1766148265636084655,AAPL,TRADE,271.17,22,0.0,0.0
1766148265643521604,AAPL,TRADE,271.16,20,0.0,0.0
1766148265643634018,AAPL,TRADE,271.16,20,0.0,0.0
1766148265643668744,AAPL,TRADE,271.16,35,0.0,0.0
1766148265643928980,AAPL,TRADE,271.16,40,0.0,0.0
1766148265643931161,AAPL,TRADE,271.16,17,0.0,0.0
1766148265647104439,AAPL,TRADE,271.14,2,0.0,0.0
1766148265647169771,AAPL,TRADE,271.15,10,0.0,0.0
1766148265647171544,AAPL,QUOTE,0.0,0,271.03,271.33
1766148265647175007,AAPL,TRADE,271.14,18,0.0,0.0
1766148265647178820,AAPL,QUOTE,0.0,0,271.02,271.33
1766148265647179044,AAPL,TRADE,271.14,10,0.0,0.0
1766148265647296675,AAPL,TRADE,271.14,13,0.0,0.0
1766148265647564154,AAPL,TRADE,271.14,57,0.0,0.0
1766148265648264473,AAPL,TRADE,271.14,22,0.0,0.0
1766148265836266723,AAPL,QUOTE,0.0,0,271.05,271.33
1766148270013038796,AAPL,TRADE,271.17,40,0.0,0.0
1766148271893678661,AAPL,TRADE,271.15,20,0.0,0.0
1766148271894167841,AAPL,TRADE,271.16,40,0.0,0.0
1766148273654531045,AAPL,TRADE,271.15,100,0.0,0.0
1766148273654531239,AAPL,QUOTE,0.0,0,271.05,271.15
1766148273654553113,AAPL,TRADE,271.15,100,0.0,0.0
1766148273654554632,AAPL,QUOTE,0.0,0,271.05,271.33
1766148273654565433,AAPL,QUOTE,0.0,0,271.05,271.4
1766148273654941856,AAPL,QUOTE,0.0,0,271.02,271.4
1766148273656501431,AAPL,QUOTE,0.0,0,271.05,271.4
1766148276214266478,AAPL,TRADE,271.19,1,0.0,0.0
1766148276741411848,AAPL,TRADE,271.19,25,0.0,0.0
1766148276741740976,AAPL,TRADE,271.19,100,0.0,0.0
1766148277744600201,AAPL,TRADE,271.19,55,0.0,0.0
1766148279001321951,AAPL,TRADE,271.2,40,0.0,0.0
1766148279001355144,AAPL,TRADE,271.2,40,0.0,0.0
1766148282081909577,AAPL,TRADE,271.2,40,0.0,0.0
1766148282081913211,AAPL,TRADE,271.2,40,0.0,0.0
1766148282081914543,AAPL,TRADE,271.2,40,0.0,0.0
1766148282081916196,AAPL,TRADE,271.2,20,0.0,0.0
1766148282081937882,AAPL,TRADE,271.25,5,0.0,0.0
1766148282081943398,AAPL,TRADE,271.25,39,0.0,0.0
1766148284825883125,AAPL,TRADE,271.21,1,0.0,0.0
1766148289935694349,AAPL,TRADE,271.19,1,0.0,0.0
1766148295045738764,AAPL,TRADE,271.21,1,0.0,0.0
